Timestamp,PV(W),SOC(%),Battery(W),Meter(W),Load(W),MPP1(A),MPP2(A),MPP1(V),MPP2(V),IT1(Â°C),AVG,Difference
2025-03-05 00:00:00,0.0,47.75,15824.54,-44.0,15868.54,0.0,0.0,0.0,0.0,35.358333333333334,0.0,0.0
2025-03-05 01:00:00,0.0,43.833333333333336,15995.5,-45.0,16040.5,0.0,0.0,0.0,0.0,34.31666666666667,0.0,0.0
2025-03-05 02:00:00,0.0,40.083333333333336,15586.5,-101.0,15687.5,0.0,0.0,0.0,0.0,33.43333333333333,0.0,0.0
2025-03-05 03:00:00,0.0,36.25,15538.56,-23.0,15561.56,0.0,0.0,0.0,0.0,32.9,0.0,0.0
2025-03-05 04:00:00,0.0,32.5,15525.49,-134.0,15659.49,0.0,0.0,0.0,0.0,32.43333333333333,0.0,0.0
2025-03-05 05:00:00,12.38,28.58333333333333,16735.88,-142.0,16890.26,0.0,0.0,0.0,0.0,32.475,0.0,-12.38
2025-03-05 06:00:00,1270.94,24.25,18529.94,-1051.0,20851.88,0.0166666666666666,0.1083333333333333,268.81666666666666,325.55,33.15,213.52588235294124,-1057.414117647059
2025-03-05 07:00:00,23091.22,20.5,12256.89,-1273.0,36621.11,0.5416666666666666,0.4083333333333334,396.575,461.4583333333333,35.775,4082.1982352941172,-19009.021764705885
2025-03-05 08:00:00,81448.52,24.08333333333333,-53303.83,-1604.0,29748.69,1.025,3.625,399.5916666666667,444.44166666666666,43.23333333333333,7568.299411764707,-73880.2205882353
2025-03-05 09:00:00,111223.5,39.333333333333336,-83682.85,-1054.0,28594.65,1.2333333333333334,7.899999999999999,406.575,431.0333333333333,46.325,8445.902352941177,-102777.59764705882
2025-03-05 10:00:00,128582.5,58.16666666666666,-96240.38,-2092.0,34434.12,2.441666666666667,10.65,407.3416666666667,413.925,46.65,7729.967058823529,-120852.53294117647
2025-03-05 11:00:00,138537.83000000002,81.66666666666667,-112109.38,-1417.0,27845.45,6.166666666666667,11.25,414.4333333333333,412.9583333333333,47.208333333333336,9793.863529411767,-128743.96647058825
2025-03-05 12:00:00,123357.11,100.0,75.06,42376.0,81056.17,8.116666666666667,9.891666666666667,427.6333333333334,423.625,45.2,8805.351176470589,-114551.75882352941
2025-03-05 13:00:00,165521.26,98.33333333333331,0.0,46732.0,118789.26,14.358333333333334,12.558333333333332,403.1833333333333,402.5333333333333,48.26666666666667,7774.236470588235,-157747.0235294118
2025-03-05 14:00:00,136413.61,98.0,0.0,59386.0,77027.61,14.8,10.458333333333334,403.8083333333333,411.575,47.60833333333333,5772.366470588235,-130641.24352941175
2025-03-05 15:00:00,25702.39,98.0,0.0,-415.0,26117.39,0.6333333333333333,3.933333333333333,461.825,467.625,40.84166666666667,4109.675882352942,-21592.714117647058
2025-03-05 16:00:00,21481.76,98.0,223.11,-185.0,21889.87,0.7333333333333334,3.091666666666667,443.1833333333333,455.0916666666667,40.458333333333336,1553.6564705882352,-19928.103529411765
2025-03-05 17:00:00,6823.59,95.83333333333331,23255.9,-700.0,30779.49,0.7166666666666667,0.3916666666666666,383.5416666666667,400.8083333333333,39.71666666666667,0.0,-6823.59
2025-03-05 18:00:00,317.87,88.08333333333333,53403.27,-656.0,54377.14,0.0083333333333333,0.0666666666666666,228.14166666666665,220.6916666666667,36.875,0.0,-317.87
2025-03-05 19:00:00,0.0,0.0,0.0,0.0,0.0,0.0,0.0,0.0,0.0,0.0,0.0,0.0
2025-03-05 20:00:00,0.0,0.0,0.0,0.0,0.0,0.0,0.0,0.0,0.0,0.0,0.0,0.0
2025-03-05 21:00:00,0.0,0.0,0.0,0.0,0.0,0.0,0.0,0.0,0.0,0.0,0.0,0.0
2025-03-05 22:00:00,0.0,0.0,0.0,0.0,0.0,0.0,0.0,0.0,0.0,0.0,0.0,0.0
2025-03-05 23:00:00,0.0,0.0,0.0,0.0,0.0,0.0,0.0,0.0,0.0,0.0,0.0,0.0
2025-03-06 00:00:00,0.0,0.0,0.0,0.0,0.0,0.0,0.0,0.0,0.0,0.0,0.0,0.0
2025-03-06 01:00:00,0.0,9.416666666666666,3724.19,11.0,3713.19,0.0,0.0,0.0,0.0,5.808333333333333,0.0,0.0
2025-03-06 02:00:00,0.0,34.583333333333336,16153.39,-68.0,16221.39,0.0,0.0,0.0,0.0,35.05833333333333,0.0,0.0
2025-03-06 03:00:00,0.0,30.08333333333333,14981.35,-128.0,15109.35,0.0,0.0,0.0,0.0,34.541666666666664,0.0,0.0
2025-03-06 04:00:00,0.0,25.416666666666668,22529.97,-41.0,22570.97,0.0,0.0,0.0,0.0,34.38333333333333,0.0,0.0
2025-03-06 05:00:00,0.0,19.75,30461.22,-75.0,30536.22,0.0,0.0,0.0,0.0,35.416666666666664,0.0,0.0
2025-03-06 06:00:00,1543.07,14.0,19584.23,-988.0,22115.3,0.0333333333333333,0.1,277.06666666666666,343.2416666666666,35.791666666666664,245.61411764705886,-1297.455882352941
2025-03-06 07:00:00,24022.32,9.833333333333334,1225.6099999999997,-1413.0,26660.93,0.6083333333333333,0.4583333333333333,393.0083333333334,460.6666666666667,37.458333333333336,3941.127058823529,-20081.192941176472
2025-03-06 08:00:00,82910.27,16.0,-58899.64,-1032.0,25042.63,1.1,4.133333333333334,402.8083333333333,427.9083333333333,43.60833333333333,7604.381176470589,-75305.88882352941
2025-03-06 09:00:00,111346.99,32.416666666666664,-87422.0,1185.0,22739.99,1.35,7.866666666666667,406.2583333333334,426.5833333333333,46.04166666666666,9451.431764705882,-101895.55823529413
2025-03-06 10:00:00,133838.44,53.16666666666666,-108986.11,-1636.0,26488.33,2.975,10.491666666666667,416.025,415.2916666666667,46.75833333333333,9710.70882352941,-124127.7311764706
2025-03-06 11:00:00,154569.27,78.58333333333333,-126499.31,-972.0,29041.96,6.95,12.058333333333332,414.5833333333333,407.01666666666665,47.86666666666667,10194.124117647058,-144375.14588235292
2025-03-06 12:00:00,32760.1,100.0,-1532.8,556.0,30671.3,2.033333333333333,3.85,464.1666666666667,465.0833333333333,41.24166666666667,8329.351176470589,-24430.748823529408
2025-03-06 13:00:00,21494.83,98.5,-37.35,-715.0,22172.48,0.8083333333333332,3.0583333333333336,463.55,464.2083333333333,40.5,8273.33,-13221.500000000002
2025-03-06 14:00:00,18159.88,98.0,0.0,-546.0,18705.88,0.2833333333333333,2.975,462.8333333333333,464.9,39.05,6957.02705882353,-11202.852941176472
2025-03-06 15:00:00,20230.87,98.0,0.0,-604.0,20834.87,0.375,3.2583333333333333,460.2166666666667,465.8083333333333,38.34166666666667,4229.1882352941175,-16001.681764705882
2025-03-06 16:00:00,27954.82,98.0,1711.42,-1009.0,30675.24,2.1,3.075,432.6,446.8416666666667,38.975,1621.9817647058821,-26332.83823529412
2025-03-06 17:00:00,8304.6,96.66666666666669,12110.48,-337.0,20752.08,0.95,0.4833333333333333,376.60833333333335,410.7,39.891666666666666,0.0,-8304.6
2025-03-06 18:00:00,347.26,91.58333333333331,24211.02,-1560.0,26118.28,0.0083333333333333,0.075,221.34166666666667,212.8083333333333,38.458333333333336,0.0,-347.26
2025-03-06 19:00:00,0.0,84.25,31378.68,-536.0,31914.68,0.0,0.0,0.0,0.0,38.41666666666666,0.0,0.0
2025-03-06 20:00:00,0.0,76.33333333333333,31410.68,-2220.0,33630.68,0.0,0.0,0.0,0.0,38.75,0.0,0.0
2025-03-06 21:00:00,0.0,68.66666666666667,26886.57,-310.0,27196.57,0.0,0.0,0.0,0.0,38.25,0.0,0.0
2025-03-06 22:00:00,0.0,61.083333333333336,20857.24,-258.0,21115.24,0.0,0.0,0.0,0.0,37.63333333333333,0.0,0.0
2025-03-06 23:00:00,0.0,55.75,14500.15,-105.0,14605.15,0.0,0.0,0.0,0.0,36.0,0.0,0.0
2025-03-07 00:00:00,0.0,52.16666666666666,15469.49,-154.0,15623.49,0.0,0.0,0.0,0.0,34.99166666666667,0.0,0.0
2025-03-07 01:00:00,0.0,48.41666666666666,15023.91,-63.0,15086.91,0.0,0.0,0.0,0.0,34.34166666666667,0.0,0.0
2025-03-07 02:00:00,0.0,44.5,14723.96,-72.0,14795.96,0.0,0.0,0.0,0.0,33.99166666666667,0.0,0.0
2025-03-07 03:00:00,0.0,40.333333333333336,14926.44,-135.0,15061.44,0.0,0.0,0.0,0.0,34.15833333333333,0.0,0.0
2025-03-07 04:00:00,0.0,36.5,15181.29,-103.0,15284.29,0.0,0.0,0.0,0.0,33.708333333333336,0.0,0.0
2025-03-07 05:00:00,0.0,32.0,18818.82,-100.0,18918.82,0.0,0.0,0.0,0.0,34.19166666666667,0.0,0.0
2025-03-07 06:00:00,1517.55,27.75,15946.55,-985.0,18449.1,0.025,0.125,281.89166666666665,340.2083333333333,34.36666666666667,290.8988235294118,-1226.651176470588
2025-03-07 07:00:00,22205.75,24.5,-250.25999999999976,-1172.0,23127.49,0.6833333333333332,0.625,396.31666666666666,453.3,36.73333333333333,3807.472352941176,-18398.277647058825
2025-03-07 08:00:00,76177.42,29.916666666666668,-53268.65,-2554.0,25462.77,1.325,3.683333333333333,405.7166666666667,438.2583333333334,43.425,8487.712941176473,-67689.70705882352
2025-03-07 09:00:00,108120.54,44.66666666666666,-84595.79,-1506.0,25030.75,1.7666666666666666,7.491666666666667,407.7416666666666,426.2,46.45,11499.085882352942,-96621.45411764705
2025-03-07 10:00:00,132541.94,64.5,-84782.26,-843.0,48602.68,3.3833333333333333,10.2,409.25,414.01666666666665,47.11666666666667,11700.0,-120841.94
2025-03-07 11:00:00,155214.71,76.08333333333333,-36317.98,-661.0,119557.73,7.208333333333333,11.916666666666666,409.3833333333334,404.7416666666666,48.0,11354.42,-143860.28999999998
2025-03-07 12:00:00,162398.85,85.58333333333333,-48730.19,-4152.0,117820.66,11.35,12.541666666666666,404.19166666666666,401.0583333333333,48.6,10054.704117647061,-152344.14588235295
2025-03-07 13:00:00,162232.32,98.16666666666669,6586.43,672.0,168146.75,14.291666666666666,12.125,399.64166666666665,399.6666666666667,49.1,11690.466470588235,-150541.85352941178
2025-03-07 14:00:00,140081.64,98.41666666666669,-11413.9,4828.0,123839.74,15.241666666666667,10.491666666666667,396.39166666666665,403.875,48.13333333333333,9855.61588235294,-130226.02411764707
2025-03-07 15:00:00,116262.83,99.83333333333331,6821.200000000001,1834.0,121250.03,14.625,8.1,395.6833333333333,411.6,47.458333333333336,6536.358823529413,-109726.47117647059
2025-03-07 16:00:00,59618.65,97.16666666666669,-6099.01,8254.0,45265.64,7.649999999999999,4.05,407.98333333333335,433.4583333333333,44.333333333333336,2524.7905882352943,-57093.85941176471
2025-03-07 17:00:00,11180.73,93.91666666666669,24721.15,-1093.0,36994.88,1.425,0.5833333333333334,373.39166666666665,421.775,42.875,0.0,-11180.73
2025-03-07 18:00:00,418.52,86.66666666666667,35247.81,-1594.0,37260.33,0.0083333333333333,0.075,226.09166666666667,248.51666666666665,43.06666666666666,0.0,-418.52
2025-03-07 19:00:00,0.0,77.91666666666667,25301.14,-585.0,25886.14,0.0,0.0,0.0,0.0,42.16666666666666,0.0,0.0
2025-03-07 20:00:00,0.0,69.16666666666667,38397.93,-814.0,39211.93,0.0,0.0,0.0,0.0,42.65,0.0,0.0
2025-03-07 21:00:00,0.0,60.41666666666666,37410.35,-134.0,37544.35,0.0,0.0,0.0,0.0,42.3,0.0,0.0
2025-03-07 22:00:00,0.0,52.41666666666666,23281.94,-418.0,23699.94,0.0,0.0,0.0,0.0,41.5,0.0,0.0
2025-03-07 23:00:00,0.0,46.0,21721.58,-90.0,21811.58,0.0,0.0,0.0,0.0,40.85833333333333,0.0,0.0
2025-03-08 00:00:00,0.0,41.0,24148.92,-86.0,24234.92,0.0,0.0,0.0,0.0,39.43333333333333,0.0,0.0
2025-03-08 01:00:00,0.0,36.16666666666666,24022.99,23.0,23999.99,0.0,0.0,0.0,0.0,38.68333333333333,0.0,0.0
2025-03-08 02:00:00,0.0,31.58333333333333,15863.9,-121.0,15984.9,0.0,0.0,0.0,0.0,37.71666666666667,0.0,0.0
2025-03-08 03:00:00,0.0,27.0,23240.96,-115.0,23355.96,0.0,0.0,0.0,0.0,37.125,0.0,0.0
2025-03-08 04:00:00,0.0,22.25,16734.4,-151.0,16885.4,0.0,0.0,0.0,0.0,37.075,0.0,0.0
2025-03-08 05:00:00,12.56,17.5,24649.22,-133.0,24794.78,0.0,0.0083333333333333,9.975,10.466666666666669,37.04166666666666,0.0,-12.56
2025-03-08 06:00:00,1639.03,12.833333333333334,23541.56,-122.0,25302.59,0.0333333333333333,0.125,283.7,332.8583333333333,36.875,593.9994117647059,-1045.030588235294
2025-03-08 07:00:00,24181.28,9.083333333333334,625.3100000000004,-1240.0,26046.59,0.6583333333333333,0.5416666666666666,392.8083333333333,464.2916666666667,39.583333333333336,5477.698823529413,-18703.581176470587
2025-03-08 08:00:00,81892.79000000001,13.75,-49866.37,-689.0,32715.42,1.2166666666666666,4.216666666666667,401.5416666666667,420.05,45.06666666666666,10856.37705882353,-71036.41294117647
2025-03-08 09:00:00,102935.81,28.08333333333333,-70861.32,-1368.0,33442.49,1.491666666666667,7.125,410.3,438.575,46.8,14618.324117647058,-88317.48588235294
2025-03-08 10:00:00,133566.15,45.16666666666666,-95644.68,-4321.0,42242.47,3.3833333333333333,10.283333333333331,408.3333333333333,414.5416666666667,47.34166666666667,16296.689411764708,-117269.46058823529
2025-03-08 11:00:00,158886.36000000002,67.75,-110414.67,-1748.0,50219.69,7.266666666666667,12.191666666666668,414.0083333333334,399.73333333333335,48.083333333333336,15950.748235294119,-142935.61176470589
2025-03-08 12:00:00,173086.09,94.41666666666669,-58164.59,70354.0,44567.5,11.775,13.016666666666666,403.5083333333334,402.0416666666667,48.73333333333333,14478.92294117647,-158607.1670588235
2025-03-08 13:00:00,168866.71,99.33333333333331,-74.7,45792.0,123000.01,14.941666666666668,12.708333333333334,399.1,399.45,48.95,12765.732941176473,-156100.9770588235
2025-03-08 14:00:00,149084.68,98.0,-37.33,92498.0,56549.35,16.433333333333334,11.283333333333331,397.0916666666667,402.4333333333333,48.46666666666667,10413.861764705882,-138670.8182352941
2025-03-08 15:00:00,125527.91,98.0,-37.31,100458.0,25032.6,16.108333333333334,8.883333333333333,394.9583333333333,410.4083333333333,47.24166666666667,7108.042352941177,-118419.86764705883
2025-03-08 16:00:00,82699.56,98.0,-74.62,57385.0,25239.94,12.108333333333334,4.808333333333334,372.2416666666666,422.125,45.36666666666667,2541.3447058823535,-80158.21529411765
2025-03-08 17:00:00,9921.27,96.66666666666669,17911.84,-753.0,28586.11,1.3083333333333331,0.5666666666666667,363.1833333333333,409.775,40.75833333333333,0.0,-9921.27
2025-03-08 18:00:00,458.1,89.83333333333333,27313.72,-1198.0,28969.82,0.0166666666666666,0.0833333333333333,248.15833333333333,248.33333333333331,41.15833333333333,0.0,-458.1
2025-03-08 19:00:00,0.0,81.91666666666667,35028.8,385.0,34643.8,0.0,0.0,0.0,0.0,41.25,0.0,0.0
2025-03-08 20:00:00,0.0,74.0,31642.87,-824.0,32466.87,0.0,0.0,0.0,0.0,42.025,0.0,0.0
2025-03-08 21:00:00,0.0,66.25,26014.63,-74.0,26088.63,0.0,0.0,0.0,0.0,41.125,0.0,0.0
2025-03-08 22:00:00,0.0,59.0,20490.39,-62.0,20552.39,0.0,0.0,0.0,0.0,39.84166666666667,0.0,0.0
2025-03-08 23:00:00,0.0,55.0,15188.43,58.0,15130.43,0.0,0.0,0.0,0.0,37.71666666666667,0.0,0.0
2025-03-09 00:00:00,0.0,51.25,15251.83,-142.0,15393.83,0.0,0.0,0.0,0.0,36.708333333333336,0.0,0.0
2025-03-09 01:00:00,0.0,47.5,15279.14,-241.0,15520.14,0.0,0.0,0.0,0.0,36.05833333333333,0.0,0.0
2025-03-09 02:00:00,0.0,43.66666666666666,14833.9,-171.0,15004.9,0.0,0.0,0.0,0.0,35.6,0.0,0.0
2025-03-09 03:00:00,0.0,39.833333333333336,15079.84,-135.0,15214.84,0.0,0.0,0.0,0.0,35.233333333333334,0.0,0.0
2025-03-09 04:00:00,0.0,36.083333333333336,15941.16,-169.0,16110.16,0.0,0.0,0.0,0.0,35.1,0.0,0.0
2025-03-09 05:00:00,0.0,28.666666666666668,56170.34,-285.0,56455.34,0.0,0.0,10.916666666666666,11.566666666666668,39.73333333333333,0.0,0.0
2025-03-09 06:00:00,2544.8,18.08333333333333,19881.51,-1210.0,23636.31,0.0583333333333333,0.1416666666666666,303.35,348.68333333333334,41.15,356.1952941176471,-2188.6047058823533
2025-03-09 07:00:00,26549.97,15.583333333333334,-967.61,-2678.0,28260.36,0.775,0.7000000000000001,395.7416666666666,461.64166666666665,41.225,4075.4888235294115,-22474.48117647059
2025-03-09 08:00:00,70766.70999999999,20.33333333333333,-46800.7,-1502.0,25468.01,1.3083333333333331,3.583333333333333,403.025,416.98333333333335,44.75,8572.058235294118,-62194.65176470587
2025-03-09 09:00:00,110820.45,34.5,-81468.58,-2144.0,31495.870000000003,1.6416666666666666,7.608333333333333,402.4916666666666,427.0416666666667,46.90833333333333,10145.585882352942,-100674.86411764706
2025-03-09 10:00:00,129877.53,51.66666666666666,-88533.81,-2726.0,44069.72,3.3666666666666667,9.908333333333331,407.8833333333334,414.76666666666665,47.29166666666666,12370.685294117648,-117506.84470588235
2025-03-09 11:00:00,156733.7,75.16666666666667,-125642.92,-136.0,31226.78,7.649999999999999,11.675,408.0833333333333,407.3416666666667,48.14166666666667,12490.507058823527,-144243.19294117647
2025-03-09 12:00:00,42251.9,98.83333333333331,-11767.52,-1423.0,31907.38,2.125,4.858333333333333,459.0,460.9333333333333,42.24166666666667,10708.562941176471,-31543.33705882353
2025-03-09 13:00:00,19744.49,98.83333333333331,-37.35,-1258.0,20965.14,0.3083333333333333,3.233333333333333,462.175,465.0,40.025,10902.937647058823,-8841.552352941178
2025-03-09 14:00:00,39612.81,98.0,-74.68,17703.0,21835.13,3.0416666666666665,4.55,446.3666666666666,453.475,40.18333333333333,8758.242941176472,-30854.567058823526
2025-03-09 15:00:00,125376.44,98.0,0.0,99512.0,25864.44,16.349999999999998,8.933333333333334,390.3416666666667,406.4,47.35,6153.029411764705,-119223.4105882353
2025-03-09 16:00:00,81902.39,97.83333333333331,11117.86,50159.0,42861.25,11.95,5.066666666666666,371.94166666666666,396.6666666666667,46.375,2320.3505882352943,-79582.03941176471
2025-03-09 17:00:00,11442.36,89.75,42497.81,156.0,53784.17,1.5083333333333335,0.5833333333333334,378.9,412.5333333333333,44.39166666666667,0.0,-11442.36
2025-03-09 18:00:00,480.1,71.75,113537.1,586.0,113431.2,0.0166666666666666,0.05,211.525,245.15833333333333,45.45,0.0,-480.1
2025-03-09 19:00:00,0.0,51.66666666666666,63917.26,53.0,63864.26,0.0,0.0,0.0,0.0,43.525,0.0,0.0
2025-03-09 20:00:00,0.0,41.41666666666666,32071.73,-272.0,32343.73,0.0,0.0,0.0,0.0,40.6,0.0,0.0
2025-03-09 21:00:00,0.0,35.5,24416.54,-1576.0,25992.54,0.0,0.0,0.0,0.0,40.60833333333333,0.0,0.0
2025-03-09 22:00:00,0.0,30.83333333333333,16277.85,-377.0,16654.85,0.0,0.0,0.0,0.0,39.833333333333336,0.0,0.0
2025-03-09 23:00:00,0.0,26.916666666666668,15740.38,-184.0,15924.38,0.0,0.0,0.0,0.0,38.425,0.0,0.0
2025-03-10 00:00:00,0.0,23.166666666666668,15584.28,-162.0,15746.28,0.0,0.0,0.0,0.0,37.55833333333333,0.0,0.0
2025-03-10 01:00:00,0.0,19.416666666666668,14990.8,-155.0,15145.8,0.0,0.0,0.0,0.0,36.775,0.0,0.0
2025-03-10 02:00:00,0.0,15.916666666666666,15116.02,-18.0,15134.02,0.0,0.0,0.0,0.0,36.28333333333333,0.0,0.0
2025-03-10 03:00:00,0.0,13.916666666666666,15145.5,-45.0,15190.5,0.0,0.0,0.0,0.0,35.88333333333333,0.0,0.0
2025-03-10 04:00:00,0.0,9.666666666666666,39132.73,-9742.0,48874.73,0.0,0.0,0.0,0.0,38.90833333333333,0.0,0.0
2025-03-10 05:00:00,14.0,5.0,-71.63,-35806.0,35748.37,0.0,0.0083333333333333,10.741666666666667,11.841666666666669,36.3,0.0,-14.0
2025-03-10 06:00:00,2517.0,5.0,0.0,-22710.0,25227.0,0.0666666666666666,0.1416666666666666,322.7333333333333,360.44166666666666,32.81666666666667,501.84352941176473,-2015.1564705882352
2025-03-10 07:00:00,20746.0,5.0,-647.27,-13055.0,33153.73,0.8416666666666667,0.7000000000000001,395.175,441.31666666666666,34.65833333333333,4387.001764705882,-16358.998235294119
2025-03-10 08:00:00,20829.0,5.0,-143.63,-19693.0,40378.37,1.7416666666666665,1.0,399.7833333333333,417.825,36.68333333333333,6782.473529411764,-14046.526470588236
2025-03-10 09:00:00,38411.0,6.833333333333333,-14869.84,-1360.0,24901.16,3.391666666666667,1.875,408.65,429.7916666666667,40.525,9459.158235294119,-28951.84176470588
2025-03-10 10:00:00,28976.0,8.916666666666666,-4382.6,-5356.0,29949.4,2.6333333333333333,1.4,401.7,423.825,42.775,9275.19,-19700.809999999998
2025-03-10 11:00:00,28212.0,9.166666666666666,-4271.2,-15855.0,39795.8,2.5,1.5166666666666666,408.775,422.0583333333333,42.583333333333336,10856.98,-17355.02
2025-03-10 12:00:00,26518.0,10.75,-5564.07,-2697.0,23650.93,2.2666666666666666,1.2916666666666667,404.76666666666665,424.94166666666666,43.675,11266.65294117647,-15251.34705882353
2025-03-10 13:00:00,38617.0,11.5,-20584.14,-1237.0,19269.86,3.358333333333333,2.033333333333333,400.55,423.2583333333334,42.5,12965.166470588236,-25651.833529411764
2025-03-10 14:00:00,37495.0,17.75,-18900.16,-1090.0,19684.84,3.5,1.7416666666666665,403.8833333333334,429.7833333333333,42.28333333333333,9715.317647058824,-27779.682352941178
2025-03-10 15:00:00,19203.0,18.916666666666668,25.31,-2626.0,21854.31,1.7166666666666668,0.9583333333333334,398.4333333333333,406.1166666666666,40.73333333333333,6716.403529411765,-12486.596470588236
2025-03-10 16:00:00,10576.0,17.25,10088.29,-2183.0,22847.29,0.9166666666666666,0.5666666666666667,390.4583333333333,388.525,40.74166666666667,2518.9247058823526,-8057.075294117647
2025-03-10 17:00:00,6636.0,15.166666666666666,12027.31,-2268.0,20931.31,0.5833333333333334,0.375,377.6,409.69166666666666,40.19166666666666,0.0,-6636.0
2025-03-10 18:00:00,325.0,11.25,21407.51,-1152.0,22884.51,0.0,0.075,216.01666666666665,226.95833333333331,38.8,0.0,-325.0
2025-03-10 19:00:00,0.0,6.0,12876.75,-16562.0,29438.75,0.0,0.0,0.0,0.0,37.825,0.0,0.0
2025-03-10 20:00:00,0.0,5.0,-35.72,-33039.0,33003.28,0.0,0.0,0.0,0.0,33.30833333333333,0.0,0.0
2025-03-10 21:00:00,0.0,5.0,-35.79,-25586.0,25550.21,0.0,0.0,0.0,0.0,31.05,0.0,0.0
2025-03-10 22:00:00,0.0,5.0,-179.01,-20843.0,20663.99,0.0,0.0,0.0,0.0,29.775,0.0,0.0
2025-03-10 23:00:00,0.0,5.0,-143.27,-16794.0,16650.73,0.0,0.0,0.0,0.0,28.825,0.0,0.0
2025-03-11 00:00:00,0.0,5.0,-35.82,-17493.0,17457.18,0.0,0.0,0.0,0.0,28.175,0.0,0.0
2025-03-11 01:00:00,0.0,5.0,-179.14999999999998,-16012.0,15832.85,0.0,0.0,0.0,0.0,27.725,0.0,0.0
2025-03-11 02:00:00,0.0,5.0,-214.98,-16624.0,16409.02,0.0,0.0,0.0,0.0,27.383333333333336,0.0,0.0
2025-03-11 03:00:00,0.0,5.0,-107.49,-16525.0,16417.510000000002,0.0,0.0,0.0,0.0,27.1,0.0,0.0
2025-03-11 04:00:00,0.0,5.0,-143.32,-17378.0,17234.68,0.0,0.0,0.0,0.0,26.866666666666664,0.0,0.0
2025-03-11 05:00:00,29.0,5.0,-394.13,-25724.0,25358.870000000003,0.0,0.0166666666666666,24.666666666666668,24.95,26.633333333333336,0.0,-29.0
2025-03-11 06:00:00,2153.0,5.0,-107.49,-23892.0,25937.51,0.0583333333333333,0.1416666666666666,308.53333333333336,365.7,26.816666666666663,555.3364705882352,-1597.6635294117648
2025-03-11 07:00:00,26404.0,5.25,-8732.22,-3846.0,21517.78,0.9333333333333332,0.8583333333333334,401.8,451.525,30.775,4795.0729411764705,-21608.92705882353
2025-03-11 08:00:00,67761.0,10.416666666666666,-45003.52,-2290.0,25047.48,1.7083333333333333,3.458333333333333,404.6166666666666,442.94166666666666,40.958333333333336,8083.78882352941,-59677.21117647059
2025-03-11 09:00:00,114130.0,24.5,-88198.62,-918.0,26849.38,1.6916666666666669,7.891666666666667,404.575,434.1166666666666,46.46666666666667,10490.77,-103639.23
2025-03-11 10:00:00,143560.0,45.41666666666666,-111262.15,-492.0,32789.85,4.2,10.608333333333333,412.75,418.44166666666666,47.425,12028.874117647056,-131531.12588235294
2025-03-11 11:00:00,162795.0,68.75,-124855.17,-1088.0,39027.83,8.525,12.433333333333332,416.5,410.125,47.99166666666667,13742.337647058821,-149052.66235294117
2025-03-11 12:00:00,114049.0,89.66666666666667,-89014.32,-2370.0,27404.68,8.658333333333333,8.916666666666666,413.0,423.6166666666666,45.31666666666666,13549.014117647062,-100499.98588235294
2025-03-11 13:00:00,32300.0,99.91666666666669,-11970.44,-176.0,20505.56,1.4416666666666669,4.016666666666667,466.9666666666667,469.075,40.91666666666666,13112.36294117647,-19187.63705882353
2025-03-11 14:00:00,20544.0,98.33333333333331,-335.65,-213.0,20421.35,0.475,3.1750000000000003,468.775,472.0416666666667,38.575,8658.773529411765,-11885.226470588235
2025-03-11 15:00:00,18840.0,98.0,-223.69,-102.0,18718.31,0.2583333333333333,3.0416666666666665,467.2,472.475,37.81666666666667,7169.484705882353,-11670.515294117646
2025-03-11 16:00:00,18558.0,98.0,-372.71,-92.0,18277.29,0.75,2.575,448.175,455.8333333333333,37.59166666666667,2436.8352941176468,-16121.164705882353
2025-03-11 17:00:00,9340.0,97.66666666666669,8934.3,-628.0,18902.3,1.1333333333333333,0.425,386.1583333333333,423.6583333333333,37.78333333333333,0.0,-9340.0
2025-03-11 18:00:00,535.0,93.33333333333331,32034.84,-1442.0,34011.84,0.025,0.0916666666666666,244.09166666666667,257.69166666666666,39.175,0.0,-535.0
2025-03-11 19:00:00,0.0,84.83333333333333,26531.03,-274.0,26805.03,0.0,0.0,0.0,0.0,40.708333333333336,0.0,0.0
2025-03-11 20:00:00,0.0,77.08333333333333,24431.77,-55.0,24486.77,0.0,0.0,0.0,0.0,39.958333333333336,0.0,0.0
2025-03-11 21:00:00,0.0,69.25,27980.24,-81.0,28061.24,0.0,0.0,0.0,0.0,39.833333333333336,0.0,0.0
2025-03-11 22:00:00,0.0,61.583333333333336,24897.06,-21.0,24918.06,0.0,0.0,0.0,0.0,38.775,0.0,0.0
2025-03-11 23:00:00,0.0,54.583333333333336,18579.59,-143.0,18722.59,0.0,0.0,0.0,0.0,38.06666666666667,0.0,0.0
2025-03-12 00:00:00,0.0,50.25,16167.52,-147.0,16314.52,0.0,0.0,0.0,0.0,36.516666666666666,0.0,0.0
2025-03-12 01:00:00,0.0,46.5,15357.24,-48.0,15405.24,0.0,0.0,0.0,0.0,35.833333333333336,0.0,0.0
2025-03-12 02:00:00,0.0,42.583333333333336,15495.72,-8.0,15503.72,0.0,0.0,0.0,0.0,35.03333333333333,0.0,0.0
2025-03-12 03:00:00,0.0,38.833333333333336,15521.57,-141.0,15662.57,0.0,0.0,0.0,0.0,34.65,0.0,0.0
2025-03-12 04:00:00,0.0,35.0,15911.43,-144.0,16055.43,0.0,0.0,0.0,0.0,34.65833333333334,0.0,0.0
2025-03-12 05:00:00,30.0,30.58333333333333,20418.23,-18.0,20466.23,0.0,0.0166666666666666,25.791666666666668,25.491666666666664,34.975,0.0,-30.0
2025-03-12 06:00:00,1700.0,25.83333333333333,21309.87,-944.0,23953.87,0.0833333333333333,0.1333333333333333,330.225,349.875,35.61666666666667,628.3752941176472,-1071.6247058823528
2025-03-12 07:00:00,13132.0,22.33333333333333,10575.75,-1730.0,25437.75,1.0,0.65,398.2916666666667,423.4666666666667,36.96666666666666,4609.145882352941,-8522.854117647059
2025-03-12 08:00:00,26978.0,22.25,-7105.06,-950.0,20822.94,2.183333333333333,1.3,407.69166666666666,431.23333333333335,38.21666666666667,7646.225294117648,-19331.77470588235
2025-03-12 09:00:00,25669.0,24.08333333333333,-5213.27,-272.0,20727.73,2.283333333333333,1.2333333333333334,407.75,430.35833333333335,39.725,10604.760588235295,-15064.239411764705
2025-03-12 10:00:00,22406.0,24.916666666666668,2142.54,-2618.0,27166.54,1.975,1.0666666666666669,401.1,423.2166666666667,39.96666666666667,12462.39411764706,-9943.60588235294
2025-03-12 11:00:00,21059.0,22.75,8865.21,-1347.0,31271.21,1.8,1.075,405.0083333333334,430.1666666666667,41.61666666666667,11730.093529411763,-9328.906470588237
2025-03-12 12:00:00,74500.0,25.83333333333333,-51285.5,-1346.0,24560.5,6.291666666666667,3.8666666666666663,417.89166666666665,441.1166666666666,44.5,10764.772941176472,-63735.227058823526
2025-03-12 13:00:00,82272.0,40.41666666666666,-62675.22,-3141.0,22737.78,7.175,4.033333333333333,410.7166666666667,431.675,45.675,11163.831176470589,-71108.16882352941
2025-03-12 14:00:00,42612.0,48.333333333333336,-21164.15,-1406.0,22853.85,4.05,2.075,410.56666666666666,425.4083333333333,41.55,8791.776470588235,-33820.22352941176
2025-03-12 15:00:00,33078.0,50.25,-4309.429999999999,-1358.0,30126.57,3.1833333333333336,1.55,403.325,420.2083333333333,42.775,6114.075294117647,-26963.924705882353
2025-03-12 16:00:00,27631.0,52.16666666666666,-6968.95,-1338.0,22000.05,2.75,1.4666666666666668,410.075,425.4916666666666,44.18333333333334,2581.5688235294115,-25049.43117647059
2025-03-12 17:00:00,6560.0,48.91666666666666,31202.03,-1615.0,39377.03,0.5833333333333334,0.3666666666666667,376.4333333333333,407.39166666666665,43.81666666666666,0.0,-6560.0
2025-03-12 18:00:00,423.0,41.5,27227.27,-817.0,28467.27,0.0083333333333333,0.075,192.85833333333332,227.76666666666665,39.88333333333333,0.0,-423.0
2025-03-12 19:00:00,0.0,35.5,23243.08,-464.0,23707.08,0.0,0.0,0.0,0.0,38.63333333333333,0.0,0.0
2025-03-12 20:00:00,0.0,28.33333333333333,31447.23,91.0,31356.23,0.0,0.0,0.0,0.0,39.11666666666667,0.0,0.0
2025-03-12 21:00:00,0.0,22.666666666666668,24582.49,254.0,24328.49,0.0,0.0,0.0,0.0,38.391666666666666,0.0,0.0
2025-03-12 22:00:00,0.0,17.0,21100.32,-79.0,21179.32,0.0,0.0,0.0,0.0,38.03333333333333,0.0,0.0
2025-03-12 23:00:00,0.0,12.5,17119.39,-94.0,17213.39,0.0,0.0,0.0,0.0,37.16666666666666,0.0,0.0
2025-03-13 00:00:00,0.0,8.583333333333334,16073.55,87.0,15986.55,0.0,0.0,0.0,0.0,33.15833333333333,0.0,0.0
2025-03-13 01:00:00,0.0,5.25,5282.42,-11827.0,17109.420000000002,0.0,0.0,0.0,0.0,34.391666666666666,0.0,0.0
2025-03-13 02:00:00,0.0,5.0,-216.85,-16390.0,16173.15,0.0,0.0,0.0,0.0,31.08333333333333,0.0,0.0
2025-03-13 03:00:00,0.0,5.0,-253.16,-17023.0,16769.84,0.0,0.0,0.0,0.0,29.33333333333333,0.0,0.0
2025-03-13 04:00:00,0.0,5.0,-361.77,-17730.0,17368.23,0.0,0.0,0.0,0.0,28.175,0.0,0.0
2025-03-13 05:00:00,15.0,5.0,-361.8,-50319.0,49972.2,0.0,0.0083333333333333,24.26666666666667,13.058333333333332,27.48333333333333,0.0,-15.0
2025-03-13 06:00:00,949.0,5.0,-578.88,-41459.0,41829.12,0.0416666666666666,0.1166666666666666,314.96666666666664,338.4833333333333,27.258333333333336,609.8800000000001,-339.1199999999999
2025-03-13 07:00:00,8401.0,5.0,-397.98,-18267.0,26270.02,0.7083333333333334,0.4666666666666666,389.1583333333333,411.85,29.058333333333334,4069.8094117647056,-4331.190588235295
2025-03-13 08:00:00,20435.0,5.0,-578.88,-18966.0,38822.12,1.75,0.9833333333333334,400.5833333333333,425.625,32.025,7307.578823529411,-13127.421176470589
2025-03-13 09:00:00,29730.0,5.666666666666667,-5515.39,-3079.0,27293.61,2.625,1.4583333333333333,408.94166666666666,428.275,35.766666666666666,9837.702352941176,-19892.297647058826
2025-03-13 10:00:00,26327.0,7.0,-4414.41,-2538.0,24450.59,2.325,1.2833333333333334,406.4583333333333,427.26666666666665,38.016666666666666,11101.61411764706,-15225.38588235294
2025-03-13 11:00:00,33491.0,7.916666666666667,-6441.61,-2351.0,29400.39,3.0500000000000003,1.675,415.6,431.3833333333334,39.708333333333336,11838.936470588234,-21652.063529411767
2025-03-13 12:00:00,24658.0,9.583333333333334,-6001.13,-2781.0,21437.87,2.15,1.2583333333333335,413.1833333333333,429.225,40.35833333333333,10167.66,-14490.34
2025-03-13 13:00:00,28716.0,11.416666666666666,-9565.9,-1920.0,21070.1,2.4916666666666667,1.325,408.3666666666666,428.48333333333335,40.73333333333333,9297.88705882353,-19418.11294117647
2025-03-13 14:00:00,44023.0,13.083333333333334,-21538.19,-1459.0,23943.81,3.8666666666666663,2.1166666666666667,415.19166666666666,433.4916666666666,42.29166666666666,6821.685294117647,-37201.31470588235
2025-03-13 15:00:00,43576.0,19.166666666666668,-24036.620000000003,-1123.0,20662.38,3.908333333333333,2.075,408.125,426.5083333333334,42.13333333333333,5538.1947058823525,-38037.80529411765
2025-03-13 16:00:00,15700.0,20.83333333333333,3257.54,-2312.0,21269.54,1.3833333333333335,0.7999999999999999,396.85,417.4083333333333,39.891666666666666,1923.2735294117645,-13776.726470588235
2025-03-13 17:00:00,9275.0,19.25,6850.5,-1483.0,17608.5,0.8250000000000001,0.5,394.5083333333334,419.01666666666665,37.86666666666667,0.0,-9275.0
2025-03-13 18:00:00,780.0,16.75,18655.06,-979.0,20414.06,0.0416666666666666,0.1,282.675,292.6083333333333,36.35833333333333,0.0,-780.0
2025-03-13 19:00:00,0.0,12.0,34596.47,576.0,34020.47,0.0,0.0,0.0,0.0,37.79166666666666,0.0,0.0
2025-03-13 20:00:00,0.0,5.416666666666667,24123.75,-68546.0,92669.75,0.0,0.0,0.0,0.0,38.266666666666666,0.0,0.0
2025-03-13 21:00:00,0.0,5.0,-71.56,-28759.0,28687.44,0.0,0.0,0.0,0.0,32.0,0.0,0.0
2025-03-13 22:00:00,0.0,5.0,-143.34,-22978.0,22834.66,0.0,0.0,0.0,0.0,29.575,0.0,0.0
2025-03-13 23:00:00,0.0,5.0,-286.77000000000004,-17673.0,17386.23,0.0,0.0,0.0,0.0,28.066666666666663,0.0,0.0
2025-03-14 00:00:00,0.0,5.0,-107.55,-17470.0,17362.45,0.0,0.0,0.0,0.0,27.166666666666668,0.0,0.0
2025-03-14 01:00:00,0.0,5.0,-179.25,-16494.0,16314.75,0.0,0.0,0.0,0.0,26.6,0.0,0.0
2025-03-14 02:00:00,0.0,5.0,-143.44,-16917.0,16773.56,0.0,0.0,0.0,0.0,26.241666666666664,0.0,0.0
2025-03-14 03:00:00,0.0,5.0,-286.88,-17163.0,16876.12,0.0,0.0,0.0,0.0,25.975,0.0,0.0
2025-03-14 04:00:00,0.0,5.0,-35.86,-17351.0,17315.14,0.0,0.0,0.0,0.0,25.75,0.0,0.0
2025-03-14 05:00:00,29.0,5.0,0.0,-21516.0,21545.0,0.0,0.0166666666666666,27.21666666666667,25.075,25.566666666666663,0.0,-29.0
2025-03-14 06:00:00,683.0,5.0,-107.58,-19252.0,19827.42,0.0083333333333333,0.1,305.93333333333334,342.80833333333334,25.60833333333333,603.4788235294118,-79.52117647058822
2025-03-14 07:00:00,7095.0,5.0,-215.16,-25486.0,32365.84,0.6083333333333334,0.375,388.6333333333334,419.1583333333333,27.2,3617.4505882352933,-3477.5494117647067
2025-03-14 08:00:00,15278.0,5.0,-467.73,-6532.0,21342.27,1.2916666666666667,0.7666666666666666,402.56666666666666,419.2083333333333,29.891666666666666,7868.730588235295,-7409.269411764705
2025-03-14 09:00:00,20755.0,5.0,-2894.82,-2862.0,20722.18,1.8916666666666664,1.1,410.275,429.98333333333335,32.21666666666667,8959.205294117646,-11795.794705882354
2025-03-14 10:00:00,39085.0,7.0,-12717.56,-1110.0,27477.44,3.2916666666666665,1.825,413.475,435.60833333333335,36.9,11059.132352941175,-28025.867647058825
2025-03-14 11:00:00,29020.0,8.666666666666666,-2040.07,-2646.0,29625.93,2.808333333333333,1.575,414.4916666666666,429.7583333333334,40.16666666666666,10663.638235294118,-18356.36176470588
2025-03-14 12:00:00,45644.0,10.833333333333334,-22696.46,-1507.0,24454.54,4.116666666666666,2.066666666666667,407.5916666666667,431.0333333333333,41.65,10503.519411764704,-35140.480588235296
2025-03-14 13:00:00,92627.0,21.166666666666668,-66401.34,407.0,25818.66,8.041666666666666,4.708333333333333,413.425,431.5083333333334,45.6,9082.624705882352,-83544.37529411765
2025-03-14 14:00:00,30304.0,28.416666666666668,-6739.05,-1288.0,24852.95,2.833333333333333,1.3916666666666666,407.9916666666666,424.3666666666666,41.0,8095.781176470588,-22208.218823529412
2025-03-14 15:00:00,24313.0,30.0,-5421.11,-999.0,19890.89,2.2,1.2166666666666666,402.0,423.4916666666666,40.85833333333333,5792.824705882353,-18520.175294117646
2025-03-14 16:00:00,17910.0,30.666666666666668,-299.7600000000002,-3037.0,20647.24,1.5416666666666667,0.9166666666666666,398.6,414.6333333333334,40.00833333333333,2768.614705882353,-15141.385294117646
2025-03-14 17:00:00,2830.0,28.58333333333333,19055.96,-511.0,22396.96,0.1916666666666666,0.1916666666666666,371.65,411.94166666666666,38.53333333333333,0.0,-2830.0
2025-03-14 18:00:00,404.0,22.25,28506.6,-2361.0,31271.6,0.0,0.075,234.34166666666667,237.51666666666665,39.09166666666667,0.0,-404.0
2025-03-14 19:00:00,0.0,13.0,42801.32,1040.0,41761.32,0.0,0.0,0.0,0.0,41.18333333333333,0.0,0.0
2025-03-14 20:00:00,0.0,6.0,11642.78,-13282.0,24924.78,0.0,0.0,0.0,0.0,38.43333333333333,0.0,0.0
2025-03-14 21:00:00,0.0,5.0,-321.55,-23660.0,23338.45,0.0,0.0,0.0,0.0,32.800000000000004,0.0,0.0
2025-03-14 22:00:00,0.0,5.0,-143.13,-18144.0,18000.87,0.0,0.0,0.0,0.0,30.1,0.0,0.0
2025-03-14 23:00:00,0.0,5.0,-71.59,-17366.0,17294.41,0.0,0.0,0.0,0.0,28.383333333333336,0.0,0.0
2025-03-15 00:00:00,0.0,5.0,-179.04000000000002,-17615.0,17435.96,0.0,0.0,0.0,0.0,27.35,0.0,0.0
2025-03-15 01:00:00,0.0,5.0,-71.62,-17222.0,17150.38,0.0,0.0,0.0,0.0,26.71666666666667,0.0,0.0
2025-03-15 02:00:00,0.0,5.0,-250.74,-16661.0,16410.26,0.0,0.0,0.0,0.0,26.258333333333336,0.0,0.0
2025-03-15 03:00:00,0.0,5.0,-214.92,-17827.0,17612.08,0.0,0.0,0.0,0.0,25.975,0.0,0.0
2025-03-15 04:00:00,0.0,5.0,-107.46,-16803.0,16695.54,0.0,0.0,0.0,0.0,25.766666666666666,0.0,0.0
2025-03-15 05:00:00,36.0,5.0,-250.74,-17106.0,16891.26,0.0,0.0166666666666666,30.075,30.3,25.59166666666667,0.0,-36.0
2025-03-15 06:00:00,1285.0,5.0,-322.38,-17889.0,18851.62,0.0666666666666666,0.1333333333333333,313.80833333333334,357.5083333333334,25.73333333333333,706.0264705882352,-578.9735294117648
2025-03-15 07:00:00,12125.0,5.0,-286.56,-11270.0,23108.44,1.025,0.5916666666666667,395.94166666666666,419.325,28.125,3952.2776470588246,-8172.722352941175
2025-03-15 08:00:00,34570.0,5.833333333333333,-13914.8,-818.0,21473.2,2.408333333333333,1.7166666666666668,407.65,431.7833333333333,32.99166666666667,6772.167647058824,-27797.832352941175
2025-03-15 09:00:00,45257.0,10.5,-19819.74,-1311.0,26748.26,3.716666666666667,2.075,412.2,435.225,41.075,9006.865294117644,-36250.13470588236
2025-03-15 10:00:00,42405.0,14.0,-15508.15,-1492.0,28388.85,3.7083333333333335,1.9666666666666668,410.0,430.0583333333333,43.708333333333336,11199.222941176471,-31205.77705882353
2025-03-15 11:00:00,55120.0,17.416666666666668,-15021.78,-2335.0,42433.22,4.833333333333333,2.6,414.625,434.575,44.03333333333333,11542.583529411766,-43577.416470588236
2025-03-15 12:00:00,57971.0,21.916666666666668,-27617.43,-1535.0,31888.57,5.033333333333333,2.566666666666667,414.6833333333333,437.0,41.75833333333333,11748.056470588233,-46222.943529411765
2025-03-15 13:00:00,36942.0,25.666666666666668,-4666.09,-1407.0,33682.91,3.333333333333333,1.725,407.425,430.48333333333335,41.66666666666666,11098.154705882354,-25843.845294117644
2025-03-15 14:00:00,13897.0,23.08333333333333,17814.7,-1395.0,33106.7,1.175,0.725,395.85,409.4666666666667,40.88333333333333,7726.0952941176465,-6170.9047058823535
2025-03-15 15:00:00,10348.0,20.166666666666668,12290.2,-767.0,23405.2,0.8916666666666666,0.5416666666666666,387.85,408.7166666666667,39.53333333333333,5295.797647058824,-5052.202352941176
2025-03-15 16:00:00,5424.0,16.75,14445.82,-1200.0,21069.82,0.4333333333333333,0.3166666666666666,378.15,416.1,38.54166666666666,2391.1882352941175,-3032.8117647058825
2025-03-15 17:00:00,2265.0,12.083333333333334,21961.71,1437.0,22789.71,0.1416666666666666,0.1583333333333333,373.5416666666667,415.26666666666665,38.05,0.0,-2265.0
2025-03-15 18:00:00,325.0,6.916666666666667,13401.54,-10403.0,24129.54,0.0,0.0833333333333333,232.03333333333333,230.40833333333333,36.50833333333333,0.0,-325.0
2025-03-15 19:00:00,0.0,5.0,-285.47,-31379.0,31093.53,0.0,0.0,0.0,0.0,32.083333333333336,0.0,0.0
2025-03-15 20:00:00,0.0,5.0,-71.50999999999999,-37196.0,37124.49,0.0,0.0,0.0,0.0,29.3,0.0,0.0
2025-03-15 21:00:00,0.0,5.0,-143.08,-28936.0,28792.92,0.0,0.0,0.0,0.0,27.666666666666668,0.0,0.0
2025-03-15 22:00:00,0.0,5.0,-143.14,-25265.0,25121.86,0.0,0.0,0.0,0.0,26.70833333333333,0.0,0.0
2025-03-15 23:00:00,0.0,5.0,-465.27,-17770.0,17304.73,0.0,0.0,0.0,0.0,26.10833333333333,0.0,0.0
2025-03-16 00:00:00,0.0,5.0,-35.79,-18131.0,18095.21,0.0,0.0,0.0,0.0,25.73333333333333,0.0,0.0
2025-03-16 01:00:00,0.0,5.0,-143.16,-16870.0,16726.84,0.0,0.0,0.0,0.0,25.45,0.0,0.0
2025-03-16 02:00:00,0.0,5.0,-179.0,-17984.0,17805.0,0.0,0.0,0.0,0.0,25.21666666666667,0.0,0.0
2025-03-16 03:00:00,0.0,5.0,-143.2,-17215.0,17071.8,0.0,0.0,0.0,0.0,25.05,0.0,0.0
2025-03-16 04:00:00,0.0,5.0,-71.6,-17622.0,17550.4,0.0,0.0,0.0,0.0,24.925,0.0,0.0
2025-03-16 05:00:00,68.0,5.0,-143.17,-17700.0,17624.83,0.0,0.0333333333333333,65.43333333333334,55.90833333333333,24.775,0.0,-68.0
2025-03-16 06:00:00,2230.0,5.0,-178.95,-19712.0,21763.05,0.15,0.1666666666666666,339.28333333333336,374.69166666666666,25.141666666666666,973.0270588235294,-1256.9729411764706
2025-03-16 07:00:00,13399.0,5.0,-824.89,-14026.0,26600.11,1.1083333333333334,0.7000000000000001,394.475,420.9166666666667,27.675,4776.1464705882345,-8622.853529411765
2025-03-16 08:00:00,26862.0,5.5,-4313.35,-478.0,23026.65,2.316666666666667,1.4,416.0416666666667,433.1166666666666,32.375,9052.065294117647,-17809.934705882355
2025-03-16 09:00:00,40652.0,9.083333333333334,-15702.05,-890.0,25839.95,3.483333333333333,1.8166666666666669,411.7083333333333,434.0833333333333,38.38333333333333,11628.492352941175,-29023.507647058825
2025-03-16 10:00:00,22382.0,11.0,-2047.29,-4338.0,24672.71,1.9916666666666665,1.1,403.94166666666666,426.325,38.66666666666666,12352.016470588234,-10029.983529411766
2025-03-16 11:00:00,43871.0,13.083333333333334,-22210.71,-1947.0,23607.29,3.908333333333333,2.0083333333333333,411.51666666666665,432.94166666666666,39.91666666666666,13442.077647058824,-30428.922352941176
2025-03-16 12:00:00,55341.0,20.08333333333333,-32705.82,-1244.0,23879.18,4.733333333333333,2.6416666666666666,412.31666666666666,431.73333333333335,43.31666666666666,12553.273529411763,-42787.72647058824
2025-03-16 13:00:00,39398.0,24.5,-14858.36,-1758.0,26297.64,3.4916666666666667,1.7416666666666665,407.4166666666667,429.81666666666666,41.59166666666667,12099.641176470586,-27298.358823529416
2025-03-16 14:00:00,40652.0,28.08333333333333,-17016.96,-741.0,24376.04,3.633333333333333,1.8166666666666669,404.9916666666666,427.1583333333333,43.54166666666666,11104.125882352944,-29547.874117647058
2025-03-16 15:00:00,34530.0,31.25,-5304.579999999999,-845.0,30070.42,3.1333333333333333,1.6833333333333331,407.75,426.7833333333333,43.81666666666666,7598.30705882353,-26931.692941176472
2025-03-16 16:00:00,29065.0,21.83333333333333,85921.63,-1938.0,116924.63,2.775,1.3833333333333335,404.81666666666666,425.2083333333333,46.00833333333333,2734.393529411765,-26330.606470588235
2025-03-16 17:00:00,8698.0,6.0,25543.01,-86660.0,120901.01,0.7416666666666667,0.4666666666666666,392.26666666666665,411.26666666666665,41.03333333333333,0.0,-8698.0
2025-03-16 18:00:00,533.0,5.0,-214.7,-145314.0,145632.3,0.0166666666666666,0.0916666666666666,288.2,286.1166666666667,34.28333333333333,0.0,-533.0
2025-03-16 19:00:00,0.0,5.0,-107.4,-235370.0,235262.6,0.0,0.0,0.0,0.0,31.075,0.0,0.0
2025-03-16 20:00:00,0.0,5.0,-250.7,-157243.0,156992.3,0.0,0.0,0.0,0.0,29.391666666666666,0.0,0.0
2025-03-16 21:00:00,0.0,5.0,-35.82,-61236.0,61200.18,0.0,0.0,0.0,0.0,28.308333333333334,0.0,0.0
2025-03-16 22:00:00,0.0,5.0,-143.28,-21343.0,21199.72,0.0,0.0,0.0,0.0,27.666666666666668,0.0,0.0
2025-03-16 23:00:00,0.0,5.0,-107.46,-19012.0,18904.54,0.0,0.0,0.0,0.0,27.258333333333336,0.0,0.0
2025-03-17 00:00:00,0.0,5.0,-286.56,-25783.0,25496.44,0.0,0.0,0.0,0.0,26.98333333333333,0.0,0.0
2025-03-17 01:00:00,0.0,5.0,-250.74,-18310.0,18059.26,0.0,0.0,0.0,0.0,26.766666666666666,0.0,0.0
2025-03-17 02:00:00,0.0,5.0,-143.28,-18575.0,18431.72,0.0,0.0,0.0,0.0,26.6,0.0,0.0
2025-03-17 03:00:00,0.0,5.0,-35.82,-28212.0,28176.18,0.0,0.0,0.0,0.0,26.441666666666663,0.0,0.0
2025-03-17 04:00:00,0.0,5.0,0.0,-28067.0,28067.0,0.0,0.0,0.0,0.0,26.291666666666668,0.0,0.0
2025-03-17 05:00:00,71.0,5.0,-179.05,-30877.0,30768.95,0.0,0.0333333333333333,62.50833333333333,61.80833333333334,26.15,0.0,-71.0
2025-03-17 06:00:00,6472.0,5.0,0.0,-34168.0,40640.0,0.1666666666666666,0.1916666666666666,375.175,408.85,26.83333333333333,1103.6382352941177,-5368.361764705882
2025-03-17 07:00:00,41152.0,5.583333333333333,-12348.27,-8117.0,36920.73,0.8833333333333333,1.0583333333333331,395.56666666666666,453.9916666666666,33.13333333333333,5001.854117647058,-36150.14588235294
2025-03-17 08:00:00,91938.0,13.75,-53221.26,-4362.0,43078.74,1.5666666666666669,4.691666666666666,409.25,429.55,44.61666666666667,9681.338823529411,-82256.66117647059
2025-03-17 09:00:00,32033.0,18.166666666666668,7263.93,-3192.0,42488.93,2.708333333333333,1.4916666666666665,410.85833333333335,429.375,41.65833333333334,11690.726470588237,-20342.273529411763
2025-03-17 10:00:00,62099.0,18.58333333333333,-20193.59,-703.0,42608.41,5.366666666666667,2.9166666666666665,420.5333333333333,440.7083333333333,43.84166666666667,13214.11705882353,-48884.88294117647
2025-03-17 11:00:00,80938.0,24.166666666666668,-16594.69,-485.0,64828.31,6.533333333333334,4.758333333333334,421.8,433.3333333333333,44.53333333333333,14330.07411764706,-66607.92588235294
2025-03-17 12:00:00,79081.0,32.666666666666664,-52125.67,-1235.0,28190.33,6.091666666666666,4.3,414.1166666666666,434.375,43.083333333333336,13713.587647058823,-65367.41235294117
2025-03-17 13:00:00,87730.0,41.25,-54078.21,-653.0,34304.79,8.183333333333334,5.183333333333334,414.5416666666667,438.6833333333333,43.55,11544.579411764706,-76185.4205882353
2025-03-17 14:00:00,162794.0,61.25,-128147.07,-1690.0,36336.93,17.083333333333332,11.433333333333332,418.6666666666667,434.5,47.05833333333334,8127.455294117646,-154666.54470588235
2025-03-17 15:00:00,83960.0,80.75,-49301.61,-984.0,35642.39,9.691666666666666,5.858333333333333,424.575,438.975,45.15,5686.871764705882,-78273.12823529412
2025-03-17 16:00:00,96772.0,96.08333333333331,-60942.14,-651.0,36480.86,13.808333333333332,5.066666666666666,400.125,446.56666666666666,45.11666666666667,1971.1394117647055,-94800.8605882353
2025-03-17 17:00:00,18508.0,98.83333333333331,5340.55,-1847.0,25695.55,3.1,0.5083333333333333,395.85,458.6666666666667,40.40833333333333,0.0,-18508.0
2025-03-17 18:00:00,1199.0,93.16666666666669,21389.92,-1170.0,23758.92,0.075,0.125,324.09166666666664,347.3416666666667,40.34166666666667,0.0,-1199.0
2025-03-17 19:00:00,13.0,84.16666666666667,37824.77,1506.0,36331.77,0.0,0.0083333333333333,27.28333333333333,11.575,41.05833333333333,0.0,-13.0
2025-03-17 20:00:00,0.0,75.08333333333333,43382.88,842.0,42540.88,0.0,0.0,0.0,0.0,41.675,0.0,0.0
2025-03-17 21:00:00,0.0,66.41666666666667,30409.19,-198.0,30607.19,0.0,0.0,0.0,0.0,40.925,0.0,0.0
2025-03-17 22:00:00,0.0,58.75,22059.18,-86.0,22145.18,0.0,0.0,0.0,0.0,38.583333333333336,0.0,0.0
2025-03-17 23:00:00,0.0,52.083333333333336,18252.23,-54.0,18306.23,0.0,0.0,0.0,0.0,37.16666666666666,0.0,0.0
2025-03-18 00:00:00,0.0,46.25,26337.09,-385.0,26722.09,0.0,0.0,0.0,0.0,38.13333333333333,0.0,0.0
2025-03-18 01:00:00,0.0,39.91666666666666,18735.27,-124.0,18859.27,0.0,0.0,0.0,0.0,37.583333333333336,0.0,0.0
2025-03-18 02:00:00,0.0,35.75,18795.56,96.0,18699.56,0.0,0.0,0.0,0.0,36.266666666666666,0.0,0.0
2025-03-18 03:00:00,0.0,31.5,17682.18,-38.0,17720.18,0.0,0.0,0.0,0.0,35.56666666666667,0.0,0.0
2025-03-18 04:00:00,0.0,24.25,34955.26,-130.0,35085.26,0.0,0.0,0.0,0.0,37.825,0.0,0.0
2025-03-18 05:00:00,106.0,18.33333333333333,23217.71,-907.0,24230.71,0.0,0.0416666666666666,93.20833333333331,86.28333333333335,36.75833333333333,0.0,-106.0
2025-03-18 06:00:00,10086.0,13.75,12773.02,-2589.0,25448.02,0.1916666666666666,0.1999999999999999,384.4,425.01666666666665,35.858333333333334,1147.5458823529411,-8938.45411764706
2025-03-18 07:00:00,47926.0,14.0,-23407.11,-53.0,24571.89,0.8416666666666667,0.775,402.45,470.7416666666666,38.458333333333336,4463.636470588236,-43462.36352941176
2025-03-18 08:00:00,107510.0,24.916666666666668,-78087.24,-945.0,30367.76,1.1166666666666667,5.541666666666667,410.5583333333333,441.1333333333334,45.833333333333336,7749.683529411766,-99760.31647058824
2025-03-18 09:00:00,134276.0,44.66666666666666,-105292.12,-1607.0,30590.88,1.3333333333333333,8.85,411.525,441.19166666666666,46.583333333333336,12046.387647058822,-122229.61235294119
2025-03-18 10:00:00,160819.0,68.91666666666667,-131200.52,-2230.0,31848.48,3.95,11.475,418.6833333333333,432.90833333333336,47.26666666666667,12609.554705882354,-148209.44529411764
2025-03-18 11:00:00,86713.0,96.08333333333331,-53315.67,-404.0,33801.33,3.308333333333333,8.516666666666667,458.85833333333335,463.0,43.3,13898.670588235296,-72814.3294117647
2025-03-18 12:00:00,35798.0,99.0,-112.04,-612.0,36297.96,0.6416666666666667,5.65,476.8083333333333,480.7916666666667,40.0,13590.581764705883,-22207.418235294117
2025-03-18 13:00:00,23503.0,98.0,-37.31,-389.0,23854.69,0.0833333333333333,4.075,475.5333333333333,484.8,38.275,12384.88,-11118.12
2025-03-18 14:00:00,23546.0,98.0,-186.55,167.0,23192.45,0.0,4.141666666666667,473.5333333333333,484.9583333333333,37.208333333333336,9896.513529411766,-13649.486470588234
2025-03-18 15:00:00,57715.0,98.0,1451.1,3026.0,56140.1,4.758333333333334,6.183333333333334,454.23333333333335,465.6,39.31666666666667,6407.143529411765,-51307.85647058824
2025-03-18 16:00:00,102300.0,97.08333333333331,21499.36,3862.0,119937.36,14.95,5.208333333333333,389.8666666666666,450.64166666666665,46.575,2671.041176470588,-99628.9588235294
2025-03-18 17:00:00,27421.0,84.08333333333333,64756.31,2956.0,89221.31,4.683333333333334,1.4583333333333333,358.5083333333334,306.05,45.0,0.0,-27421.0
2025-03-18 18:00:00,1281.0,75.0,33429.53,2086.0,32624.53,0.0916666666666666,0.125,334.96666666666664,349.27500000000003,40.09166666666667,0.0,-1281.0
2025-03-18 19:00:00,14.0,66.66666666666667,35292.11,-1494.0,36800.11,0.0,0.0083333333333333,28.941666666666663,12.45,39.93333333333333,0.0,-14.0
2025-03-18 20:00:00,0.0,58.333333333333336,29959.72,17.0,29942.72,0.0,0.0,0.0,0.0,39.06666666666667,0.0,0.0
2025-03-18 21:00:00,0.0,51.333333333333336,20930.13,-91.0,21021.13,0.0,0.0,0.0,0.0,36.41666666666666,0.0,0.0
2025-03-18 22:00:00,0.0,46.833333333333336,18372.24,30.0,18342.24,0.0,0.0,0.0,0.0,34.675000000000004,0.0,0.0
2025-03-18 23:00:00,0.0,33.083333333333336,106309.38,-36.0,106345.38,0.0,0.0,0.0,0.0,41.93333333333333,0.0,0.0
2025-03-19 00:00:00,0.0,9.75,67700.27,-46089.0,113789.27,0.0,0.0,0.0,0.0,41.38333333333333,0.0,0.0
2025-03-19 01:00:00,0.0,5.0,0.0,-109898.0,109898.0,0.0,0.0,0.0,0.0,32.50833333333333,0.0,0.0
2025-03-19 02:00:00,0.0,5.0,-72.0,-102161.0,102089.0,0.0,0.0,0.0,0.0,29.1,0.0,0.0
2025-03-19 03:00:00,0.0,5.0,0.0,-28434.0,28434.0,0.0,0.0,0.0,0.0,27.191666666666663,0.0,0.0
2025-03-19 04:00:00,0.0,5.0,0.0,-21716.0,21716.0,0.0,0.0,0.0,0.0,26.175,0.0,0.0
2025-03-19 05:00:00,139.0,5.0,0.0,-32654.0,32793.0,0.0,0.05,111.60833333333332,121.68333333333334,25.558333333333334,0.0,-139.0
2025-03-19 06:00:00,11320.0,5.0,-829.95,-16184.0,26674.05,0.1999999999999999,0.2166666666666666,388.98333333333335,430.6583333333333,26.541666666666668,1270.723529411765,-10049.276470588235
2025-03-19 07:00:00,54087.0,7.0,-28515.23,-7370.0,32941.770000000004,0.8250000000000001,1.9666666666666668,403.0583333333333,362.075,34.93333333333333,5130.17411764706,-48956.82588235294
2025-03-19 08:00:00,106599.0,18.416666666666668,-81158.19,-858.0,26298.81,1.1333333333333335,5.558333333333334,396.35833333333335,438.64166666666665,45.16666666666666,9726.434117647057,-96872.56588235294
2025-03-19 09:00:00,127531.0,38.16666666666666,-101397.69,-724.0,26857.31,1.375,8.825000000000001,414.0,420.425,46.16666666666666,12574.368235294116,-114956.63176470589
2025-03-19 10:00:00,156539.0,61.66666666666666,-120992.11,-397.0,35943.89,4.058333333333334,11.4,419.0833333333333,420.48333333333335,47.24166666666667,12544.894705882352,-143994.10529411765
2025-03-19 11:00:00,182786.0,89.41666666666667,-100335.02,45847.0,36603.98,9.283333333333331,13.075,415.075,411.0416666666667,48.06666666666666,13650.906470588234,-169135.09352941177
2025-03-19 12:00:00,194197.0,99.83333333333331,0.0,157837.0,36360.0,13.8,13.691666666666665,407.1583333333333,407.6583333333333,48.85,13499.116470588237,-180697.88352941177
2025-03-19 13:00:00,188085.0,98.0,0.0,159917.0,28168.0,16.941666666666666,13.241666666666667,403.3333333333333,406.5583333333333,48.90833333333333,10552.504705882355,-177532.49529411766
2025-03-19 14:00:00,166676.0,98.0,0.0,139840.0,26836.0,18.566666666666663,11.85,398.01666666666665,408.73333333333335,48.59166666666667,8651.684705882351,-158024.31529411764
2025-03-19 15:00:00,140160.0,98.0,0.0,112594.0,27566.0,18.391666666666666,9.441666666666666,396.01666666666665,414.7083333333333,47.46666666666667,6893.003529411765,-133266.99647058823
2025-03-19 16:00:00,97701.0,98.0,0.0,71943.0,25758.0,14.65,5.116666666666666,381.1583333333333,435.7583333333334,46.01666666666667,3182.9341176470584,-94518.06588235294
2025-03-19 17:00:00,27146.0,98.0,1557.4,3993.0,24710.4,4.991666666666666,1.225,346.93333333333334,319.78333333333336,41.125,0.0,-27146.0
2025-03-19 18:00:00,1508.0,94.58333333333331,23728.85,125.0,25111.85,0.1333333333333333,0.1333333333333333,327.7,350.0333333333333,39.84166666666667,0.0,-1508.0
2025-03-19 19:00:00,14.0,79.58333333333333,112900.07,-553.0,113467.07,0.0,0.0083333333333333,28.541666666666668,12.366666666666667,44.24166666666667,0.0,-14.0
2025-03-19 20:00:00,0.0,53.083333333333336,123107.9,1086.0,122021.9,0.0,0.0,0.0,0.0,45.625,0.0,0.0
2025-03-19 21:00:00,0.0,30.166666666666668,66251.04000000001,-212.0,66463.04000000001,0.0,0.0,0.0,0.0,42.21666666666667,0.0,0.0
2025-03-19 22:00:00,0.0,23.416666666666668,17275.06,-119.0,17394.06,0.0,0.0,0.0,0.0,38.21666666666667,0.0,0.0
2025-03-19 23:00:00,0.0,18.58333333333333,17330.0,-28.0,17358.0,0.0,0.0,0.0,0.0,37.13333333333333,0.0,0.0
2025-03-20 00:00:00,0.0,13.75,25977.2,64.0,25913.2,0.0,0.0,0.0,0.0,36.48333333333333,0.0,0.0
2025-03-20 01:00:00,0.0,8.416666666666666,33075.18,240.0,32835.18,0.0,0.0,0.0,0.0,36.10833333333333,0.0,0.0
2025-03-20 02:00:00,0.0,5.083333333333333,1418.8,-16993.0,18411.8,0.0,0.0,0.0,0.0,33.43333333333333,0.0,0.0
2025-03-20 03:00:00,0.0,5.0,0.0,-19099.0,19099.0,0.0,0.0,0.0,0.0,30.325,0.0,0.0
2025-03-20 04:00:00,0.0,5.0,-323.06,-26877.0,26553.94,0.0,0.0,0.0,0.0,28.666666666666668,0.0,0.0
2025-03-20 05:00:00,145.0,5.0,-323.1,-38912.0,38733.9,0.0,0.05,114.51666666666664,120.95833333333331,27.65,0.0,-145.0
2025-03-20 06:00:00,10465.0,5.0,-107.7,-47239.0,57596.3,0.225,0.2333333333333333,386.35833333333335,434.0583333333333,28.425,1759.5423529411764,-8705.457647058824
2025-03-20 07:00:00,51654.0,5.666666666666667,-9888.16,-5652.0,47417.84,0.8583333333333334,1.975,404.60833333333335,379.4666666666667,36.04166666666666,5692.067647058824,-45961.93235294118
2025-03-20 08:00:00,101985.0,8.083333333333334,-13977.51,-1491.0,89498.49,1.2,5.325,407.89166666666665,435.075,45.61666666666667,9244.805882352943,-92740.19411764706
2025-03-20 09:00:00,126502.0,16.916666666666668,-76156.9,-1866.0,52211.1,1.5833333333333333,8.541666666666666,409.48333333333335,424.875,46.7,12657.060000000001,-113844.94
2025-03-20 10:00:00,151668.0,35.416666666666664,-104897.38,-174.0,46944.62,4.4,11.041666666666666,413.0416666666667,413.65,47.59166666666667,15528.515882352938,-136139.48411764705
2025-03-20 11:00:00,175385.0,61.333333333333336,-130744.85,-117.0,44757.15,9.25,12.641666666666666,407.75,402.76666666666665,48.21666666666667,15393.742352941175,-159991.2576470588
2025-03-20 12:00:00,185633.0,89.91666666666667,-109678.32,34254.0,41700.68,13.541666666666666,13.316666666666668,402.0916666666667,398.45,48.69166666666667,15492.108235294116,-170140.89176470588
2025-03-20 13:00:00,181332.0,99.83333333333331,0.0,145478.0,35854.0,16.691666666666666,12.85,397.56666666666666,400.975,48.975,14448.638823529414,-166883.3611764706
2025-03-20 14:00:00,160016.0,98.0,-74.62,128348.0,31593.38,18.066666666666663,11.45,393.225,402.76666666666665,48.5,11559.96117647059,-148456.0388235294
2025-03-20 15:00:00,132565.0,98.0,-111.96,104691.0,27762.04,17.508333333333333,9.025,391.1583333333333,407.1833333333333,47.49166666666667,7608.819411764705,-124956.1805882353
2025-03-20 16:00:00,92896.0,98.0,-111.96,68764.0,24020.04,14.225,4.8500000000000005,372.5416666666667,429.775,45.94166666666666,3564.955294117647,-89331.04470588235
2025-03-20 17:00:00,27113.0,98.0,3670.82,8977.0,21806.82,4.633333333333334,1.7583333333333335,339.8666666666667,299.6166666666667,41.375,0.0,-27113.0
2025-03-20 18:00:00,1352.0,93.58333333333331,25036.58,914.0,25474.58,0.1166666666666666,0.1166666666666666,328.01666666666665,343.77500000000003,40.68333333333333,0.0,-1352.0
2025-03-20 19:00:00,12.0,85.83333333333333,27014.04,-719.0,27745.04,0.0,0.0083333333333333,24.475,10.658333333333331,39.375,0.0,-12.0
2025-03-20 20:00:00,0.0,78.0,29245.83,1318.0,27927.83,0.0,0.0,0.0,0.0,39.24166666666667,0.0,0.0
2025-03-20 21:00:00,0.0,70.16666666666667,25298.65,-19.0,25317.65,0.0,0.0,0.0,0.0,38.85,0.0,0.0
2025-03-20 22:00:00,0.0,62.5,21910.86,-247.0,22157.86,0.0,0.0,0.0,0.0,37.6,0.0,0.0
2025-03-20 23:00:00,0.0,55.66666666666666,19391.6,16.0,19375.6,0.0,0.0,0.0,0.0,36.5,0.0,0.0
2025-03-21 00:00:00,0.0,49.91666666666666,20607.94,141.0,20466.94,0.0,0.0,0.0,0.0,35.81666666666667,0.0,0.0
2025-03-21 01:00:00,0.0,45.833333333333336,16993.420000000002,-120.0,17113.420000000002,0.0,0.0,0.0,0.0,35.31666666666667,0.0,0.0
2025-03-21 02:00:00,0.0,41.833333333333336,16802.260000000002,67.0,16735.260000000002,0.0,0.0,0.0,0.0,34.925,0.0,0.0
2025-03-21 03:00:00,0.0,37.833333333333336,17155.43,173.0,16982.43,0.0,0.0,0.0,0.0,34.74166666666667,0.0,0.0
2025-03-21 04:00:00,0.0,33.833333333333336,18087.53,16.0,18071.53,0.0,0.0,0.0,0.0,34.541666666666664,0.0,0.0
2025-03-21 05:00:00,214.0,29.33333333333333,19331.24,24.0,19521.24,0.0,0.0583333333333333,122.5,136.69166666666666,35.03333333333333,0.0,-214.0
2025-03-21 06:00:00,11621.0,25.08333333333333,9028.94,-177.0,20826.94,0.2833333333333333,0.2833333333333334,384.0333333333333,428.5,35.99166666666667,1837.244705882353,-9783.755294117647
2025-03-21 07:00:00,50522.0,26.75,-28324.54,-197.0,22394.46,0.9333333333333332,1.9166666666666667,396.4666666666667,379.7083333333333,40.80833333333333,6045.871764705883,-44476.12823529412
2025-03-21 08:00:00,101290.0,37.66666666666666,-71436.93000000001,14.0,29839.07,1.2166666666666666,5.366666666666667,401.06666666666666,428.3833333333334,46.4,10314.461764705882,-90975.53823529412
2025-03-21 09:00:00,126712.0,56.0,-95628.3,-179.0,31262.7,1.4416666666666669,8.625,401.025,423.0416666666667,47.2,13712.502941176474,-112999.49705882353
2025-03-21 10:00:00,154830.0,77.16666666666667,-95737.19,-387.0,59479.81,4.508333333333334,11.325,403.6833333333333,411.525,48.375,15356.111176470586,-139473.8888235294
2025-03-21 11:00:00,169336.0,97.41666666666669,-24012.96,55688.0,89635.04000000001,9.308333333333334,12.058333333333332,403.4166666666667,407.31666666666666,48.90833333333333,16861.421176470587,-152474.57882352942
2025-03-21 12:00:00,150620.0,99.33333333333331,1300.81,13079.0,138841.81,11.316666666666668,10.083333333333334,401.075,411.9083333333333,48.625,16883.480588235296,-133736.5194117647
2025-03-21 13:00:00,144745.0,96.91666666666669,10834.74,6258.0,149321.74,12.916666666666666,9.533333333333331,400.2166666666667,413.6166666666666,48.74166666666667,14948.74588235294,-129796.25411764705
2025-03-21 14:00:00,130757.0,93.25,14856.24,-1172.0,146785.24,13.766666666666666,8.5,397.6333333333334,414.975,48.46666666666667,12780.511176470589,-117976.4888235294
2025-03-21 15:00:00,102868.0,87.41666666666667,42855.36,-166.0,145889.36,12.291666666666666,6.5,396.2,418.3,48.41666666666666,7562.448235294118,-95305.55176470589
2025-03-21 16:00:00,66810.0,73.5,78610.68,-954.0,146374.68,8.841666666666667,3.608333333333334,387.2916666666667,431.75,48.11666666666667,3525.5011764705882,-63284.498823529415
2025-03-21 17:00:00,23336.0,50.75,124514.99,40.0,147810.99,3.141666666666667,1.225,394.1583333333333,357.8333333333333,47.71666666666667,2.4947058823529416,-23333.505294117647
2025-03-21 18:00:00,1768.0,30.5,43927.39,-213.0,45908.39,0.175,0.15,325.2583333333333,336.625,42.516666666666666,0.0,-1768.0
2025-03-21 19:00:00,12.0,20.666666666666668,73784.35,-300.0,74096.35,0.0,0.0083333333333333,13.141666666666666,10.583333333333334,43.2,0.0,-12.0
2025-03-21 20:00:00,0.0,5.25,11799.47,-92931.0,104730.47,0.0,0.0,0.0,0.0,39.775,0.0,0.0
2025-03-21 21:00:00,0.0,5.0,0.0,-56367.0,56367.0,0.0,0.0,0.0,0.0,34.608333333333334,0.0,0.0
2025-03-21 22:00:00,0.0,5.0,0.0,-27721.0,27721.0,0.0,0.0,0.0,0.0,32.59166666666667,0.0,0.0
2025-03-21 23:00:00,0.0,5.0,0.0,-19456.0,19456.0,0.0,0.0,0.0,0.0,31.425,0.0,0.0
2025-03-22 00:00:00,0.0,5.0,0.0,-16423.0,16423.0,0.0,0.0,0.0,0.0,30.691666666666663,0.0,0.0
2025-03-22 01:00:00,0.0,5.0,0.0,-16000.0,16000.0,0.0,0.0,0.0,0.0,30.175,0.0,0.0
2025-03-22 02:00:00,0.0,5.0,0.0,-15756.0,15756.0,0.0,0.0,0.0,0.0,29.766666666666666,0.0,0.0
2025-03-22 03:00:00,0.0,5.0,0.0,-16094.0,16094.0,0.0,0.0,0.0,0.0,29.40833333333333,0.0,0.0
2025-03-22 04:00:00,0.0,5.0,0.0,-16374.0,16374.0,0.0,0.0,0.0,0.0,29.1,0.0,0.0
2025-03-22 05:00:00,105.0,5.0,0.0,-16641.0,16746.0,0.0,0.0416666666666666,99.45,92.75833333333333,28.866666666666664,0.0,-105.0
2025-03-22 06:00:00,4546.0,5.0,0.0,-14277.0,18823.0,0.3083333333333333,0.25,371.98333333333335,412.6666666666667,29.566666666666663,1705.774117647059,-2840.225882352941
2025-03-22 07:00:00,16475.0,5.0,-432.24,-10222.0,26264.76,1.2916666666666667,0.8083333333333332,397.0083333333334,416.4083333333333,32.44166666666667,4872.225294117647,-11602.774705882353
2025-03-22 08:00:00,37223.0,6.083333333333333,-14165.36,70.0,22987.64,2.85,1.775,403.0583333333333,427.2833333333333,37.81666666666667,9394.704705882354,-27828.295294117648
2025-03-22 09:00:00,112940.0,14.25,-79998.05,2255.0,30686.95,3.983333333333333,6.966666666666666,405.425,425.3083333333333,45.40833333333333,13482.959411764707,-99457.0405882353
2025-03-22 10:00:00,139034.0,31.58333333333333,-53405.93,-61.0,85689.07,6.5,9.058333333333334,404.8666666666666,409.7583333333334,47.98333333333333,15286.754705882351,-123747.24529411765
2025-03-22 11:00:00,168137.0,41.41666666666666,-73212.51,182.0,94742.49,9.458333333333334,11.841666666666669,404.95,404.1166666666666,48.74166666666667,13952.715294117648,-154184.28470588234
2025-03-22 12:00:00,143340.0,63.333333333333336,-100738.64,-260.0,42861.36,11.016666666666666,9.608333333333333,402.25,404.3083333333333,48.25,13381.152352941177,-129958.84764705882
2025-03-22 13:00:00,148279.0,84.91666666666667,-100259.47,2180.0,45839.53,13.466666666666669,9.508333333333333,398.10833333333335,408.025,47.99166666666667,11624.242352941175,-136654.7576470588
2025-03-22 14:00:00,154843.0,100.0,0.0,118866.0,35977.0,17.083333333333332,10.15,391.525,402.85833333333335,48.71666666666667,9784.29588235294,-145058.70411764705
2025-03-22 15:00:00,132136.0,98.33333333333331,0.0,88585.0,43551.0,17.25,8.700000000000001,393.275,409.0916666666667,47.79166666666666,6329.751176470589,-125806.24882352941
2025-03-22 16:00:00,92329.0,98.0,0.0,66317.0,26012.0,13.941666666666668,4.841666666666667,377.425,424.7166666666667,46.35833333333333,2792.772352941177,-89536.22764705883
2025-03-22 17:00:00,31455.0,98.0,2819.6900000000005,10458.0,23816.69,4.733333333333333,1.8833333333333333,370.85,312.875,41.74166666666667,3.0629411764705883,-31451.93705882353
2025-03-22 18:00:00,1385.0,93.75,22687.8,13.0,24059.8,0.125,0.125,320.69166666666666,343.2416666666666,40.85,0.0,-1385.0
2025-03-22 19:00:00,14.0,86.16666666666667,23156.16,-327.0,23497.16,0.0,0.0083333333333333,25.09166666666667,12.333333333333334,39.79166666666666,0.0,-14.0
2025-03-22 20:00:00,0.0,78.41666666666667,23889.18,-106.0,23995.18,0.0,0.0,0.0,0.0,39.13333333333333,0.0,0.0
2025-03-22 21:00:00,0.0,70.75,23172.81,-380.0,23552.81,0.0,0.0,0.0,0.0,38.55833333333333,0.0,0.0
2025-03-22 22:00:00,0.0,63.0,27319.83,111.0,27208.83,0.0,0.0,0.0,0.0,38.6,0.0,0.0
2025-03-22 23:00:00,0.0,55.41666666666666,21525.45,-16.0,21541.45,0.0,0.0,0.0,0.0,37.95,0.0,0.0
2025-03-23 00:00:00,0.0,49.5,21201.7,-188.0,21389.7,0.0,0.0,0.0,0.0,37.375,0.0,0.0
2025-03-23 01:00:00,0.0,44.91666666666666,21771.28,69.0,21702.28,0.0,0.0,0.0,0.0,37.11666666666667,0.0,0.0
2025-03-23 02:00:00,0.0,40.083333333333336,21029.28,296.0,20733.28,0.0,0.0,0.0,0.0,36.96666666666667,0.0,0.0
2025-03-23 03:00:00,0.0,35.416666666666664,21923.63,291.0,21632.63,0.0,0.0,0.0,0.0,36.825,0.0,0.0
2025-03-23 04:00:00,0.0,30.666666666666668,20814.74,-302.0,21116.74,0.0,0.0,0.0,0.0,36.78333333333333,0.0,0.0
2025-03-23 05:00:00,122.0,25.75,22098.76,-17.0,22237.76,0.0,0.05,115.60833333333332,104.84166666666664,36.69166666666667,0.0,-122.0
2025-03-23 06:00:00,2935.0,20.666666666666668,21480.07,-46.0,24461.07,0.225,0.175,372.25,407.8666666666666,37.65833333333333,1864.7217647058826,-1070.2782352941174
2025-03-23 07:00:00,9546.0,15.166666666666666,19191.43,142.0,28595.43,0.8333333333333334,0.5,382.4166666666667,410.3083333333333,40.60833333333333,5497.606470588235,-4048.3935294117646
2025-03-23 08:00:00,16216.0,12.0,9201.84,-976.0,26393.84,1.425,0.7916666666666666,392.2833333333333,414.8333333333333,41.425,9660.088235294117,-6555.911764705883
2025-03-23 09:00:00,27658.0,10.25,-943.59,-1395.0,28109.41,2.4166666666666665,1.3083333333333331,402.2833333333333,425.7416666666666,42.79166666666666,11115.188823529412,-16542.81117647059
2025-03-23 10:00:00,36673.0,11.333333333333334,1449.9499999999998,10.0,38112.95,3.15,1.6916666666666669,405.6666666666667,429.0416666666667,43.30833333333334,11651.737647058822,-25021.26235294118
2025-03-23 11:00:00,56805.0,13.333333333333334,-13715.62,-54.0,43143.38,4.991666666666666,2.6,409.2916666666667,430.1666666666667,42.13333333333333,12655.59588235294,-44149.404117647064
2025-03-23 12:00:00,52143.0,16.25,-15690.11,-948.0,37400.89,4.491666666666666,2.533333333333333,404.6333333333334,432.0416666666667,42.79166666666666,11973.14411764706,-40169.85588235294
2025-03-23 13:00:00,35447.0,16.166666666666668,11328.48,2422.0,44353.48,3.15,1.7166666666666668,398.1333333333334,421.55,41.44166666666667,10842.356470588236,-24604.643529411762
2025-03-23 14:00:00,26860.0,13.916666666666666,3096.48,-423.0,30379.48,2.408333333333333,1.3,397.275,420.06666666666666,42.4,9191.347647058821,-17668.65235294118
2025-03-23 15:00:00,13995.0,11.916666666666666,11733.51,-302.0,26030.51,1.2333333333333334,0.7416666666666667,387.35833333333335,401.9583333333333,41.44166666666667,6280.9223529411765,-7714.0776470588235
2025-03-23 16:00:00,7878.0,7.916666666666667,18413.35,735.0,25556.35,0.6166666666666667,0.4833333333333333,380.075,404.85833333333335,39.141666666666666,3055.662352941177,-4822.337647058823
2025-03-23 17:00:00,2249.0,5.083333333333333,1814.85,-21539.0,25602.85,0.15,0.15,379.2166666666667,408.2916666666667,35.141666666666666,19.03,-2229.97
2025-03-23 18:00:00,618.0,5.0,-181.29,-34286.0,34722.71,0.0166666666666666,0.1,305.6,337.05,31.95833333333333,0.0,-618.0
2025-03-23 19:00:00,14.0,5.0,-72.58,-33950.0,33891.42,0.0,0.0083333333333333,24.375,12.483333333333334,30.075,0.0,-14.0
2025-03-23 20:00:00,0.0,5.0,-72.6,-34721.0,34648.4,0.0,0.0,0.0,0.0,28.991666666666664,0.0,0.0
2025-03-23 21:00:00,0.0,5.0,-108.93,-25311.0,25202.07,0.0,0.0,0.0,0.0,28.375,0.0,0.0
2025-03-23 22:00:00,0.0,5.0,0.0,-25966.0,25966.0,0.0,0.0,0.0,0.0,28.0,0.0,0.0
2025-03-23 23:00:00,0.0,5.0,-217.86,-21775.0,21557.14,0.0,0.0,0.0,0.0,27.758333333333336,0.0,0.0
2025-03-24 00:00:00,0.0,5.0,-145.24,-17363.0,17217.760000000002,0.0,0.0,0.0,0.0,27.59166666666667,0.0,0.0
2025-03-24 01:00:00,0.0,5.0,0.0,-16906.0,16906.0,0.0,0.0,0.0,0.0,27.475,0.0,0.0
2025-03-24 02:00:00,0.0,5.0,0.0,-16548.0,16548.0,0.0,0.0,0.0,0.0,27.399999999999995,0.0,0.0
2025-03-24 03:00:00,0.0,5.0,-36.31,-16731.0,16694.69,0.0,0.0,0.0,0.0,27.33333333333333,0.0,0.0
2025-03-24 04:00:00,0.0,5.0,0.0,-16879.0,16879.0,0.0,0.0,0.0,0.0,27.3,0.0,0.0
2025-03-24 05:00:00,157.0,5.0,0.0,-35470.0,35627.0,0.0,0.0583333333333333,131.86666666666667,135.94166666666666,27.3,0.0,-157.0
2025-03-24 06:00:00,904.0,5.0,-36.31,-35422.0,36289.69,0.025,0.1,357.51666666666665,393.0916666666667,27.808333333333334,2141.8735294117646,1237.8735294117646
2025-03-24 07:00:00,9331.0,5.0,0.0,-24911.0,34242.0,0.7416666666666667,0.475,383.48333333333335,406.325,29.75,6529.202352941176,-2801.7976470588237
2025-03-24 08:00:00,5822.0,5.0,0.0,-27411.0,33233.0,0.4916666666666667,0.35,381.7083333333333,405.0916666666667,31.23333333333333,10454.740588235296,4632.740588235296
2025-03-24 09:00:00,12838.0,5.0,0.0,-18673.0,31511.0,1.1583333333333334,0.6083333333333333,389.1833333333333,408.45,31.975,14276.425294117646,1438.4252941176455
2025-03-24 10:00:00,25877.0,5.0,-1164.58,-17994.0,42706.42,2.2916666666666665,1.2166666666666666,402.9916666666666,423.14166666666665,34.766666666666666,15505.631764705882,-10371.368235294118
2025-03-24 11:00:00,74650.0,9.0,-37110.2,-2240.0,39779.8,6.558333333333334,3.45,414.675,434.4916666666666,42.59166666666667,14948.797647058826,-59701.202352941174
2025-03-24 12:00:00,79889.0,25.416666666666668,-51774.21,-1042.0,29156.79,6.791666666666667,4.016666666666667,409.55,432.05,45.2,15400.79588235294,-64488.20411764706
2025-03-24 13:00:00,37302.0,33.583333333333336,-14253.73,-681.0,23729.27,3.141666666666667,1.8333333333333333,406.89166666666665,430.1666666666667,41.35,13840.014705882355,-23461.985294117643
2025-03-24 14:00:00,55138.0,37.833333333333336,-24885.09,-514.0,30766.91,5.083333333333333,2.566666666666667,411.14166666666665,429.7416666666666,43.93333333333334,12169.427647058823,-42968.57235294118
2025-03-24 15:00:00,45000.0,45.25,-14132.97,-364.0,31231.03,4.433333333333333,2.308333333333333,405.4583333333333,427.1833333333333,41.85,8260.992352941175,-36739.007647058825
2025-03-24 16:00:00,38451.0,46.583333333333336,-10723.23,-883.0,28610.77,4.708333333333333,1.8,388.4166666666667,424.1666666666667,41.86666666666667,3034.7217647058824,-35416.278235294114
2025-03-24 17:00:00,26869.0,50.16666666666666,-2148.7200000000003,-1210.0,25930.28,3.758333333333333,1.3,373.4166666666667,413.3,41.91666666666666,34.550000000000004,-26834.45
2025-03-24 18:00:00,1135.0,45.91666666666666,24877.05,485.0,25527.05,0.0666666666666666,0.1166666666666666,322.81666666666666,345.4833333333333,40.50833333333333,0.0,-1135.0
2025-03-24 19:00:00,27.0,38.91666666666666,30973.08,308.0,30692.08,0.0,0.0166666666666666,27.508333333333336,23.683333333333337,40.24166666666667,0.0,-27.0
2025-03-24 20:00:00,0.0,31.33333333333333,32240.79,473.0,31767.79,0.0,0.0,0.0,0.0,40.41666666666666,0.0,0.0
2025-03-24 21:00:00,0.0,24.416666666666668,30547.01,-142.0,30689.01,0.0,0.0,0.0,0.0,39.75,0.0,0.0
2025-03-24 22:00:00,0.0,17.583333333333332,29496.53,282.0,29214.53,0.0,0.0,0.0,0.0,39.825,0.0,0.0
2025-03-24 23:00:00,0.0,12.416666666666666,16840.79,148.0,16692.79,0.0,0.0,0.0,0.0,37.95,0.0,0.0
2025-03-25 00:00:00,0.0,8.25,16654.22,136.0,16518.22,0.0,0.0,0.0,0.0,36.708333333333336,0.0,0.0
2025-03-25 01:00:00,0.0,5.166666666666667,2793.7,-14457.0,17250.7,0.0,0.0,0.0,0.0,34.50833333333333,0.0,0.0
2025-03-25 02:00:00,0.0,5.0,-71.58,-16495.0,16423.42,0.0,0.0,0.0,0.0,31.48333333333333,0.0,0.0
2025-03-25 03:00:00,0.0,5.0,-179.11,-16896.0,16716.89,0.0,0.0,0.0,0.0,30.1,0.0,0.0
2025-03-25 04:00:00,0.0,5.0,-35.83,-17342.0,17306.17,0.0,0.0,0.0,0.0,29.21666666666667,0.0,0.0
2025-03-25 05:00:00,180.0,5.0,-179.20000000000002,-20111.0,20111.8,0.0,0.0583333333333333,148.99166666666667,152.93333333333334,28.691666666666663,0.0,-180.0
2025-03-25 06:00:00,4261.0,5.0,-143.36,-15297.0,19414.64,0.3083333333333333,0.2666666666666666,377.0916666666667,407.3083333333333,29.375,2068.559411764706,-2192.440588235294
2025-03-25 07:00:00,21426.0,5.0,-898.4,-5860.0,26387.6,1.6666666666666667,1.0583333333333331,396.8083333333333,420.51666666666665,32.75,7626.559411764707,-13799.440588235293
2025-03-25 08:00:00,33256.0,6.25,-6614.09,-2936.0,29577.91,2.7416666666666667,1.625,406.98333333333335,426.725,38.34166666666667,12422.544117647058,-20833.455882352944
2025-03-25 09:00:00,66215.0,9.166666666666666,-29657.65,-1791.0,38348.35,4.366666666666666,3.7916666666666665,415.7916666666667,432.1166666666666,43.44166666666666,16269.21117647059,-49945.78882352941
2025-03-25 10:00:00,110625.0,20.5,-71057.17,-1517.0,41084.83,7.75,6.908333333333334,416.1666666666667,426.5583333333333,46.25,17401.721176470586,-93223.27882352941
2025-03-25 11:00:00,135538.0,39.16666666666666,-96090.66,-801.0,40248.34,10.391666666666667,8.966666666666667,405.23333333333335,408.9666666666667,47.68333333333334,18426.64,-117111.36
2025-03-25 12:00:00,114532.0,59.083333333333336,-79500.62,-2067.0,37098.38,9.116666666666667,7.858333333333333,417.98333333333335,423.6833333333333,47.13333333333333,16765.394705882358,-97766.60529411765
2025-03-25 13:00:00,130400.0,77.83333333333333,-91610.81,597.0,38192.19,12.108333333333334,8.916666666666666,395.5916666666667,405.6833333333333,46.975,13528.485882352941,-116871.51411764706
2025-03-25 14:00:00,75141.0,87.08333333333333,-29131.29,-1096.0,47105.71,7.95,4.716666666666667,399.56666666666666,416.60833333333335,44.36666666666667,11798.55588235294,-63342.44411764706
2025-03-25 15:00:00,50298.0,92.33333333333331,-14946.66,-1186.0,36537.34,5.1000000000000005,2.658333333333333,399.3833333333334,419.0333333333333,43.03333333333333,6923.268235294117,-43374.73176470588
2025-03-25 16:00:00,80647.0,98.0,-33747.51,15756.0,31143.49,11.091666666666669,3.9583333333333335,388.7416666666666,438.85,44.5,3537.34,-77109.66
2025-03-25 17:00:00,32359.0,99.41666666666669,7643.02,4115.0,35887.020000000004,4.483333333333333,1.2,381.0833333333333,440.2916666666667,40.75,56.84823529411764,-32302.151764705883
2025-03-25 18:00:00,2040.0,93.66666666666669,29068.96,-1482.0,32590.96,0.1666666666666666,0.1666666666666666,334.675,352.4916666666666,40.641666666666666,0.0,-2040.0
2025-03-25 19:00:00,33.0,85.75,24305.3,-328.0,24666.3,0.0,0.0166666666666666,40.13333333333333,28.58333333333333,40.38333333333333,0.0,-33.0
2025-03-25 20:00:00,0.0,78.16666666666667,25625.16,-1607.0,27232.16,0.0,0.0,0.0,0.0,40.05833333333333,0.0,0.0
2025-03-25 21:00:00,0.0,70.33333333333333,25966.81,-1665.0,27631.81,0.0,0.0,0.0,0.0,40.41666666666666,0.0,0.0
2025-03-25 22:00:00,0.0,62.583333333333336,23740.06,-105.0,23845.06,0.0,0.0,0.0,0.0,39.975,0.0,0.0
2025-03-25 23:00:00,0.0,55.083333333333336,19071.56,-59.0,19130.56,0.0,0.0,0.0,0.0,39.53333333333333,0.0,0.0
2025-03-26 00:00:00,0.0,50.16666666666666,15776.35,-118.0,15894.35,0.0,0.0,0.0,0.0,38.15833333333333,0.0,0.0
2025-03-26 01:00:00,0.0,46.25,15037.93,-78.0,15115.93,0.0,0.0,0.0,0.0,37.03333333333333,0.0,0.0
2025-03-26 02:00:00,0.0,42.5,15357.77,-98.0,15455.77,0.0,0.0,0.0,0.0,36.46666666666667,0.0,0.0
2025-03-26 03:00:00,0.0,38.66666666666666,14913.04,-161.0,15074.04,0.0,0.0,0.0,0.0,36.15,0.0,0.0
2025-03-26 04:00:00,0.0,34.833333333333336,15449.25,-84.0,15533.25,0.0,0.0,0.0,0.0,36.016666666666666,0.0,0.0
2025-03-26 05:00:00,276.0,30.33333333333333,20437.46,-659.0,21372.46,0.0,0.0666666666666666,162.15833333333333,182.21666666666667,36.891666666666666,0.0,-276.0
2025-03-26 06:00:00,14334.0,26.416666666666668,5431.08,-184.0,19949.08,0.75,0.5750000000000001,383.4333333333333,420.4666666666667,38.575,2040.7382352941179,-12293.261764705881
2025-03-26 07:00:00,45665.0,27.166666666666668,-19995.2,-212.0,25881.8,2.591666666666667,1.8833333333333333,404.8416666666667,443.76666666666665,42.16666666666666,6299.538235294118,-39365.461764705884
2025-03-26 08:00:00,40738.0,30.83333333333333,-9447.87,-1302.0,32592.13,3.0666666666666664,2.0416666666666665,411.0583333333333,429.4583333333333,41.41666666666666,10250.937058823527,-30487.062941176475
2025-03-26 09:00:00,57749.0,36.16666666666666,-35160.05,-1795.0,24383.95,4.558333333333334,2.766666666666667,411.8416666666667,431.6666666666667,43.86666666666667,12139.695294117646,-45609.30470588236
2025-03-26 10:00:00,47361.0,42.833333333333336,-20622.63,-500.0,27238.37,4.308333333333334,2.283333333333333,408.8,430.01666666666665,41.975,14486.88882352941,-32874.111176470586
2025-03-26 11:00:00,51827.0,46.5,-22437.31,-2211.0,31600.69,4.508333333333334,2.5166666666666666,407.4583333333333,426.35833333333335,41.94166666666667,13958.978235294118,-37868.02176470588
2025-03-26 12:00:00,48565.0,52.333333333333336,-27734.55,-273.0,21103.45,4.183333333333333,2.2333333333333334,405.4,423.75,41.05,13561.023529411763,-35003.97647058824
2025-03-26 13:00:00,37865.0,58.91666666666666,-18809.53,-210.0,19265.47,3.325,1.725,405.25,421.7083333333333,40.25833333333333,12118.27588235294,-25746.72411764706
2025-03-26 14:00:00,68388.0,65.0,-47480.08,-199.0,21106.92,6.316666666666666,3.15,411.6333333333334,432.75,43.9,9054.69823529412,-59333.30176470588
2025-03-26 15:00:00,41354.0,72.5,-11941.17,32.0,29380.83,3.625,1.9416666666666669,409.98333333333335,429.7,42.175,7179.843529411763,-34174.156470588234
2025-03-26 16:00:00,7742.0,18.25,-2962.08,-134.0,4913.92,0.6916666666666668,0.3833333333333333,101.46666666666664,104.59999999999998,10.291666666666666,3482.385294117647,-4259.6147058823535
2025-03-26 17:00:00,1425.0,22.75,14008.64,2023.0,13410.64,0.1083333333333333,0.0833333333333333,125.725,132.36666666666667,13.958333333333334,71.35352941176473,-1353.6464705882354
2025-03-26 18:00:00,686.0,63.5,23329.01,-66.0,24081.01,0.0083333333333333,0.1,342.4916666666666,349.8,40.625,0.0,-686.0
2025-03-26 19:00:00,37.0,55.5,32781.34,26.0,32792.34,0.0,0.0166666666666666,42.50833333333333,31.258333333333336,40.21666666666667,0.0,-37.0
2025-03-26 20:00:00,0.0,47.75,25375.79,277.0,25098.79,0.0,0.0,0.0,0.0,39.79166666666666,0.0,0.0
2025-03-26 21:00:00,0.0,41.66666666666666,25648.41,343.0,25305.41,0.0,0.0,0.0,0.0,38.525,0.0,0.0
2025-03-26 22:00:00,0.0,36.0,21182.38,1156.0,20026.38,0.0,0.0,0.0,0.0,37.55833333333333,0.0,0.0
2025-03-26 23:00:00,0.0,31.75,18529.17,333.0,18196.17,0.0,0.0,0.0,0.0,36.21666666666667,0.0,0.0
2025-03-27 00:00:00,0.0,27.5,16326.85,-568.0,16894.85,0.0,0.0,0.0,0.0,35.333333333333336,0.0,0.0
2025-03-27 01:00:00,0.0,23.5,17032.52,58.0,16974.52,0.0,0.0,0.0,0.0,34.9,0.0,0.0
2025-03-27 02:00:00,0.0,19.416666666666668,17249.42,466.0,16783.42,0.0,0.0,0.0,0.0,34.56666666666667,0.0,0.0
2025-03-27 03:00:00,0.0,15.166666666666666,17909.71,608.0,17301.71,0.0,0.0,0.0,0.0,34.53333333333333,0.0,0.0
2025-03-27 04:00:00,0.0,11.083333333333334,16520.95,-239.0,16759.95,0.0,0.0,0.0,0.0,34.391666666666666,0.0,0.0
2025-03-27 05:00:00,171.0,6.333333333333333,18884.75,-10292.0,29347.75,0.0,0.0583333333333333,156.425,153.98333333333332,34.5,0.0,-171.0
2025-03-27 06:00:00,3045.0,5.0,0.0,-28080.0,31125.0,0.225,0.1916666666666666,376.2916666666667,413.275,32.225,2329.1441176470594,-715.8558823529406
2025-03-27 07:00:00,13346.0,5.0,0.0,-22283.0,35629.0,1.175,0.7000000000000001,390.3,413.3833333333334,32.9,6777.310588235295,-6568.689411764705
2025-03-27 08:00:00,31077.0,5.0,-799.75,-13858.0,44135.25,2.591666666666667,1.475,410.1833333333333,429.8666666666666,35.63333333333333,9073.952352941176,-22003.047647058826
2025-03-27 09:00:00,55936.0,6.166666666666667,-8640.39,-5143.0,52438.61,4.825,2.533333333333333,410.3083333333333,434.56666666666666,41.958333333333336,13050.04294117647,-42885.95705882353
2025-03-27 10:00:00,66808.0,9.083333333333334,-15839.5,-4104.0,55072.5,5.791666666666667,2.95,411.98333333333335,435.35,42.74166666666667,13693.972352941179,-53114.02764705882
2025-03-27 11:00:00,87413.0,20.5,-61567.880000000005,-855.0,26700.12,7.508333333333333,3.966666666666667,409.26666666666665,433.06666666666666,44.26666666666667,13149.216470588235,-74263.78352941177
2025-03-27 12:00:00,103078.0,42.16666666666666,-74930.89,-193.0,28340.11,8.799999999999999,5.066666666666666,406.64166666666665,428.35833333333335,46.25,12669.690000000002,-90408.31
2025-03-27 13:00:00,79669.0,56.16666666666666,-46483.98,-859.0,34044.020000000004,6.683333333333334,3.975,406.575,426.0416666666667,45.2,12623.319411764705,-67045.6805882353
2025-03-27 14:00:00,35513.0,63.833333333333336,-13934.31,-504.0,22082.69,3.0666666666666664,1.775,400.5416666666667,419.64166666666665,41.2,12018.429411764706,-23494.570588235292
2025-03-27 15:00:00,37468.0,68.33333333333333,-17768.32,-96.0,19795.68,3.4333333333333336,1.725,401.525,425.9916666666666,43.23333333333333,8001.147647058824,-29466.852352941176
2025-03-27 16:00:00,32819.0,72.0,-11943.91,223.0,20652.09,3.1666666666666665,1.5333333333333332,400.85,421.5083333333334,44.225,3385.842352941177,-29433.157647058822
2025-03-27 17:00:00,30143.0,74.33333333333333,-11479.93,-567.0,19230.07,4.683333333333333,1.0333333333333334,388.1166666666666,413.45,43.55,96.31764705882354,-30046.682352941178
2025-03-27 18:00:00,3742.0,73.58333333333333,21447.51,-635.0,25824.51,0.4833333333333333,0.1916666666666666,377.275,381.0416666666667,41.93333333333333,0.0,-3742.0
2025-03-27 19:00:00,69.0,67.16666666666667,17503.12,-612.0,18184.12,0.0,0.0333333333333333,81.75,60.575,39.625,0.0,-69.0
2025-03-27 20:00:00,0.0,60.91666666666666,23465.05,-5.0,23470.05,0.0,0.0,0.0,0.0,37.825,0.0,0.0
2025-03-27 21:00:00,0.0,53.41666666666666,28579.480000000003,-344.0,28923.480000000003,0.0,0.0,0.0,0.0,37.225,0.0,0.0
2025-03-27 22:00:00,0.0,46.41666666666666,23354.63,-1093.0,24447.63,0.0,0.0,0.0,0.0,37.71666666666667,0.0,0.0
2025-03-27 23:00:00,0.0,41.75,17111.78,16.0,17095.78,0.0,0.0,0.0,0.0,36.44166666666667,0.0,0.0
2025-03-28 00:00:00,0.0,37.5,18723.29,319.0,18404.29,0.0,0.0,0.0,0.0,35.516666666666666,0.0,0.0
2025-03-28 01:00:00,0.0,33.25,17385.27,-513.0,17898.27,0.0,0.0,0.0,0.0,34.81666666666667,0.0,0.0
2025-03-28 02:00:00,0.0,29.166666666666668,17117.43,-944.0,18061.43,0.0,0.0,0.0,0.0,34.36666666666667,0.0,0.0
2025-03-28 03:00:00,0.0,25.166666666666668,16992.82,386.0,16606.82,0.0,0.0,0.0,0.0,34.06666666666667,0.0,0.0
2025-03-28 04:00:00,0.0,21.08333333333333,14928.01,-269.0,15197.01,0.0,0.0,0.0,0.0,33.75833333333333,0.0,0.0
2025-03-28 05:00:00,298.0,16.416666666666668,19031.59,-1286.0,20615.59,0.0,0.075,199.6916666666667,200.03333333333333,34.2,0.0,-298.0
2025-03-28 06:00:00,16221.0,13.166666666666666,5164.549999999999,85.0,21300.55,0.4083333333333334,0.35,392.81666666666666,440.1583333333333,35.49166666666667,2649.8611764705884,-13571.13882352941
2025-03-28 07:00:00,62840.0,16.25,-38731.54,-415.0,24523.46,1.0916666666666666,2.458333333333333,404.8416666666667,375.2416666666666,42.075,7595.709411764705,-55244.29058823529
2025-03-28 08:00:00,108382.0,27.916666666666668,-65460.08,221.0,42700.92,1.5,5.625,408.7416666666666,441.98333333333335,46.40833333333333,11567.773529411767,-96814.22647058824
2025-03-28 09:00:00,1595.0,36.0,0.0,-47885.0,49480.0,0.0833333333333333,0.225,465.625,496.10833333333335,36.99166666666667,15003.941176470587,13408.941176470587
2025-03-28 10:00:00,1594.0,36.0,-37.0,-48034.0,49591.0,0.0166666666666666,0.2583333333333333,473.9083333333333,487.175,31.58333333333333,16848.172352941176,15254.172352941176
2025-03-28 11:00:00,135294.0,43.5,-96033.59,-6938.0,46198.41,7.975,9.225,423.475,425.64166666666665,40.79166666666666,18738.82411764706,-116555.17588235294
2025-03-28 12:00:00,183719.0,69.33333333333333,-122768.32,337.0,60613.68,14.416666666666666,11.733333333333334,399.56666666666666,406.8416666666667,48.125,17748.31411764706,-165970.68588235293
2025-03-28 13:00:00,191700.0,92.58333333333331,-77787.78,22114.0,91798.22,17.875,12.95,398.125,403.6166666666666,48.475,15626.451176470591,-176073.54882352942
2025-03-28 14:00:00,167035.0,99.83333333333331,-37.34,74361.0,92636.66,18.9,11.391666666666666,381.23333333333335,403.6583333333333,48.45,11947.88588235294,-155087.11411764706
2025-03-28 15:00:00,139356.0,98.0,0.0,59496.0,79860.0,18.15,8.9,392.2416666666666,411.69166666666666,48.03333333333333,8075.458235294118,-131280.54176470588
2025-03-28 16:00:00,78328.0,97.66666666666669,7026.3,20611.0,64743.3,11.175,3.725,385.475,434.9333333333333,46.083333333333336,3529.3229411764705,-74798.67705882352
2025-03-28 17:00:00,17425.0,97.0,223.26,-6619.0,24267.26,2.1750000000000003,0.9333333333333332,415.9333333333333,427.3083333333333,40.71666666666667,116.00176470588237,-17308.99823529412
2025-03-28 18:00:00,2058.0,95.0,19659.16,-2779.0,24496.16,0.1583333333333333,0.1916666666666666,347.44166666666666,384.8833333333334,38.275,0.0,-2058.0
2025-03-28 19:00:00,51.0,87.58333333333333,22567.21,298.0,22320.21,0.0,0.025,56.03333333333333,46.75833333333333,39.13333333333333,0.0,-51.0
2025-03-28 20:00:00,0.0,79.66666666666667,23474.2,-874.0,24348.2,0.0,0.0,0.0,0.0,38.78333333333333,0.0,0.0
2025-03-28 21:00:00,0.0,72.0,26056.6,78.0,25978.6,0.0,0.0,0.0,0.0,38.11666666666667,0.0,0.0
2025-03-28 22:00:00,0.0,63.91666666666666,28131.17,-2246.0,30377.17,0.0,0.0,0.0,0.0,38.54166666666666,0.0,0.0
2025-03-28 23:00:00,0.0,56.16666666666666,21840.42,-4294.0,26134.42,0.0,0.0,0.0,0.0,38.35833333333333,0.0,0.0
2025-03-29 00:00:00,0.0,50.5,17512.93,-293.0,17805.93,0.0,0.0,0.0,0.0,37.65,0.0,0.0
2025-03-29 01:00:00,0.0,45.333333333333336,20604.6,-1893.0,22497.6,0.0,0.0,0.0,0.0,37.266666666666666,0.0,0.0
2025-03-29 02:00:00,0.0,40.41666666666666,31915.72,3116.0,28799.72,0.0,0.0,0.0,0.0,36.708333333333336,0.0,0.0
2025-03-29 03:00:00,0.0,35.416666666666664,15904.83,-956.0,16860.83,0.0,0.0,0.0,0.0,36.50833333333333,0.0,0.0
2025-03-29 04:00:00,0.0,30.5,15420.2,-1554.0,16974.2,0.0,0.0,0.0,0.0,36.14166666666667,0.0,0.0
2025-03-29 05:00:00,193.0,25.58333333333333,17873.44,68.0,17998.44,0.0,0.0666666666666666,160.23333333333332,167.65833333333333,36.083333333333336,0.0,-193.0
2025-03-29 06:00:00,2521.0,20.33333333333333,35846.01,549.0,37818.01,0.175,0.1583333333333333,374.2583333333334,394.95,37.19166666666667,2687.0952941176474,166.09529411764743
2025-03-29 07:00:00,10446.0,15.083333333333334,14664.32,-102.0,25212.32,0.9083333333333332,0.5416666666666666,383.51666666666665,411.19166666666666,39.7,7818.954705882354,-2627.0452941176463
2025-03-29 08:00:00,19894.0,12.0,4842.05,885.0,23851.05,1.7416666666666665,0.9583333333333334,399.6583333333333,417.95,40.833333333333336,13352.694117647061,-6541.305882352939
2025-03-29 09:00:00,41074.0,12.0,-12650.2,-3540.0,31963.8,3.591666666666667,1.8833333333333333,409.81666666666666,434.5083333333334,42.88333333333333,16823.13705882353,-24250.86294117647
2025-03-29 10:00:00,53764.0,15.166666666666666,11504.35,-1209.0,66477.35,4.758333333333334,2.408333333333333,412.0083333333334,431.575,44.91666666666666,18082.056470588235,-35681.943529411765
2025-03-29 11:00:00,60112.0,8.916666666666666,33570.96,-3277.0,96959.96,5.141666666666667,2.6916666666666664,414.2,433.1,45.775,17895.683529411766,-42216.31647058824
2025-03-29 12:00:00,38482.0,5.083333333333333,3480.47,-45122.0,87084.47,3.4166666666666665,1.8,402.8083333333333,423.76666666666665,42.85,16927.541764705882,-21554.458235294118
2025-03-29 13:00:00,42966.0,5.0,-36.24,-55530.0,98459.76,3.583333333333333,2.0416666666666665,401.4083333333333,425.525,42.45,14740.709411764707,-28225.290588235293
2025-03-29 14:00:00,69445.0,5.5,-1127.44,-19271.0,87588.56,6.325,3.208333333333333,411.6666666666667,432.3,44.19166666666666,11501.39117647059,-57943.60882352941
2025-03-29 15:00:00,53298.0,6.0,-72.6,-49719.0,102944.4,5.008333333333334,2.4916666666666667,406.98333333333335,426.475,41.641666666666666,7437.602352941176,-45860.397647058824
2025-03-29 16:00:00,26370.0,6.0,-36.3,-46771.0,73104.7,2.5,1.2916666666666667,396.2416666666666,415.51666666666665,41.025,3908.6952941176473,-22461.304705882354
2025-03-29 17:00:00,9317.0,5.166666666666667,-72.6,-20871.0,30115.4,0.8583333333333334,0.5166666666666667,386.375,403.3416666666667,38.425,124.63882352941177,-9192.361176470587
2025-03-29 18:00:00,1866.0,5.0,-36.3,-42649.0,44478.7,0.1416666666666666,0.15,346.69166666666666,375.56666666666666,35.325,0.0,-1866.0
2025-03-29 19:00:00,46.0,5.0,0.0,-28464.0,28510.0,0.0,0.025,40.94166666666667,39.45,32.38333333333333,0.0,-46.0
2025-03-29 20:00:00,0.0,5.0,-36.3,-25602.0,25565.7,0.0,0.0,0.0,0.0,30.84166666666667,0.0,0.0
2025-03-29 21:00:00,0.0,5.0,-36.3,-31664.0,31627.7,0.0,0.0,0.0,0.0,29.975,0.0,0.0
2025-03-29 22:00:00,0.0,5.0,-181.47,-22119.0,21937.53,0.0,0.0,0.0,0.0,29.316666666666663,0.0,0.0
2025-03-29 23:00:00,0.0,5.0,0.0,-26095.0,26095.0,0.0,0.0,0.0,0.0,28.883333333333336,0.0,0.0
2025-03-30 00:00:00,0.0,5.0,0.0,-21120.0,21120.0,0.0,0.0,0.0,0.0,28.575,0.0,0.0
2025-03-30 01:00:00,0.0,5.0,0.0,-15672.0,15672.0,0.0,0.0,0.0,0.0,28.325,0.0,0.0
2025-03-30 02:00:00,0.0,5.0,0.0,-16314.0,16314.0,0.0,0.0,0.0,0.0,28.116666666666664,0.0,0.0
2025-03-30 03:00:00,0.0,5.0,-253.96,-15336.0,15082.04,0.0,0.0,0.0,0.0,27.941666666666663,0.0,0.0
2025-03-30 04:00:00,0.0,5.0,-145.12,-16063.0,15917.88,0.0,0.0,0.0,0.0,27.775,0.0,0.0
2025-03-30 05:00:00,353.0,5.0,0.0,-17656.0,18009.0,0.0,0.0666666666666666,208.025,220.78333333333333,27.683333333333334,0.0,-353.0
2025-03-30 06:00:00,8641.0,5.0,-181.31,-11385.0,19844.69,0.525,0.4083333333333334,388.9,418.8083333333333,29.191666666666663,2549.1552941176474,-6091.844705882353
2025-03-30 07:00:00,61909.0,8.583333333333334,-34738.47,-214.0,27384.53,1.2666666666666666,2.216666666666667,399.2916666666667,419.4666666666666,37.59166666666667,7308.801764705882,-54600.19823529412
2025-03-30 08:00:00,104978.0,24.416666666666668,-43379.7,1711.0,59887.3,2.9916666666666667,5.25,408.8416666666667,433.775,46.25833333333333,10638.86,-94339.14
2025-03-30 09:00:00,117710.0,33.833333333333336,-35232.9,-571.0,83048.1,3.891666666666667,7.016666666666667,409.65,429.48333333333335,46.875,13510.540588235293,-104199.4594117647
2025-03-30 10:00:00,167907.0,47.25,-74379.95,784.0,92743.05,7.716666666666666,10.675,413.9166666666667,426.2,47.88333333333333,14915.607647058823,-152991.39235294118
2025-03-30 11:00:00,152004.0,61.25,-71488.51,355.0,80160.48999999999,10.633333333333333,8.883333333333333,409.625,426.23333333333335,47.99166666666667,14459.461764705882,-137544.5382352941
2025-03-30 12:00:00,115791.0,75.16666666666667,-39995.39,-19.0,75814.61,9.583333333333334,5.891666666666667,411.1666666666667,429.5333333333333,46.99166666666667,14442.859411764706,-101348.1405882353
2025-03-30 13:00:00,62245.0,83.25,-20851.09,620.0,40773.91,5.525,2.85,405.575,427.60833333333335,45.15833333333333,12622.802352941178,-49622.19764705882
2025-03-30 14:00:00,47274.0,86.66666666666667,-14721.43,40.0,32512.57,4.233333333333333,2.216666666666667,404.31666666666666,422.4583333333333,42.60833333333333,10656.704705882352,-36617.29529411765
2025-03-30 15:00:00,29828.0,87.16666666666667,9655.1,1321.0,38162.1,2.6166666666666667,1.4333333333333331,399.44166666666666,419.69166666666666,42.833333333333336,7053.551764705881,-22774.44823529412
2025-03-30 16:00:00,31102.0,83.08333333333333,1368.7699999999998,-572.0,33042.77,3.083333333333333,1.4666666666666668,402.475,420.85,42.1,3776.932352941176,-27325.067647058822
2025-03-30 17:00:00,5367.0,81.58333333333333,19988.5,-145.0,25500.5,0.4333333333333333,0.3333333333333333,373.4333333333333,412.7833333333333,42.54166666666666,172.95294117647057,-5194.047058823529
2025-03-30 18:00:00,766.0,73.75,36515.94,38.0,37243.94,0.0083333333333333,0.1,339.71666666666664,364.6166666666666,42.11666666666667,0.0,-766.0
2025-03-30 19:00:00,69.0,64.5,27739.91,-160.0,27968.91,0.0,0.0333333333333333,64.83333333333333,62.325,41.73333333333333,0.0,-69.0
2025-03-30 20:00:00,0.0,56.66666666666666,25065.73,79.0,24986.73,0.0,0.0,0.0,0.0,40.025,0.0,0.0
2025-03-30 21:00:00,0.0,50.25,21810.21,-44.0,21854.21,0.0,0.0,0.0,0.0,38.34166666666667,0.0,0.0
2025-03-30 22:00:00,0.0,45.41666666666666,21578.37,38.0,21540.37,0.0,0.0,0.0,0.0,37.208333333333336,0.0,0.0
2025-03-30 23:00:00,0.0,41.083333333333336,16179.44,-250.0,16429.44,0.0,0.0,0.0,0.0,36.275,0.0,0.0
2025-03-31 00:00:00,0.0,37.25,14202.54,-170.0,14372.54,0.0,0.0,0.0,0.0,35.050000000000004,0.0,0.0
2025-03-31 01:00:00,0.0,33.5,14906.65,178.0,14728.65,0.0,0.0,0.0,0.0,34.31666666666667,0.0,0.0
2025-03-31 02:00:00,0.0,29.58333333333333,14440.15,-523.0,14963.15,0.0,0.0,0.0,0.0,33.925,0.0,0.0
2025-03-31 03:00:00,0.0,25.83333333333333,14981.81,9.0,14972.81,0.0,0.0,0.0,0.0,33.625,0.0,0.0
2025-03-31 04:00:00,0.0,19.25,37516.33,-498.0,38014.33,0.0,0.0,0.0,0.0,36.583333333333336,0.0,0.0
2025-03-31 05:00:00,323.0,11.166666666666666,33024.22,-219.0,33566.22,0.0,0.075,192.04166666666663,218.6916666666667,38.00833333333333,0.0,-323.0
2025-03-31 06:00:00,5132.0,5.25,6239.099999999999,-26818.0,38189.1,0.4083333333333334,0.2916666666666667,382.48333333333335,408.1583333333333,37.23333333333333,2162.245882352941,-2969.754117647059
2025-03-31 07:00:00,11487.0,5.0,-107.58,-22308.0,33687.42,0.9666666666666668,0.5916666666666667,391.7583333333334,412.2,35.175000000000004,5276.1658823529415,-6210.8341176470585
2025-03-31 08:00:00,37805.0,5.333333333333333,-4552.57,-8578.0,41830.43,3.083333333333333,1.8,406.9333333333333,427.4166666666667,37.675,9034.15470588235,-28770.84529411765
2025-03-31 09:00:00,60117.0,7.833333333333333,-21797.1,-866.0,39185.9,4.808333333333334,2.658333333333333,413.1583333333333,436.0916666666667,43.36666666666667,12053.237647058824,-48063.76235294118
2025-03-31 10:00:00,51087.0,11.333333333333334,-10158.53,-3464.0,44392.47,4.141666666666667,2.4166666666666665,411.025,432.975,41.68333333333333,14227.955882352939,-36859.04411764706
2025-03-31 11:00:00,45297.0,14.25,-18900.15,-167.0,26563.85,3.825,2.125,409.6666666666667,434.4333333333333,42.9,13686.608823529412,-31610.391176470588
2025-03-31 12:00:00,64660.0,17.833333333333332,-31249.480000000003,-370.0,33780.52,5.616666666666666,2.8833333333333333,414.2833333333333,434.7,43.025,13590.375882352942,-51069.62411764706
2025-03-31 13:00:00,90090.0,28.666666666666668,-55358.22,53.0,34678.78,7.875,4.25,417.25,435.0416666666667,45.55,10463.791764705884,-79626.20823529412
2025-03-31 14:00:00,50552.0,38.833333333333336,-16971.75,-158.0,33738.25,4.541666666666667,2.4083333333333337,410.2833333333333,429.2916666666667,43.00833333333333,9008.914705882353,-41543.08529411765
2025-03-31 15:00:00,33768.0,39.333333333333336,5247.849999999999,-275.0,39290.85,3.1,1.6416666666666666,398.5583333333333,413.6666666666667,40.68333333333333,5282.62,-28485.38
2025-03-31 16:00:00,19894.0,38.5,1971.9,-887.0,22752.9,1.6916666666666669,0.9833333333333334,401.85,416.125,40.55,2601.7182352941177,-17292.281764705884
2025-03-31 17:00:00,8092.0,35.916666666666664,17068.69,299.0,24861.69,0.6833333333333332,0.425,385.26666666666665,417.2,40.45,154.38882352941175,-7937.611176470588
2025-03-31 18:00:00,974.0,29.416666666666668,33027.02,55.0,33946.02,0.05,0.0916666666666666,352.94166666666666,378.7083333333333,40.925,0.0,-974.0
2025-03-31 19:00:00,66.0,22.166666666666668,25065.4,-335.0,25466.4,0.0,0.0333333333333333,64.28333333333333,54.96666666666667,40.24166666666667,0.0,-66.0
2025-03-31 20:00:00,0.0,14.916666666666666,29709.82,138.0,29571.82,0.0,0.0,0.0,0.0,40.225,0.0,0.0
2025-03-31 21:00:00,0.0,8.666666666666666,21884.62,-208.0,22092.62,0.0,0.0,0.0,0.0,38.54166666666666,0.0,0.0
2025-03-31 22:00:00,0.0,5.083333333333333,1805.4,-16427.0,18232.4,0.0,0.0,0.0,0.0,34.983333333333334,0.0,0.0
2025-03-31 23:00:00,0.0,5.0,-107.56,-16994.0,16886.44,0.0,0.0,0.0,0.0,31.53333333333333,0.0,0.0
2025-04-01 00:00:00,0.0,5.0,-143.48,-16759.0,16615.52,0.0,0.0,0.0,0.0,29.891666666666666,0.0,0.0
2025-04-01 01:00:00,0.0,5.0,-251.06,-16508.0,16256.94,0.0,0.0,0.0,0.0,28.758333333333336,0.0,0.0
2025-04-01 02:00:00,0.0,5.0,0.0,-16756.0,16756.0,0.0,0.0,0.0,0.0,28.041666666666668,0.0,0.0
2025-04-01 03:00:00,0.0,5.0,-71.75,-16865.0,16793.25,0.0,0.0,0.0,0.0,27.558333333333334,0.0,0.0
2025-04-01 04:00:00,0.0,5.0,-35.88,-23301.0,23265.12,0.0,0.0,0.0,0.0,27.20833333333333,0.0,0.0
2025-04-01 05:00:00,420.0,5.0,0.0,-18078.0,18498.0,0.0,0.0833333333333333,233.95,244.24166666666667,27.05,5.488823529411764,-414.5111764705882
2025-04-01 06:00:00,7207.0,5.0,-35.88,-23318.0,30489.12,0.4666666666666666,0.3416666666666666,385.775,419.3416666666667,28.5,2258.048235294117,-4948.951764705883
2025-04-01 07:00:00,29782.0,5.416666666666667,-7038.17,-3914.0,26657.83,1.7416666666666665,1.4083333333333332,405.3333333333333,433.7166666666667,33.19166666666667,6578.928235294117,-23203.071764705885
2025-04-01 08:00:00,51160.0,8.416666666666666,-24214.0,-1355.0,28301.0,3.375,2.441666666666667,412.475,440.14166666666665,40.4,10216.612352941176,-40943.38764705882
2025-04-01 09:00:00,53917.0,12.5,4404.13,-2916.0,61237.13,4.258333333333334,2.5,412.3083333333333,437.325,43.55833333333334,12578.687647058823,-41338.312352941175
2025-04-01 10:00:00,51814.0,6.5,16545.55,-20977.0,89336.55,4.508333333333334,2.3583333333333334,412.4083333333333,434.475,43.76666666666667,13568.231764705879,-38245.76823529412
2025-04-01 11:00:00,72275.0,6.5,-18831.53,-15590.0,69033.47,5.983333333333333,3.4333333333333336,408.825,435.2166666666667,42.7,15336.257058823528,-56938.742941176475
2025-04-01 12:00:00,52799.0,10.5,-6236.209999999999,238.0,46324.79,4.608333333333333,2.5,405.6666666666667,428.19166666666666,42.083333333333336,12950.97,-39848.03
2025-04-01 13:00:00,75771.0,16.166666666666668,-41822.1,1363.0,32585.9,6.825,3.9166666666666665,406.775,431.625,42.175,11347.468235294118,-64423.531764705884
2025-04-01 14:00:00,106344.0,29.58333333333333,-71471.28,444.0,34428.72,11.05,6.158333333333334,400.48333333333335,422.9666666666667,43.98333333333333,9960.639411764707,-96383.36058823529
2025-04-01 15:00:00,95397.0,41.0,-60791.47,-2552.0,37157.53,11.408333333333331,5.441666666666666,403.51666666666665,428.175,44.65833333333333,6513.097058823529,-88883.90294117646
2025-04-01 16:00:00,68813.0,52.5,-33107.14,-698.0,36403.86,9.508333333333333,3.4416666666666664,390.3,420.7833333333333,44.05,3149.330588235294,-65663.66941176471
2025-04-01 17:00:00,45301.0,58.5,-17853.0,-214.0,27662.0,7.258333333333333,1.9333333333333331,392.1666666666667,320.375,41.41666666666666,242.96529411764706,-45058.03470588235
2025-04-01 18:00:00,7090.0,57.083333333333336,26786.26,-257.0,34133.26,1.0666666666666669,0.2416666666666666,374.125,398.7083333333333,40.79166666666666,0.0,-7090.0
2025-04-01 19:00:00,91.0,49.0,33588.2,612.0,33067.2,0.0,0.0333333333333333,93.8,75.80833333333334,40.66666666666666,0.0,-91.0
2025-04-01 20:00:00,0.0,41.16666666666666,29841.83,-38.0,29879.83,0.0,0.0,0.0,0.0,39.99166666666667,0.0,0.0
2025-04-01 21:00:00,0.0,34.916666666666664,23996.16,21.0,23975.16,0.0,0.0,0.0,0.0,37.84166666666667,0.0,0.0
2025-04-01 22:00:00,0.0,29.916666666666668,19883.85,96.0,19787.85,0.0,0.0,0.0,0.0,36.208333333333336,0.0,0.0
2025-04-01 23:00:00,0.0,25.83333333333333,17301.18,-211.0,17512.18,0.0,0.0,0.0,0.0,35.19166666666666,0.0,0.0
