date,PV(W)_sum,PV(W)_mean,PV(W)_std,PV(W)_max,Battery(W)_mean,SOC(%)_mean,Load(W)_mean,Difference_mean,Difference_std,Difference_min,diff_mean_30d_avg
2023-12-14,0.0,0.0,0.0,0.0,0.5744435317884139,0.0,0.0,0.9462750418117666,0.012852417854166522,1.0,0.9599749452416962
2023-12-15,0.0,0.0,0.0,0.0,0.5744435317884139,0.0,0.0,0.9467580384133922,0.013037896036848448,1.0,0.9600353651018041
2023-12-16,0.0,0.0,0.0,0.0,0.5744435317884139,0.0,0.0,0.9433890962427199,0.008896710738210778,1.0,0.9598114216853153
2023-12-17,0.0,0.0,0.0,0.0,0.5744435317884139,0.0,0.0,0.9452048473699888,0.010548866729477418,1.0,0.9597534906491672
2023-12-18,0.0,0.0,0.0,0.0,0.5744435317884139,0.0,0.0,0.949179110989392,0.016185305561639256,1.0,0.9599943004635604
2023-12-19,0.0,0.0,0.0,0.0,0.5744435317884139,0.0,0.0,0.9515629949999533,0.0197537355013423,1.0,0.9603777885597267
2023-12-20,0.0,0.0,0.0,0.0,0.5744435317884139,0.0,0.0,0.9482370628906654,0.014478921136630669,1.0,0.960503174811833
2023-12-21,0.0,0.0,0.0,0.0,0.5744435317884139,0.0,0.0,0.9444558437926733,0.009768544040554931,1.0,0.9603767016705167
2023-12-22,0.0,0.0,0.0,0.0,0.5744435317884139,0.0,0.0,0.944405858552864,0.009584992424393363,1.0,0.9602581856672066
2023-12-23,0.0,0.0,0.0,0.0,0.5744435317884139,0.0,0.0,0.947442430463516,0.013975871479435329,1.0,0.960326559816225
2023-12-24,0.0,0.0,0.0,0.0,0.5744435317884139,0.0,0.0,0.9478402907834746,0.014294645216000372,1.0,0.9604117291749222
2023-12-25,0.0,0.0,0.0,0.0,0.5744435317884139,0.0,0.0,0.949948555272229,0.017815862189631295,1.0,0.9606037923654743
2023-12-26,0.0,0.0,0.0,0.0,0.5744435317884139,0.0,0.0,0.9530567687414991,0.02205985084803358,1.0,0.9609426865101584
2023-12-27,0.0,0.0,0.0,0.0,0.5744435317884139,0.0,0.0,0.9562945750805484,0.026395620058630727,1.0,0.9614191549915766
2023-12-28,0.0,0.0,0.0,0.0,0.5744435317884139,0.0,0.0,0.9518057858852004,0.020672499374256654,1.0,0.9616462096550258
2023-12-29,0.0,0.0,0.0,0.0,0.5744435317884139,0.0,0.0,0.9500111230827589,0.017056098809725848,1.0,0.9617744329314735
2023-12-30,0.0,0.0,0.0,0.0,0.5744435317884139,0.0,0.0,0.9546941334848689,0.024566739763028193,1.0,0.9623668418613526
2023-12-31,0.0,0.0,0.0,0.0,0.5744435317884139,0.0,0.0,0.9517372780254637,0.019535170832035306,1.0,0.9627370434907806
2024-01-01,0.0,0.0,0.0,0.0,0.5744435317884139,0.0,0.0,0.9497113894737942,0.016564739340281638,1.0,0.9630326906451631
2024-01-02,0.0,0.0,0.0,0.0,0.5744435317884139,0.0,0.0,0.9450108057625699,0.010873071191781011,1.0,0.9628464659053539
2024-01-03,0.0,0.0,0.0,0.0,0.5744435317884139,0.0,0.0,0.9456645031348299,0.011329227241887056,1.0,0.9627666078307588
2024-01-04,0.0,0.0,0.0,0.0,0.5744435317884139,0.0,0.0,0.9428960987003389,0.006905471610289746,1.0,0.9625615146989148
2024-01-05,0.0,0.0,0.0,0.0,0.5744435317884139,0.0,0.0,0.9402057076198764,0.003054471253183334,1.0,0.9623158725050169
2024-01-06,0.0,0.0,0.0,0.0,0.5744435317884139,0.0,0.0,0.9495290342098324,0.015466239322739073,1.0,0.9622271475090923
2024-01-07,0.0,0.0,0.0,0.0,0.5744435317884139,0.0,0.0,0.944616164959898,0.009370530290907736,1.0,0.9619609582043274
2024-01-08,0.0,0.0,0.0,0.0,0.5744435317884139,0.0,0.0,0.9444453712930517,0.009665412401074361,1.0,0.9618650027563399
2024-01-09,0.0,0.0,0.0,0.0,0.5744435317884139,0.0,0.0,0.9442344783127941,0.008865191678941585,1.0,0.9616500821444341
2024-01-10,0.0,0.0,0.0,0.0,0.5744435317884139,0.0,0.0,0.9529809663173137,0.02071822127369779,1.0,0.9622076269719039
2024-01-11,0.0,0.0,0.0,0.0,0.5744435317884139,0.0,0.0,0.9462019156832098,0.010972936646978806,1.0,0.9624379730075644
2024-01-12,0.0,0.0,0.0,0.0,0.5744435317884139,0.0,0.0,0.9504521350202345,0.01596579641431001,1.0,0.9625975032834205
2024-01-13,0.0,0.0,0.0,0.0,0.5744435317884139,0.0,0.0,0.9508719383101701,0.017151869251667676,1.0,0.9628118803447598
2024-01-14,0.0,0.0,0.0,0.0,0.5744435317884139,0.0,0.0,0.9460652423526319,0.010292244125983122,1.0,0.9627795716809332
2024-01-15,0.0,0.0,0.0,0.0,0.5744435317884139,0.0,0.0,0.9572456190714903,0.02530569172638813,1.0,0.9634257730138203
2024-01-16,0.0,0.0,0.0,0.0,0.5744435317884139,0.0,0.0,0.9569198081687561,0.024973170328315725,1.0,0.963972102231939
2024-01-17,0.0,0.0,0.0,0.0,0.5744435317884139,0.0,0.0,0.9519265093785578,0.019128309025742807,1.0,0.9641002276298466
2024-01-18,0.0,0.0,0.0,0.0,0.5744435317884139,0.0,0.0,0.9454598288924146,0.009150935179851856,1.0,0.9638156054253975
2024-01-19,0.0,0.0,0.0,0.0,0.5744435317884139,0.0,0.0,0.9514202577585529,0.017498083015704147,1.0,0.9639640542672813
2024-01-20,0.0,0.0,0.0,0.0,0.5744435317884139,0.0,0.0,0.9472907459898207,0.012447240259102633,1.0,0.9640962604203717
2024-01-21,0.0,0.0,0.0,0.0,0.5744435317884139,0.0,0.0,0.9442173261331739,0.006992479270328765,1.0,0.9640874681784506
2024-01-22,0.0,0.0,0.0,0.0,0.5744435317884139,0.0,0.0,0.9472736097352653,0.011485389699548315,1.0,0.9640795951946607
2024-01-23,0.0,0.0,0.0,0.0,0.5744435317884139,0.0,0.0,0.9444422632512192,0.008110065137185044,1.0,0.9639211275944074
2024-01-24,0.0,0.0,0.0,0.0,0.5744435317884139,0.0,0.0,0.9524368572791445,0.018487619463254803,1.0,0.9640371699878248
2024-01-25,0.29245483462644023,0.29245483462644023,0.4080335857922157,0.5136603715791797,0.39520436156207517,0.5012210438180296,0.33729340895304727,0.6637430049406796,0.3921526567017717,0.4860589172606768,0.9505449726955477
2024-01-26,0.12360124986862712,0.12360124986862712,0.2062295837053785,0.2861878784791153,0.4435285956698066,0.5394920457716997,0.37837541710724254,0.8338189034549371,0.1771071842235571,0.7326757918559194,0.9448332986176613
2024-01-27,0.547391894904994,0.547391894904994,0.7035220665441133,0.7828738275496757,0.5466475588535336,0.6489324588333799,0.4707282041674483,0.4065512047144824,0.7174100795303836,0.1974208566955597,0.9194052571479923
2024-01-28,0.5662591842555754,0.5662591842555754,0.7219226507068232,0.7843779366506237,0.4777779595868155,0.6228718950600056,0.5176373422746453,0.38769673386128956,0.7349405510426776,0.19900698634591707,0.8931816285864226
2024-01-29,0.5036446464485937,0.5036446464485937,0.653805175046727,0.7306093315648353,0.48454589287397193,0.6139059447390456,0.4904993944916439,0.45608874759801693,0.6547603573445391,0.2610877582999213,0.8699290803875447
2024-01-30,0.40182474886320396,0.40182474886320396,0.5213748296841431,0.6002829541171404,0.45063729737406494,0.625244208763606,0.4664242064637807,0.5543908156746311,0.5160561868529684,0.3932140128746373,0.8513987595587136
2024-01-31,0.4411356800160026,0.4411356800160026,0.5791841585981563,0.7047559787499869,0.5311226697315489,0.6088822216020096,0.4580744160016992,0.5197626273172775,0.5757627330096746,0.28979589214765133,0.8313480248533306
2024-02-01,0.03136551781011824,0.03136551781011824,0.04154495018588935,0.049082517509145954,0.5467435122157523,0.3966299190622384,0.41602972300731883,0.9158749245650688,0.011182565369188548,0.9592054031408827,0.829989268006658
2024-02-02,0.08848788722608802,0.08848788722608802,0.11066330212760414,0.12064549274114103,0.5115278871086744,0.42516745743790124,0.3371476306189526,0.8618053470877316,0.07714839217443346,0.8943936660952367,0.8260784817955661
2024-02-03,0.5910284139753609,0.5910284139753609,0.7450580367089787,0.8017059471938238,0.5049443918053435,0.6315238626849009,0.4732867448694334,0.3685917228093254,0.755742022992004,0.18154881077560228,0.7992956981369419
2024-02-04,0.24060514341965827,0.24060514341965827,0.3388378408521588,0.4771229064685374,0.6271849273288688,0.48698716159642763,0.7294851685971736,0.7236137659435368,0.30941925705528533,0.5385092773919501,0.7891948955666692
2024-02-05,0.5815513153410391,0.5815513153410391,0.7335270435540815,0.7738691538062968,0.3495680758887901,0.6461415015350266,0.38976322443975725,0.39022944291167116,0.7318846081325767,0.2269869553733942,0.7631118626264183
2024-02-06,0.517446371595947,0.517446371595947,0.6428452707961726,0.681030849300675,0.48556266783642726,0.6427225788445438,0.4110527308800111,0.45164737262922305,0.6396690647634767,0.3113049320194641,0.7401221779405553
2024-02-07,0.2661199347276517,0.2661199347276517,0.41474448246463147,0.6055292381213512,0.5578998152256378,0.5994278537538376,0.4045652488532185,0.6968641026633302,0.39198936688717434,0.4069604633882948,0.7285761827609959
2024-02-08,0.22123447486184272,0.22123447486184272,0.3135674031676016,0.4024820415461756,0.4669686394423279,0.6023234719508792,0.4101273710727142,0.7459263902962308,0.2786671375256558,0.6215991477423676,0.7193280508607943
2024-02-09,0.17698636516247193,0.17698636516247193,0.23172550503434852,0.28623547686838585,0.510178553642462,0.5399804632989115,0.4786715430818774,0.7882684774876297,0.19091587837929927,0.7430575588314268,0.711646655525168
2024-02-10,0.14579524308327804,0.14579524308327804,0.17445185109676942,0.19125242032578846,0.5261154777904455,0.4667178342171365,0.43044407879290364,0.8208580337024926,0.13315729359424214,0.8283020447843282,0.705801221962498
2024-02-11,0.08368205485173029,0.08368205485173029,0.10992211037133143,0.1295792396539147,0.5390264217246622,0.40475858219369243,0.4713671244481614,0.8731843854522808,0.07052359214759178,0.9006501944288583,0.7021978271298247
2024-02-12,0.23378767124426972,0.23378767124426972,0.3253530884204491,0.4783925804258476,0.49732125921142295,0.5797167178342172,0.45940478251666567,0.7288321089036057,0.2997464954790196,0.5341299845253596,0.6918429613752891
2024-02-13,0.4439995667880635,0.4439995667880635,0.5348814555137827,0.6309630974395519,0.547977108709116,0.6454088752442089,0.49509214948603436,0.5268095189637119,0.5183974512983879,0.36686612805957275,0.6722908983777814
2024-02-14,0.2940360551423186,0.2940360551423186,0.36226363898987546,0.4311350165448863,0.5392948402804119,0.5957996092659782,0.6328858463234482,0.6840065175734547,0.321330854974528,0.6042931748695043,0.659548345735474
2024-02-15,0.5250361568222937,0.5250361568222937,0.6416649365238554,0.7073680318965699,0.39588230655919054,0.6604800446553167,0.3805027633768704,0.4389544969466771,0.6375991959698829,0.29253382337759826,0.6353929440782776
2024-02-16,0.44921100505428674,0.44921100505428674,0.5889852949700279,0.7652881580333476,0.6044302402807882,0.6473625453530562,0.4675491648945303,0.5213712101600229,0.5761997381432078,0.23731584038517636,0.6153139234123571
2024-02-17,0.19412243962902176,0.19412243962902176,0.3242333390110116,0.5214206874316296,0.49233767077118623,0.4706251744348312,0.4845438242843407,0.7681745570640272,0.3105783317412476,0.47500508902550437,0.6070461941723119
2024-02-18,0.5160082782729578,0.5160082782729579,0.6507291856411913,0.7742035978733248,0.5362827713087018,0.6039980463298912,0.629975547287325,0.4548734705066696,0.6412894533634056,0.2257719162361574,0.5838896490759607
2024-02-19,0.33958891288144283,0.3395889128814428,0.4504634317472579,0.6283139070881534,0.3912132604239816,0.6228370080937762,0.3947588188818432,0.6251179703371724,0.43552836355254293,0.3710753089908441,0.5688650660965672
2024-02-20,0.3295444787475957,0.3295444787475957,0.39640794680483254,0.41773455309349256,0.5283204096564317,0.6624337147641641,0.4226780939863593,0.6397256236241479,0.3729114329259473,0.5998729502912769,0.5546650430138718
2024-02-21,0.5590616673406926,0.5590616673406926,0.6830855112273182,0.7426352999906791,0.511354623729124,0.6748534747418365,0.3946898879743319,0.41521101082131423,0.6728334351857649,0.26097870175844295,0.5298522119128565
2024-02-22,0.12504083870978472,0.12504083870978472,0.1902978425669651,0.26432232917853443,0.5567539621811481,0.4222020653084008,0.4490636714491673,0.8432363896452761,0.15327627053169512,0.7631464555365078,0.5251324585354515
2024-02-23,0.09520256541797054,0.09520256541797054,0.11781045088118274,0.12514714963584095,0.5382700834577601,0.41358498464973487,0.5220076521133554,0.8729317838423312,0.0712592005759758,0.9078861785940964,0.5214247257181323
2024-02-24,0.4571537630891985,0.4571537630891985,0.5580251168033984,0.6111817299179519,0.5675324381373053,0.6228021211275467,0.6722800706719397,0.5216613825369686,0.5310385356924924,0.4084241594456735,0.5147987247429506
2024-02-25,0.705670029756386,0.705670029756386,0.8988637359939767,0.9359919875696022,0.5398758056761402,0.6158945018141223,0.5965061300948369,0.2804325249749452,0.8947409817814265,0.068808240935159,0.48899145550272494
2024-02-26,0.41788133389904614,0.4178813338990461,0.5978843751805901,0.8067340108903023,0.34427410711348516,0.6669690203739883,0.28242347344829605,0.5588302929065248,0.5858179120908462,0.19250419630745602,0.496093017054389
2024-02-27,0.26863902825990643,0.2686390282599065,0.3316481241840099,0.4295210650071602,0.6107930371496868,0.6557703042143455,0.4630965894793013,0.7021663485972623,0.3033405939912132,0.5867535748911193,0.5107583617953505
2024-02-28,0.08797695412606366,0.08797695412606367,0.10047972663098585,0.10447344308022463,0.5483228372821971,0.4265280491208485,0.4591732168085941,0.8809674689613207,0.051329182091040135,0.9331765532567731,0.5305726542735707
2024-02-29,0.4287913373239353,0.42879133732393526,0.5986661250468742,0.7591814416077083,0.5064699533420363,0.6262559307842591,0.3903560603451867,0.545067530666789,0.5927385025968187,0.24440739500451053,0.5301378612686152
2024-03-01,0.16459268563123083,0.16459268563123083,0.20064342791953127,0.20554344440984118,0.5656394259651395,0.5945785654479487,0.41706790073660355,0.8005662779671223,0.1598273390048456,0.820782501990256,0.5432331879657843
2024-03-02,0.7583846035366838,0.7583846035366837,0.8660407757484824,0.849486570297538,0.3876839098982535,0.6694808819425063,0.6351203515584647,0.21125830301586568,0.8771471020547068,0.14180996800805817,0.5103732702471628
2024-03-03,0.6380874111141447,0.6380874111141447,0.7447339966521741,0.8536040924990483,0.6531886875832073,0.6932040189785097,0.5221435874750674,0.33944242651409984,0.742726534170946,0.14513808416218424,0.486012785319105
2024-03-04,0.11073275857924982,0.11073275857924982,0.12551500136705995,0.16285741813573953,0.5427341098124941,0.465671225230254,0.5976985444922821,0.8605216621106663,0.08087711226292156,0.8707964955998732,0.508954022914704
2024-03-05,0.1683202646664284,0.1683202646664284,0.203279056549078,0.23326966307767838,0.5368467467448691,0.5656572704437622,0.4898260689588411,0.795447341031594,0.17307875224835087,0.7868543547047872,0.5123039940829093
2024-03-06,0.050089908873652465,0.050089908873652465,0.05273517357096653,0.055277212496052205,0.532853422088578,0.40420039073402175,0.3912737143392422,0.9144110695968359,0.011012376277713539,0.971952751892559,0.536749294684273
2024-03-07,0.17995293909531251,0.17995293909531251,0.2277779108658375,0.2942217543050651,0.5387749931284735,0.613103544515769,0.3526204520952468,0.7937724311782771,0.18592837724322372,0.733262968234732,0.5527043558190542
2024-03-08,0.8706004278067064,0.8706004278067064,1.0,0.9874027462910655,0.4374797709730646,0.6756209879988837,0.35321440173149626,0.12250047933781795,1.0,0.014451341072009327,0.5259188091460998
2024-03-09,0.7849092968993773,0.7849092968993773,0.9217530981832653,0.9617389501385426,0.6428071381319631,0.6562587217415573,0.6016224288771498,0.19865956835446014,0.9210854046791819,0.03586672221500221,0.5003969264808861
2024-03-10,0.34663608443921434,0.34663608443921434,0.4169171890924171,0.4906453473306771,0.5255879908580334,0.6089868825006978,0.5808661586930364,0.6263017706530243,0.3894927361266032,0.5193513576190087,0.4928435811623502
2024-03-11,0.694062336585073,0.694062336585073,0.836915973281184,0.9239889291377149,0.5251908933132593,0.6544794864638571,0.5629162493687856,0.28933617036712983,0.8286811013308049,0.08499119354869723,0.4680559673583395
2024-03-12,0.21330712982030112,0.21330712982030112,0.22955260559451734,0.25879317474665886,0.46802349928057785,0.6548632430923806,0.36014283086052984,0.7675898957328229,0.1798958014985348,0.7746749495923388,0.4631315501112807
2024-03-13,0.19540252687938298,0.19540252687938295,0.2078469294498305,0.20398723861030696,0.4886661861206739,0.624755791236394,0.34618191402287035,0.7754214631019427,0.1644564818007938,0.824559853363757,0.46530425268272324
2024-03-14,0.6762884236196218,0.6762884236196218,0.722393921020162,0.7194715176992257,0.4440427985063203,0.6977742115545633,0.29152027628230154,0.30020703637190244,0.7168292474051131,0.28893664255246543,0.4547366068096655
2024-03-15,0.5168877039976436,0.5168877039976436,0.6453073700285941,0.8495576017399878,0.45332974985819374,0.7202414178063077,0.39443505432237125,0.45529511048742344,0.6407816800170657,0.13469747623717238,0.4440706108789518
2024-03-16,0.3130824556841723,0.3130824556841723,0.35017892314273685,0.4232776209006934,0.7108990761623969,0.6964833938040749,0.6483032822670696,0.663168308276472,0.3151300389302237,0.6006109090242351,0.4545268606555704
2024-03-17,0.5299880463843201,0.52998804638432,0.6232661697050982,0.7190747249728454,0.5102715993270379,0.6324309238068658,0.9475679911595057,0.45482583244448094,0.5995046592746875,0.2944695188838838,0.45142350548424387
2024-03-18,0.13357420433817163,0.13357420433817163,0.14092465685353284,0.1461009020993191,0.5529965014936625,0.5626918783142618,0.36049735847130154,0.8402929386668853,0.08720156902122468,0.8948691776657729,0.45478675865340656
2024-03-19,0.684272094758717,0.6842720947587171,0.8139766458719435,0.9290702402630695,0.5456736008697035,0.6555609824169691,0.6811919339881509,0.29954641778949276,0.8099067330964004,0.07712784374519219,0.4475430547502252
2024-03-20,0.8207794375163886,0.8207794375163886,0.8876826936941459,0.9222894051111464,0.4542081535728146,0.6940064192017863,0.6575604924399953,0.17125640941948228,0.8769859600934786,0.08583560701244153,0.4263771425487643
2024-03-21,0.2185799301126047,0.2185799301126047,0.3354366568766353,0.567647824643768,0.4801835212101686,0.5821588054702763,0.40254304479317,0.7617820608385307,0.3190301392738218,0.4414143313801676,0.4320692655575495
2024-03-22,0.830408239682485,0.830408239682485,0.884091226242396,0.9412813716537679,0.4854779460917705,0.7095660061401062,0.6234572119067336,0.15713999218576521,0.8796172909931211,0.0652191237863408,0.4200340790765947
2024-03-23,0.1611225951476509,0.1611225951476509,0.16401491620239414,0.1714946950810569,0.6461484018234902,0.42684203181691327,0.6626851893547081,0.81996112254604,0.12083168229063028,0.8528380944854976,0.4189486329795693
2024-03-24,0.36198246620926294,0.36198246620926294,0.3974581266880121,0.4482329856419197,0.3038205002790515,0.735940552609545,0.39443014788659647,0.6282234340785702,0.3572111578108125,0.5706070411711686,0.4075366168670097
2024-03-25,0.9452033597212427,0.9452033597212428,0.991673086087717,1.0,0.5400841322272679,0.9182249511582474,0.353988655357262,0.05336840660189244,0.9865552600220853,0.0,0.3856976931362551
2024-03-26,0.6958999316441374,0.6958999316441374,0.7249310958241413,0.7652837643358764,0.5239993156125015,0.9179109684621827,0.36853157180048013,0.2911783199436434,0.7090362159302863,0.2401794913660235,0.38619882513867126
2024-03-27,0.5291693722701357,0.5291693722701357,0.6733741538745774,0.7297051713923847,0.5433710052428848,0.9136896455484231,0.32870115628135754,0.4542355380639322,0.6598113256176444,0.2761474001293674,0.38132103070008655
2024-03-28,0.2435551445695286,0.2435551445695286,0.2815343169691809,0.3530504343117644,0.5311931381544263,0.9158177504884176,0.3248257342375785,0.7509797018087689,0.23401420383569033,0.6743286053332729,0.38359744984923105
2024-03-29,0.6602407811720122,0.6602407811720122,0.6929086203992696,0.8116486753472878,0.5618828774902478,0.9121546190343289,0.3606378089579597,0.33537119075090766,0.6703067302540079,0.1987920819476109,0.3581534732791604
2024-03-30,0.7816079710630053,0.7816079710630053,0.878805897848932,0.8840866240471038,0.4984891763980271,0.8958972927714207,0.3091525917178401,0.21063250281840237,0.8707003228255091,0.13223773861202628,0.34255703805292226
2024-03-31,0.5810489585798999,0.5810489585798999,0.6874089186327971,0.8309665077856841,0.5282478317419309,0.9006768071448507,0.336565510610062,0.39811434332313206,0.6813285444234853,0.17493323902253777,0.3237886226428153
2024-04-01,0.1505054691175727,0.1505054691175727,0.140255012482456,0.1513096304513363,0.5121110760226003,0.8846985766117779,0.22229450101126758,0.8281104701615567,0.10291375064900359,0.884112575635702,0.352555629887684
2024-04-02,0.7544232658555027,0.7544232658555026,0.7630062291392397,0.8679051593201779,0.5313446224582978,0.9256907619313426,0.4019380180503859,0.2388228766391911,0.7490584104815964,0.1261529943451613,0.3478632198186386
2024-04-03,0.3777795788428556,0.3777795788428556,0.4049640928488509,0.42701310064590486,0.5391991719846285,0.9147362545353057,0.32080227629723157,0.6078241116076252,0.36766574099753774,0.6005695899462419,0.33607862595116716
2024-04-04,0.44915455687361744,0.44915455687361744,0.5027529163855606,0.5729524820572379,0.5617371515283751,0.9088054702763046,0.35702113367442795,0.5319551834664928,0.4775992952755494,0.4352069340127222,0.32379062372088385
2024-04-05,0.8053066844610945,0.8053066844610945,0.9359512047069708,0.9450930088218122,0.5163717359821858,0.9076890873569634,0.405863919191063,0.18154617157560346,0.9371755461902223,0.052490387988079076,0.28961334275510686
2024-04-06,0.9279674975679135,0.9279674975679136,0.9161236028495721,0.8464808627799113,0.5850880835331316,0.922132291375942,0.47366980806986475,0.06819085627947685,0.9091775390458617,0.16017363826038158,0.2557757208197898
2024-04-07,0.763280853718683,0.763280853718683,0.8120347721160021,0.8842832943148589,0.8087362714142619,0.8213438459391572,0.723424426079458,0.23195866229691967,0.7950610406718303,0.1295490481020565,0.2608803220677106
2024-04-08,0.7506980063995053,0.7506980063995055,0.7643248076203976,0.784780796863988,0.3621017629021496,0.7184621825286074,0.6961106292302206,0.2384700683278268,0.7492446785105905,0.22754112168255408,0.2627368916027662
2024-04-09,0.34490271784026666,0.34490271784026666,0.43796174834224555,0.5455704363579722,0.7232057362664541,0.7301493162154621,0.5825061724768098,0.649707091564196,0.39641731034704625,0.4817975064323796,0.2638284027817504
2024-04-10,0.45938498463439015,0.45938498463439015,0.6148535225140176,0.7424547399469847,0.5261913054623119,0.6362684900921016,0.6520100493436934,0.5337881009289951,0.5885881628959512,0.2817992883176182,0.27522846074058777
2024-04-11,0.927782633209809,0.9277826332098091,0.9069904441739893,0.9031443914399474,0.34026481873680103,0.7448018420318169,0.7519532731525373,0.0717491961316986,0.8947606763390646,0.10842268745352006,0.24277780965618911
2024-04-12,0.9392039512444595,0.9392039512444595,0.9294447329986973,0.9300320415618675,0.6042175237065525,0.8024699972090428,0.6465642066419777,0.053777748893642056,0.925409143687093,0.07681426422375358,0.20912383053360134
2024-04-13,0.8667128741086387,0.8667128741086387,0.8733672344249298,0.8898897568998572,0.4472600012850795,0.7543259838124476,0.7230661960662305,0.12728533495357527,0.8639851321624094,0.11294285255164346,0.20105959715250815
2024-04-14,0.8576559397777418,0.8576559397777418,0.8345207720044017,0.8074622139402187,0.637149082505125,0.8322285794027351,0.7721250754627883,0.1342972038433972,0.8260869721918606,0.1912280759519544,0.18608980439204037
2024-04-15,0.19419701715238782,0.19419701715238782,0.2277961621143064,0.30873466011140954,0.6503530177218392,0.5569704158526374,0.6489377175236696,0.7886660237299197,0.21151099634230264,0.6898986862663712,0.1919424120052533
2024-04-16,0.7611127644047508,0.7611127644047508,0.8048374520349569,0.9438121413971351,0.36086423249197497,0.7350334914875802,0.6243280892063471,0.22345163330018014,0.8047014946526929,0.0417885853851967,0.18115223630747104
2024-04-17,0.049125879549715354,0.049125879549715354,0.09846259921599475,0.13683783709990024,0.5777525829727196,0.26507116941110803,0.09656395379498059,0.9371643599592069,0.08481191908748988,0.8984096997052078,0.18566985175337544
2024-04-18,0.0,0.0,0.0,0.0,0.5744435317884139,0.0,0.0,0.975596262453446,0.03370108006171323,1.0,0.21719755290311776
2024-04-19,0.0,0.0,0.0,0.0,0.5744435317884139,0.0,0.0,0.9796792969202753,0.03984921938796449,1.0,0.25489849374484824
2024-04-20,0.0,0.0,0.0,0.0,0.5744435317884139,0.0,0.0,0.9881139385345241,0.04772316153138368,1.0,0.26545351991189997
2024-04-21,0.0,0.0,0.0,0.0,0.5744435317884139,0.0,0.0,1.0,0.06011231957759893,1.0,0.3047604418011367
2024-04-22,0.18435481369986814,0.18435481369986814,0.24290202129860658,0.24918332148255487,0.866748944441749,0.48716159642757473,0.4546754901439037,0.8126884824879762,0.19566322502282227,0.7907529130111388,0.304421280977227
2024-04-23,0.10673084352245375,0.10673084352245375,0.1314379379959102,0.1818803497843479,0.5906220212339146,0.5034189226904828,0.30910683845171916,0.8798216685044914,0.09454902633227176,0.8573592473678294,0.3161546080497687
2024-04-24,0.5594671664098317,0.5594671664098317,0.5896822681968442,0.687685313344381,0.41257727937268956,0.7261024281328496,0.7857430535103713,0.44190803203005113,0.5513551468599871,0.34560750762482256,0.3342742205192027
2024-04-25,0.6862512146697758,0.6862512146697758,0.6570737683473592,0.7266553176763575,0.5306318993560406,0.7767583030979627,0.6760585981343745,0.312949054150544,0.6258500991146246,0.29185815961082073,0.3352895024652059
2024-04-26,0.8631720364594511,0.8631720364594511,0.868014532621253,0.925306096872451,0.7592644168501401,0.7543259838124476,0.9148671686361842,0.13114921221619108,0.8595110361909466,0.07384750277499579,0.3202223159148428
2024-04-27,1.0,1.0,0.9351662282939602,0.9526333259651724,0.3058175617002069,0.7649665085124199,0.7419821916247925,0.0,0.9256075513796864,0.05168706118251453,0.28520024794895404
2024-04-28,0.7898774540365844,0.7898774540365844,0.7861735779906055,0.8273993484983544,0.6188166310723212,0.8251465252581636,0.8908965810029068,0.20336961686258828,0.7699714655872155,0.18151112648525147,0.2790443317754725
2024-04-29,0.9730910958114855,0.9730910958114853,0.8776506894988813,0.9316421224613453,0.2806850214863124,0.8240301423388222,0.9009345766823538,0.024921385319944433,0.874903563979907,0.07266576423217876,0.2703836617688305
2024-04-30,0.9167169280311028,0.9167169280311028,0.8788905559299932,0.8642894601369766,0.5479879412336683,0.999232486742953,0.6873174534984272,0.07498339544354898,0.8719516868577626,0.14468554341656997,0.25531439426231334
2024-05-01,0.9196711868296368,0.9196711868296368,0.8620115775239546,0.8182896444630466,0.538548308298894,0.9995813564052469,0.644532761626206,0.07455794052502644,0.8560578860110073,0.18509886848350535,0.2201723420267681
2024-05-02,0.5032457551280974,0.5032457551280974,0.5534795728518119,0.604701339983578,0.5620836212741889,0.9963717555121407,0.5998934972327703,0.47691691702630756,0.5362368128221966,0.40848699672475286,0.2312758986803327
2024-05-03,0.22269464996840257,0.22269464996840257,0.21786016766417296,0.21512714471280753,0.5543839768489566,0.9966857382082055,0.5652077354806224,0.7514132059628711,0.17465385613355322,0.8115763338008201,0.23797220087006926
2024-05-04,0.938056919329934,0.9380569193299341,0.9058858232305089,0.9232128138629943,0.5599002974440203,0.9955693552888641,0.7233791845274976,0.04953876292045074,0.9114960615749408,0.06988360222046129,0.21547462786306085
2024-05-05,0.6985515769193751,0.6985515769193751,0.6889633984050505,0.8438983101734914,0.5610235162135241,0.9980463298911527,0.7286114618192607,0.294208488208755,0.6800552472797938,0.14761318086335315,0.22072865443770381
2024-05-06,0.6467834372339494,0.6467834372339494,0.8054025895428815,0.9169841200266091,0.5504635721868889,0.9961624337147642,0.833057138123572,0.3371373255690372,0.8041218991793908,0.07857771727976105,0.23327101943632952
2024-05-07,0.3455584415156332,0.3455584415156332,0.3564471359802798,0.39905506213054365,0.5627853978253193,0.9946622941668992,0.5694795252930076,0.6411124685174405,0.3192914740760951,0.615291725925649,0.2523519777837312
2024-05-08,0.08349680898388895,0.08349680898388896,0.07609976640705995,0.09059291587418836,0.5635038792695755,0.9961973206809936,0.4360495161110495,0.9052068554145053,0.01466189164275368,0.9545806684949067,0.2834453628865072
2024-05-09,0.0,0.0,0.0,0.0,0.5744435317884139,0.13679179458554286,0.029251989484454607,0.9951094134547601,0.05389049341549666,1.0,0.29955325976266983
2024-05-10,0.0,0.0,0.0,0.0,0.5744435317884139,0.0,0.0,0.9906441995485408,0.048716956994179904,1.0,0.3208588227465264
2024-05-11,0.0,0.0,0.0,0.0,0.5744435317884139,0.0,0.0,0.9826823996528682,0.041770938813967366,1.0,0.36334034986272384
2024-05-12,0.0,0.0,0.0,0.0,0.5744435317884139,0.0,0.0,0.9756767123424039,0.03447112357902573,1.0,0.40633326708514766
2024-05-13,0.0,0.0,0.0,0.0,0.5744435317884139,0.0,0.0,0.9731533176855356,0.02977142345695398,1.0,0.4457804664036604
2024-05-14,0.0,0.0,0.0,0.0,0.5744435317884139,0.0,0.0,0.9756420567470099,0.03301203274475393,1.0,0.4850167287822196
2024-05-15,0.0,0.0,0.0,0.0,0.5744435317884139,0.0,0.0,0.9667596005383969,0.023684111598585165,1.0,0.49332215346447417
2024-05-16,0.0,0.0,0.0,0.0,0.5744435317884139,0.0,0.0,0.9742393301403854,0.031396676147203165,1.0,0.5283352672455259
2024-05-17,0.0,0.0,0.0,0.0,0.5744435317884139,0.0,0.0,0.9772409642281044,0.034969737955638056,1.0,0.5302042466003164
2024-05-18,0.0,0.0,0.0,0.0,0.5744435317884139,0.0,0.0,0.9878765922520204,0.04355631860618473,1.0,0.5307769418992884
2024-05-19,0.0,0.0,0.0,0.0,0.5744435317884139,0.0,0.0,0.9840494072236539,0.041862021860202936,1.0,0.5309807427472935
2024-05-20,0.0,0.0,0.0,0.0,0.5744435317884139,0.0,0.0,0.9815808354874201,0.039460336382441834,1.0,0.5306760703594877
2024-05-21,0.0,0.0,0.0,0.0,0.5744435317884139,0.0,0.0,0.9799388869795375,0.03746121751027717,1.0,0.5297405168924875
2024-05-22,0.633881266265,0.633881266265,0.5832683964748275,0.6294944517539065,0.5655273948559534,0.8042492324867431,0.5020517630780293,0.3587534477444789,0.5627127893834971,0.3858705216333457,0.508571178226483
2024-05-23,0.5591183444272041,0.5591183444272041,0.6484772591247387,0.6374442196568376,0.5657856080333089,0.9975927993301703,0.46317593527502177,0.4311277964543351,0.6279270784823631,0.37030330075517714,0.48764626208697887
2024-05-24,0.7736611385041037,0.7736611385041037,0.7440410059329429,0.8952362590511476,0.571451930586779,0.9990929388780352,0.5331389401472629,0.21363332384308573,0.7368680607103395,0.10208616796734599,0.4770006316847698
2024-05-25,0.7473695475906462,0.7473695475906462,0.7573203041215801,0.879807685769452,0.5719742293100634,0.9998604521350825,0.8469881648340879,0.25272614484178996,0.7396056109953688,0.12801022233989554,0.4741921259184558
2024-05-26,0.8600245200886011,0.8600245200886011,0.7824979583800798,0.860851705701356,0.5601418627415375,1.0,0.7108886030781352,0.13882352399307915,0.7702635982601344,0.15676825543040818,0.47455001877227626
2024-05-27,0.7456551038746481,0.7456551038746481,0.6906279503041421,0.7326028148745908,0.5718108292291844,0.996476416410829,0.7237218825109104,0.24416810609273268,0.6776676687794473,0.2730193522421055,0.48593684052802527
2024-05-28,0.47443201860449014,0.47443201860449014,0.42622610744573525,0.4431525114113215,0.5639929392464702,0.9982905386547588,0.6457987725602734,0.5243501421830048,0.39392411043104997,0.5514471522859167,0.5009058227074675
2024-05-29,0.6997516386873276,0.6997516386873275,0.7154249361356101,0.9216911299721617,0.8965868482547462,0.9200041864359476,0.7478351480924862,0.2925941219132743,0.6989129362370387,0.08241900347035061,0.5133887869620382
2024-05-30,0.6067491941407979,0.6067491941407979,0.6092977718340373,0.6587459111152909,0.405493150395179,0.6827379291096847,0.671233765717752,0.38685834466415703,0.5839263672499143,0.3621289022237605,0.527933129029014
2024-05-31,0.1941233247316113,0.1941233247316113,0.17172380655478145,0.1995597515133934,0.724842416699739,0.6550725648897573,0.457910426663655,0.7957381194457316,0.11561530571453218,0.8319274710729331,0.5615654911034875
2024-06-01,0.150909625272438,0.150909625272438,0.1490194049494594,0.16397488185922865,0.8255755448574555,0.20932179737650014,0.5473708246833573,0.8320337523398686,0.10606994099191334,0.8581164840331139,0.578126425989248
2024-06-02,0.4324260874099543,0.4324260874099543,0.4988697864119335,0.5910075449200645,0.0,0.4320750767513258,0.5764519016381836,0.5537729921652299,0.4840144516930844,0.42124624407967015,0.5689094405184791
2024-06-03,0.2587809845231114,0.2587809845231114,0.24843112908933931,0.2575798865735614,0.5330989213029064,0.7793399385989394,0.40289113082568506,0.7352681513343381,0.2070140689900026,0.746424456813913,0.6008885488610824
2024-06-04,0.7878413518312246,0.7878413518312245,0.7429831788199551,0.8101272006801443,0.4962025444916014,0.8571029863243093,0.5111129566266261,0.2132034895317165,0.7204070979702821,0.20712891610438816,0.5971108667713921
2024-06-05,0.8394114727028181,0.839411472702818,0.7321449885673391,0.6755656127058198,0.5710360186572561,0.8821169411108012,0.7743479617762767,0.1582018197753911,0.7140206124657115,0.33768989425092155,0.58876617858565
2024-06-06,0.8608818792901056,0.8608818792901056,0.7811721691308158,0.8535483343859028,0.5834586437873106,0.8664875802400224,0.611937924135787,0.12969718160864468,0.774604315659324,0.14795022187376466,0.5649162384424272
2024-06-07,0.6532509581578891,0.653250958157889,0.6022999112926073,0.706773522783989,0.5128039585009405,0.8610801004744629,0.5736081254429337,0.34449143560493817,0.5759435840206523,0.3160689442388066,0.5387671780952635
2024-06-08,0.7000173983700408,0.7000173983700407,0.700951480638094,0.7350424677013544,0.9380901837315891,0.7674783700809379,0.7721377780143034,0.29693679421456043,0.6759971346733232,0.28403272651748035,0.5062077775361534
2024-06-09,0.5063365181104884,0.5063365181104884,0.475149101877959,0.4685709927883733,0.1432885298217406,0.5591334077588612,0.6652413520908881,0.4826626415133227,0.44651150644574844,0.5420886522769104,0.4825179699313966
2024-06-10,0.6984623646825021,0.6984623646825021,0.7028179919985169,0.8755452761632393,0.4207772153923789,0.8209600893106336,0.4296459552065893,0.2907307893462699,0.6961140500840952,0.1267013049662368,0.45024868719726124
2024-06-11,0.370316637973828,0.370316637973828,0.3486256294290849,0.4207345069596691,0.5583716571898231,0.8769885570750768,0.5169044170925533,0.6182496853713682,0.31081400969940637,0.6035229097824402,0.43358001612496005
2024-06-12,0.6498446713627056,0.6498446713627055,0.6367707754058279,0.8720216354032426,0.5889871082125302,0.8696274072006699,0.7124730206234051,0.3444283431519925,0.6176377679225056,0.14164444636405987,0.4042593184590565
2024-06-13,0.8877890285338305,0.8877890285338305,0.8285898845622205,0.895746869464399,0.46787001951165724,0.8280770304214347,0.5382439812180434,0.10999303068730718,0.8175732528693804,0.11161543843447684,0.3638896267719858
2024-06-14,0.69045766472671,0.69045766472671,0.6269429610458863,0.8717483892652764,0.6484527078489224,0.8206112196483395,0.6145985668632212,0.3109581591595345,0.606771384953366,0.1292437517645345,0.3333062134030492
2024-06-15,0.4073101569016782,0.4073101569016782,0.40533588791449504,0.562492343720627,0.4791087067214275,0.5862754674853475,0.6342816219484679,0.581884679355635,0.3801557586881483,0.45613230317124565,0.31500868656787645
2024-06-16,0.8209501402330599,0.82095014023306,0.7552939306951418,0.7855512630991028,0.6546054107547926,0.747557912363941,0.6415199993546381,0.17499048413229756,0.7439377204596178,0.2243715287535913,0.2775955970104481
2024-06-17,0.7973678483462782,0.7973678483462782,0.726250122311092,0.7792083331284685,0.47769369394845573,0.7292771420597265,0.5512174101291472,0.2050956196324507,0.7009349157859133,0.23901328621408982,0.24109047129339123
2024-06-18,0.9296011375216398,0.9296011375216399,0.8334880976862481,0.7838633509872794,0.37705663317953236,0.7978300307005304,0.4667414090416641,0.07076574817259408,0.8206819942523551,0.22644526871700973,0.198499330278016
2024-06-19,0.9061135058307735,0.9061135058307735,0.8039072319888761,0.7884307041203572,0.5423772636484251,0.8938738487301144,0.5645770026264783,0.09700865642379995,0.7847722374279571,0.22511323848409853,0.1572471540856572
2024-06-20,0.5771547360916315,0.5771547360916315,0.5110813519503975,0.6046267517384135,0.6261049816442872,0.8790817750488417,0.43915538025900686,0.4109624052241991,0.4853044993094724,0.40762958066365274,0.1307128376893109
2024-06-21,0.45468183942081203,0.45468183942081203,0.49479085015347785,0.6567993985237386,0.5957180968896345,0.8124127825844265,0.4548312619545458,0.5350515831917865,0.4692179585509037,0.35666481570109465,0.13893453165390668
2024-06-22,0.8361336936474065,0.8361336936474065,0.8030136343704543,0.7943076929353633,0.5893201228225842,0.7523723137036004,0.8977285369622577,0.15482240775927472,0.7977795589990034,0.21283753409550252,0.1260489821791169
2024-06-23,0.6002141307330403,0.6002141307330403,0.6300495906875475,0.769570653113714,0.4054933784483275,0.7414178063075636,0.3840252531540255,0.3907944297099207,0.6226585828948683,0.232123207292714,0.13431092091812194
2024-06-24,0.9390916958194788,0.9390916958194788,0.8231030096766381,0.7766872922866443,0.5034773259012333,0.9092241138710578,0.4594248597722595,0.06010209734281375,0.8111030634761411,0.22428033625723914,0.1253278652281674
2024-06-25,0.9893897106244066,0.9893897106244067,0.8928936528117548,0.8547430016506703,0.6800661764626231,0.8890943343566844,0.5523334587133364,0.01143583864740873,0.8856987049738697,0.15373486696838623,0.1193871185429402
2024-06-26,0.6421733346150025,0.6421733346150026,0.7191625938533771,0.8350914574281575,0.5669735938969785,0.7902944459949763,0.46492042905004904,0.36213891747833704,0.6925112061556977,0.18609337995416544,0.12488870768627727
2024-06-27,0.6557916451412514,0.6557916451412513,0.5717040218732236,0.6378575410546569,0.36778513242846783,0.834810214903712,0.38825598543023365,0.3369438723042938,0.5529304397632742,0.37420001261523095,0.11614898395590524
2024-06-28,0.8845338043340636,0.8845338043340636,0.7970365131612885,0.8922931094165619,0.5826389637584208,0.9353544515768909,0.4139549026912312,0.11511367956731189,0.7822280000735468,0.1202380779449543,0.10787215290509858
2024-06-29,0.7823701206945729,0.782370120694573,0.7375784861476383,0.7341062963044716,0.5626158403094317,0.9098520792631873,0.5645133092639046,0.21787882405254583,0.7123550822641707,0.28666875457132646,0.09999176380609986
2024-06-30,0.5211922325777361,0.5211922325777361,0.480520490117909,0.5751160642262327,0.5931731377792789,0.9074448785933577,0.4866631938332303,0.4735500035319582,0.4508562345562092,0.44595662155333515,0.08496646543098203
2024-07-01,0.6060083632733273,0.6060083632733273,0.6474729863726254,0.7290790695027496,0.6324041516847626,0.8512070890315379,0.4607117606844111,0.3913547239223804,0.6355248778084677,0.28614549364128433,0.06441532290714698
2024-07-02,0.5162015205848843,0.5162015205848842,0.45280034340175535,0.5220241931628418,0.6865432849721926,0.772606754116662,0.5321839009186534,0.481966172070926,0.41247203069721633,0.49661014410480375,0.06106659946269185
2024-07-03,0.4968056876448239,0.49680568764482397,0.4801868628532856,0.5272375244360192,0.3887015400600156,0.7101241975997767,0.4553163669787601,0.4931037094804849,0.4474025278393323,0.49679330383022036,0.04977321893442977
2024-07-04,0.7086544583449128,0.7086544583449127,0.6241672247024389,0.6684377800655226,0.5277506188649783,0.8361010326542005,0.5034437760989272,0.2871107938358465,0.5979596758437228,0.3498102582745812,0.05321989882242231
2024-07-05,0.9133382625408697,0.9133382625408697,0.8454554893969265,0.8486722716995565,0.5484784835560281,0.8554981858777561,0.45390665466807334,0.08531149719341034,0.8393752479681452,0.1554835419979052,0.04982064605250946
2024-07-06,0.7100217739815151,0.7100217739815151,0.7831048466160915,0.8019168446724378,0.9184081707794246,0.7182528607312307,0.6535968448547682,0.2937393127940085,0.7603800475823741,0.2202451732053784,0.05747077914373104
2024-07-07,0.25658815811783975,0.25658815811783975,0.24065739335587136,0.307643349349058,0.17106597343830773,0.5141989952553726,0.2882801323184457,0.730541976043824,0.19851487672645293,0.7144190669984329,0.07547431270523014
2024-07-08,0.679701318163448,0.679701318163448,0.6488873895434408,0.6968560060850618,0.5920878328457082,0.8193552888640805,0.505694325077919,0.3139863792583737,0.633412371439225,0.2963592791964317,0.07626942304543843
2024-07-09,0.9282976560942128,0.9282976560942128,0.8436206709788397,0.8084691029440179,0.4832456478479679,0.8382640245604243,0.503097074704729,0.07163180451580807,0.829098871701531,0.2078312242203654,0.05710092904389391
2024-07-10,0.6006640680563317,0.6006640680563317,0.670395704837548,0.7634059817261938,0.6297984164103397,0.8427295562377897,0.49362368034938164,0.3970354838765986,0.6531268927965251,0.2517209944753164,0.062058466814844455
2024-07-11,0.667982575137923,0.667982575137923,0.6221895162988401,0.664229350171098,0.471558722174879,0.8010745185598661,0.5074831573799176,0.3293552187973109,0.6026682925221826,0.3487346193767236,0.04858582352108206
2024-07-12,0.5315327945693523,0.5315327945693523,0.5383181424084165,0.6705763600036697,0.47548710869714317,0.8865824727881664,0.38741298150195447,0.4623839841438304,0.525183409556603,0.3274942632656675,0.05408670519048814
2024-07-13,0.37641955767242247,0.37641955767242247,0.38586746110330705,0.428694317599677,0.5725938497144575,0.9272955623778957,0.3354648134506897,0.6099496981433586,0.3534173677381682,0.593882762151957,0.07740227063849257
2024-07-14,0.8851955711236623,0.8851955711236623,0.8110950462698067,0.8313731340254522,0.6498585414826681,0.8990371197320682,0.4243511584847385,0.11028666322696465,0.8007655721622264,0.1779070053462367,0.06804392080235182
2024-07-15,0.8593862695591838,0.859386269559184,0.7560008124023463,0.710662991164379,0.5207114733710034,0.837810493999442,0.4387402295706249,0.1366835058096454,0.7415419983849293,0.30168344253513707,0.047281887260210334
2024-07-16,0.5467457394938284,0.5467457394938284,0.5494143465770017,0.6513029875992074,0.4285979560394489,0.8387524420876361,0.3223459975163201,0.4565282183431007,0.5189179286816252,0.3502679509927328,0.06041144807090174
2024-07-17,0.41367155707720626,0.41367155707720626,0.37700074667498024,0.5061094886395198,0.5464702475305977,0.8966996929946972,0.4783230356377006,0.5813381505923274,0.3378315988818326,0.5247777598513236,0.07795758341809937
2024-07-18,0.7986576717251246,0.7986576717251246,0.6925777098782909,0.6545454317210521,0.5800301497664936,0.8985138152386268,0.4737578530063147,0.19335208041999935,0.6757582336204914,0.3606084505390945,0.08367441817317633
2024-07-19,0.8171484872673491,0.817148487267349,0.7296610063393784,0.7048087031196403,0.5519070916034194,0.8671853195646106,0.47363790118691196,0.19328473332054866,0.6992387596827746,0.3081245896741171,0.08816426963047379
2024-07-20,0.5655965628841659,0.5655965628841659,0.5747784194398894,0.6701332242301535,0.5099125296447713,0.8896525258163551,0.6785877604233767,0.4360861123005832,0.536787812576834,0.35844042560458045,0.08933591804475859
2024-07-21,0.6684899373068102,0.6684899373068102,0.7079288502939565,0.7204654348343006,0.7537994082134823,0.7783282165782864,0.4633650889094324,0.3235992606866476,0.6875898982365991,0.2983318261554024,0.07947480250131109
2024-07-22,0.5560940557013677,0.5560940557013677,0.49613755004868076,0.5793193681402744,0.40222378045870716,0.7037398827797936,0.530880294044201,0.43746239356749395,0.4601950720321514,0.44453960314187685,0.09265576700542742
2024-07-23,0.6572814406637829,0.657281440663783,0.6184552314908935,0.6512671057365265,0.48891835588959515,0.7966438738487301,0.45308938695198725,0.33334857037644533,0.6005145225111665,0.36660376482652796,0.08997676944385523
2024-07-24,0.7685353873247847,0.7685353873247847,0.7013977559380998,0.7785250085598643,0.5063158464269574,0.8213787329053867,0.42524376858575935,0.22199019894181177,0.6922843632539359,0.22492170518928223,0.09752644899366641
2024-07-25,0.9131027336897072,0.9131027336897071,0.8270666896416117,0.7628136694623484,0.5767125465891202,0.8715810773095172,0.4580239971064671,0.08668877466160295,0.8139274751070777,0.24975981671889982,0.10103588264862934
2024-07-26,0.8140263641845862,0.8140263641845861,0.7165550266388723,0.6674456413318051,0.5250489302283365,0.8186924365057214,0.49479517466790957,0.18383645778668242,0.6939541254011615,0.3576959074679908,0.09272071667707765
2024-07-27,0.8354731629493554,0.8354731629493554,0.752005587795414,0.7632486455119897,0.45618862412741873,0.8547655595869385,0.6424891257730797,0.1570234242496202,0.7401165440588323,0.24297257065287955,0.08433009553905328
2024-07-28,0.6220930426861936,0.6220930426861936,0.6937347875683663,0.7062087234352604,0.5416685884895532,0.8044236673178901,0.48926944435547975,0.3703743144125747,0.6894187291171643,0.2876677530356126,0.09623421928705188
2024-07-29,0.9103732604281451,0.9103732604281451,0.8850225724252768,0.8372154963199122,0.5178199304882601,0.7636059168294725,0.32002946751144856,0.0802384704505293,0.8839061642177412,0.16891922785231242,0.0898153376487219
2024-07-30,0.9034734126703686,0.9034734126703686,0.828482999895113,0.7709334316126742,0.46349573207084627,0.7850614010605639,0.6328800368626841,0.09257871742105411,0.8170160630884652,0.2408507197880227,0.0720486759891694
2024-07-31,0.8607961922032015,0.8607961922032015,0.8022109244299821,0.7519587260244036,0.5534185708581942,0.9186784817192297,0.47572434042452777,0.14146955845944761,0.7812112485274014,0.2700609643627472,0.06039523818328492
2024-08-01,0.6766734737668639,0.676673473766864,0.6121301743778633,0.6750265478708508,0.5386099966755552,0.9304702763047727,0.3851499707781113,0.32253498240647926,0.5800654783756328,0.34636737192522304,0.052960137145450684
2024-08-02,0.47927697861746277,0.47927697861746277,0.41250305868544684,0.40581664870306944,0.5173512812681533,0.848206809935808,0.37353378842582036,0.5169077312011516,0.367324845906428,0.628634708554915,0.05407024180547651
2024-08-03,0.419426997707447,0.419426997707447,0.513127056285245,0.5883780215954415,0.5188288946303803,0.6605498185877756,0.2337304696765413,0.5659869339071506,0.49153624813845853,0.427130100154217,0.06707567871424795
2024-08-04,0.6930129101216318,0.6930129101216318,0.6567528453104213,0.6904268759545177,0.5546592940124474,0.9024909293887805,0.2899137647256285,0.3016195507003579,0.6352764469153863,0.3130577002201468,0.07716324211075959
2024-08-05,0.6253914690485652,0.6253914690485652,0.5887650146755049,0.6013631760239695,0.5648958586745517,0.9272606754116662,0.3157183961120319,0.36620702750518014,0.5687834696661729,0.40428718360319527,0.08054278648970147
2024-08-06,0.9114887491176251,0.9114887491176251,0.8446159186469727,0.779988423653282,0.532470919945306,0.9098520792631873,0.3281313475131535,0.08302401467847897,0.8350324737280639,0.23193892420486426,0.050345674640404806
2024-08-07,0.6271901653748568,0.6271901653748568,0.585821946709219,0.6195486898569507,0.5524499151100661,0.8957228579402736,0.40514339555215645,0.36471096497791844,0.5639520571717124,0.4071084825290994,0.052711224447320786
2024-08-08,0.441189335545398,0.441189335545398,0.41950265429279154,0.4482911498274898,0.7472244078899319,0.8309377616522468,0.6105739951920542,0.5549416548221711,0.37554515637766334,0.5783006857740287,0.07525046270535175
2024-08-09,0.8437196332556055,0.8437196332556055,0.7876233511972303,0.7889026081511248,0.47638124807900856,0.6967624895339101,0.5936462499539458,0.15321286321955474,0.7704059400351041,0.22363562951842675,0.0638797527225052
2024-08-10,0.833642053555818,0.8336420535558179,0.7594927277906187,0.7067190200129781,0.4678278296791902,0.7459879988836172,0.7725144297373113,0.1569308049569033,0.7485951061227231,0.2895679593275655,0.055838710433408996
2024-08-11,0.8748092890051778,0.8748092890051778,0.8108814973399308,0.7512959053773313,0.37130832551918713,0.8275188389617639,0.43345933943360826,0.12283230460672831,0.7954265622750774,0.26607234983468814,0.04000365927285416
2024-08-12,0.7636391981843432,0.7636391981843432,0.7481483823199001,0.74554110319676,0.5585516481372533,0.9482975160480045,0.3177735906850203,0.23564715770454714,0.7242221594405629,0.2708757636685608,0.022547995718327128
2024-08-13,0.7853417763371088,0.7853417763371088,0.8014097999702823,0.7423100617659714,0.6101901216384181,0.9334007814680436,0.30293622789364727,0.20820625548103686,0.7875429713143082,0.27287254684921697,0.027114492797881296
2024-08-14,0.8260678491871256,0.8260678491871256,0.8211047842836718,0.7546013258295954,0.49467926348639324,0.8967694669271561,0.34746770120420195,0.1755326388111135,0.7999890061063258,0.2684296096903051,0.028926228818330686
2024-08-15,0.8500394183490343,0.8500394183490343,0.8140681496331569,0.8021534766648112,0.5388694641452274,0.9316564331565728,0.35104735246317526,0.14428156041327253,0.8005710349048131,0.21312884650756617,0.014364552051566707
2024-08-16,0.713381012995946,0.713381012995946,0.6587044145157486,0.7151854658161445,0.545801823752431,0.9384245046050796,0.3198210192431013,0.27331844636443486,0.6418470330935929,0.288477594052067,0.0
2024-08-17,0.5662785802105985,0.5662785802105985,0.5563929465458131,0.6542527277799997,0.5311983833768411,0.930749372034608,0.3263631944834083,0.43000925263080325,0.5273093613935518,0.3631841527390707,0.011036548058248902
2024-08-18,0.19737935773202045,0.19737935773202045,0.2842882087489179,0.37127936206023404,0.5787840673632512,0.9123988277979347,0.31494588833457865,0.7915582791635688,0.24388557575769138,0.6639301945166614,0.038937138093161315
2024-08-19,0.1944935723010624,0.19449357230106237,0.20763759369514886,0.26129057331161454,0.5322591155836641,0.8816634105498187,0.29091518933785154,0.786229993094352,0.16046138948948835,0.7660294812912704,0.05526615838687104
2024-08-20,0.21093928200813664,0.21093928200813664,0.19213394052225205,0.19554851494594655,0.6200167037528598,0.8662782584426458,0.35940725680513613,0.7752329324517042,0.14372098208485767,0.8344319817927484,0.07632817259330482
2024-08-21,0.4589340706461723,0.4589340706461723,0.44731614845876766,0.5660142060792662,0.6015749008353644,0.8587077867708623,0.36334194738904174,0.5366048839411925,0.40704116579783023,0.45289264212455466,0.08095169973766335
2024-08-22,0.8267618306589068,0.8267618306589068,0.7672704995234796,0.7329564029091717,0.5173284189400192,0.8133547306726208,0.502265539193813,0.1757714829344433,0.7447717816793292,0.2746523467654553,0.07360306507687484
2024-08-23,0.9147040826593035,0.9147040826593035,0.8582289657384016,0.8236944154117517,1.0,0.6902386268490093,0.8862625276656756,0.08475195676735575,0.8448722394253944,0.19253978236337763,0.06720293597434845
2024-08-24,0.8583017136791704,0.8583017136791704,0.7967395602708758,0.7512057299673287,0.25416740047518294,0.5503418922690483,1.0,0.14129261417864775,0.7760771952902372,0.2761564903265259,0.06974939545142676
2024-08-25,0.15943243071130794,0.15943243071130797,0.1492277830441923,0.1832378976910806,0.7696867308016735,0.1260466089868825,0.8097813078161751,0.8308877315863081,0.10652077848352738,0.8388553827750964,0.09992474324557511
2024-08-26,0.19435236791724694,0.19435236791724694,0.16838204963828907,0.17602449256194092,0.5851040472535245,0.1356754116662015,0.747332163173485,0.7933660226373718,0.11174156309803399,0.8656079685907863,0.12960069011424422
2024-08-27,0.6099441245417476,0.6099441245417476,0.6010152185995827,0.6105104357114709,0.3515692422666179,0.48227742115545635,0.9244640667092253,0.375192542771276,0.5840000422272001,0.3851525445482608,0.12982538902507654
2024-08-28,0.8267663629945811,0.826766362994581,0.7923784422846831,0.7387788889531671,0.5651091453816587,0.5669480881942507,0.9306501791962789,0.16754390166816702,0.776499501080321,0.2739709822571359,0.13389689287335757
2024-08-29,0.8424096356418728,0.8424096356418727,0.8012313455179987,0.7261973270209152,0.4449507351036681,0.6029514373430087,0.7808094065825465,0.15044379612541875,0.7882705340926448,0.28701271652730176,0.13659544080262204
2024-08-30,0.8299178318063051,0.8299178318063051,0.7888823162309065,0.7177644616198496,0.6991793108359282,0.5572146246162434,0.9956491051985584,0.15810949598110052,0.7790362179870071,0.291830295057599,0.13737144715995492
2024-08-31,0.7792618235246747,0.7792618235246747,0.7559492078268564,0.7086359274525227,0.27405369203508984,0.5676109405526095,0.899156369974395,0.20242097578699422,0.7495151780949058,0.29450848148321024,0.1317699097371045
2024-09-01,0.7423777826309207,0.7423777826309208,0.7511406408553383,0.7300802048550985,0.5515777258437411,0.6237091822495116,0.7009853989287476,0.2388440268948264,0.7459658004696699,0.2770316348545275,0.1188023609104083
2024-09-02,0.7187822142052953,0.7187822142052953,0.7427111493905388,0.7553577740775407,0.5156308483160926,0.5916480602846776,0.652676662390743,0.2591300858805926,0.7421880912588396,0.2398879594463578,0.10449203885842684
2024-09-03,0.8205469149619526,0.8205469149619528,0.7990443735655953,0.7799417667706124,0.5112683056124279,0.6402107172760257,0.6620661356237579,0.1677133257794321,0.7896692313425168,0.2313451690541023,0.09824729895541624
2024-09-04,0.6848465263393483,0.6848465263393484,0.7132596238287129,0.6997505112119313,0.5922728409624048,0.6158247278816634,0.671673508786674,0.30628049427087517,0.6915856525617147,0.31792941965482696,0.09545261473847007
2024-09-05,0.6734022871997059,0.6734022871997059,0.7003803285482552,0.7062141632511771,0.5238924727124431,0.5939506000558192,0.6789095383278723,0.3127036382837665,0.6836113180870531,0.3048190957151922,0.10616376361361304
2024-09-06,0.4954834511987318,0.4954834511987318,0.5861301476130534,0.7367409456094774,0.6185918846945037,0.5066634105498187,0.7020191518355849,0.49467400758249136,0.5683328485111672,0.2838430977739153,0.11222461252895433
2024-09-07,0.8279214371343602,0.8279214371343602,0.8107060907201401,0.7525693453610454,0.5857577045903278,0.597788166341055,0.9058429389104798,0.15937031875805419,0.802411645180843,0.25752170881761377,0.09377707502077975
2024-09-08,0.3831329082104207,0.3831329082104207,0.43300225126779057,0.5316223299003562,0.8138166684160243,0.4805330728439855,0.8887606559958814,0.5962496196132362,0.402837909929963,0.48243513082297995,0.11443817059558074
2024-09-09,0.2869071184177381,0.2869071184177381,0.33347842978688796,0.3960315705993432,0.3057876297244702,0.43008651967624895,0.6325602757139979,0.6959008795366451,0.29710848794969913,0.638013035265252,0.1395731330160676
2024-09-10,0.3994521855906916,0.3994521855906916,0.4256048245323449,0.5517408613969427,0.29484199081048446,0.7420108847334637,0.3807185261476304,0.5891492507141508,0.3929946139308132,0.47958091866901165,0.16131990425487056
2024-09-11,0.41684371897705885,0.4168437189770588,0.5293864265143677,0.6879704852326258,0.6798190808762554,0.8191459670667041,0.4654090859725543,0.5708262488212278,0.5011214765171536,0.3321891693270665,0.17695103900000425
2024-09-12,0.25396605695662633,0.25396605695662633,0.26829534626989,0.28860085528551865,0.5133491765656462,0.6557005302818868,0.3958016622402389,0.7320803169642106,0.21525610181088994,0.7504366554969578,0.20138199624510683
2024-09-13,0.15780225486599264,0.15780225486599264,0.17222495810516344,0.19860161162915477,0.8823272550137626,0.2971671783421714,0.5194584426695924,0.8174155531210279,0.12952394181350171,0.8334130533294364,0.23131631670271738
2024-09-14,0.08066998969786367,0.08066998969786368,0.0901880097747337,0.10220953815230585,0.4965840774089924,0.07235556795981023,0.48859663053683755,0.885739396963285,0.051381672812554846,0.9214559448565914,0.26589433083938674
2024-09-15,0.41682499447917254,0.41682499447917254,0.5217510358134954,0.6122052522050346,0.24891545049248365,0.5399106893664528,0.46827835757333347,0.565164098190068,0.4934437647005842,0.4060134817695386,0.27950460316654635
2024-09-16,0.08063688991309162,0.08063688991309162,0.08511853319652679,0.0884792335550442,0.9804456397976917,0.4464485068378454,0.3873088928215293,0.8956534832995751,0.027534511768781966,0.9544599780505311,0.30122000220479933
2024-09-17,0.5661217339275708,0.5661217339275709,0.651554621471937,0.6515555205919524,0.058403100017668415,0.5235138152386268,0.4346938347955515,0.4154463204649629,0.6442647271829287,0.3365527932245492,0.28367995611753466
2024-09-18,0.743903653714172,0.743903653714172,0.8239227228653754,0.8866573555150894,0.5189108797372554,0.807179737650014,0.449502571694766,0.2319897568708574,0.8316327020184695,0.10363269586388912,0.2578328670741183
2024-09-19,0.7349640717783406,0.7349640717783407,0.7717734695688612,0.7893428147929936,0.6679850609224031,0.8420318169132013,0.448103605381451,0.24910790993576354,0.764309474958168,0.21606527071452877,0.23329693587287795
2024-09-20,0.8132471076564166,0.8132471076564166,0.8439616814682367,0.811258263943425,0.5781166128109654,0.7691180574937204,0.512975325263581,0.16989583469018935,0.840735005547436,0.19545128600142564,0.21619539609005506
2024-09-21,0.79063530023832,0.79063530023832,0.8434486055669665,0.8081149918502142,0.701007384874067,0.6410480044655318,0.930162154391266,0.20700138453487418,0.828255704847401,0.2091532797696049,0.21765180793951516
2024-09-22,0.6261081427194963,0.6261081427194963,0.7163322047516506,0.7766519334831863,0.4369831282289831,0.5915433993859894,0.5258073103605382,0.3609833133746116,0.6991446793812306,0.23170828627639115,0.23053390491511688
2024-09-23,0.5833944804422619,0.5833944804422619,0.6977313515487438,0.7438493204466883,0.6604426021297541,0.5976486184761374,0.5099420944255907,0.40230116055317144,0.6801201906723561,0.2716423939679828,0.24270608350901185
2024-09-24,0.6767055205847622,0.6767055205847622,0.6988816662703048,0.6629254681406196,0.43084171395396204,0.620639129221323,0.5295994433994774,0.31057887365832676,0.6831015301853036,0.3316166031159878,0.2184413901468366
2024-09-25,0.637650750329697,0.6376507503296969,0.7047411597297415,0.7322215047012041,0.8978044810277168,0.6192785375383757,0.7001807133608446,0.3453444643603404,0.6871758764584599,0.28227467076603563,0.1975478274761412
2024-09-26,0.17160391897178792,0.17160391897178792,0.2133191950023154,0.3050602736834155,0.44127754005454234,0.27637454646943904,0.33450917220542065,0.7987579479200956,0.17330571160352903,0.7220196662025371,0.21730087322610284
2024-09-27,0.20173155976883378,0.20173155976883378,0.2757365519698732,0.3469618157352324,0.5686871282412981,0.398269606475021,0.47815555460303144,0.7736246468768367,0.23768560040787778,0.6817098906187165,0.24556555335046598
2024-09-28,0.30079186008383724,0.30079186008383724,0.37065500901885573,0.4768445343501883,0.25690956854567826,0.479312029025956,0.4129369226208723,0.6722927414225705,0.33835034273597553,0.5436268776212193,0.2699020689528253
2024-09-29,0.6374521211002857,0.6374521211002857,0.7409602146585575,0.8306793482723929,0.44690526461263375,0.733079821378733,0.42749470887557983,0.3467533778546775,0.7292876403832483,0.17019916376642244,0.27869950893211226
2024-09-30,0.40639288541109364,0.40639288541109364,0.4861302796408143,0.5063099249336788,0.5479516807830616,0.7553725927993302,0.40285780920358255,0.5689746671826659,0.4699491004033013,0.5105130131530892,0.2957938035745466
2024-10-01,0.2918257861118766,0.2918257861118766,0.3296653874641528,0.42474710348109507,0.4955104601992808,0.7803516606195926,0.39660294641401556,0.6826811160041649,0.29190503623377245,0.594816463560802,0.31649222280362943
2024-10-02,0.3553242972396077,0.3553242972396077,0.45314391076021543,0.6019834196503099,0.8918987596816401,0.6625732626290818,0.7228679820810946,0.6259433142519766,0.42320254043690503,0.4191184535973519,0.33359862099770604
2024-10-03,0.15463981383423586,0.1546398138342359,0.17478306622142023,0.1942829208505738,0.685239391095813,0.09436924365057214,0.7255097214854208,0.8245357558037171,0.1183926813868611,0.845412952872428,0.3642296483482805
2024-10-04,0.13784250475364948,0.13784250475364948,0.15169567903870407,0.16321906128235084,0.5750855014013581,0.20987998883617082,0.41588692465568866,0.8317307700176648,0.11115052907079391,0.874964699626766,0.38873411261752244
2024-10-05,0.14671220936607318,0.14671220936607318,0.15799701229489924,0.1630525192258263,0.5986478386747466,0.07657689087356964,0.7076483387109475,0.8170775418491307,0.12477220621092121,0.8460948403253283,0.4122556766336226
2024-10-06,0.5945752184368335,0.5945752184368334,0.7528672327275095,0.7983723861553755,0.4801698380212604,0.37646525258163555,0.8327562802979935,0.38630280939192413,0.7465854083050752,0.2083825692112311,0.4072017671079278
2024-10-07,0.6174656195251922,0.6174656195251922,0.7000741827630124,0.7545303989989901,0.33956041957446303,0.4734161317331845,0.6271173527930803,0.3532815202440659,0.7007160518269349,0.24143204693485718,0.41624484944615
2024-10-08,0.4000023073708887,0.4000023073708887,0.48358886347028557,0.5496853432633686,0.3759982385174812,0.5282584426458276,0.5118832369424393,0.5573417682433144,0.4762446347497551,0.44638460972807326,0.4144303750844566
2024-10-09,0.6053915383307334,0.6053915383307334,0.6995524276011063,0.7157688860732029,0.6812741169767838,0.6064750209321798,0.5964258210724614,0.3667107134202849,0.6947163253916566,0.2850427455545998,0.3990785348900261
2024-10-10,0.14433204641960207,0.14433204641960207,0.16464163970123277,0.19142701749434338,0.5642358728628782,0.3209600893106336,0.2787009937368595,0.8239991961310351,0.12168387989197343,0.8376638051268324,0.41003080261492625
2024-10-11,0.29020317941974105,0.29020317941974105,0.40500386406933236,0.6276726364810584,0.37435602779534577,0.4901269885570751,0.4555963348262544,0.6820457413037951,0.3816412958117546,0.3789557029140215,0.4152175428363657
2024-10-12,0.3988233659819701,0.3988233659819701,0.48524290832591127,0.6328765526882263,0.7764007295192167,0.38462880267931904,0.8945434775227448,0.5704261218336986,0.4631713566683119,0.3805521817021949,0.40767877155507015
2024-10-13,0.11533652813656438,0.11533652813656438,0.11892952671440608,0.14030383673354954,0.6384571953647513,0.10343985487022049,0.5298854013127334,0.8499049619111065,0.08793824647952025,0.8666351285891671,0.40919392073963157
2024-10-14,0.2413209625087787,0.2413209625087787,0.2917655376947211,0.3535031943749793,0.5180556804304913,0.3064819983254256,0.613747315306707,0.7332395059769895,0.2496552602027459,0.6720240143898855,0.40208206201156077
2024-10-15,0.18624263070069588,0.18624263070069588,0.25424037181533016,0.3278454657094404,0.5249816545495377,0.3168434272955624,0.40367525752466643,0.7836457531881401,0.21557203891254623,0.7017585076788602,0.41227099168863846
2024-10-16,0.3585375095871489,0.3585375095871489,0.5026078721721632,0.6034191126049218,0.3937066225094958,0.41679458554284127,0.5454260700665517,0.6143955763666152,0.48509150034639836,0.41045044703045924,0.39915448067133014
2024-10-17,0.5858408887394455,0.5858408887394455,0.6981214129229416,0.6944818402729867,0.12976269758596048,0.5830658665922411,0.41741252517332667,0.38483779985648625,0.6956173234145536,0.31219662354698074,0.3977270470316411
2024-10-18,0.14956449824213283,0.14956449824213283,0.18328012472448932,0.23087949165338706,0.7693199643256461,0.7478021211275467,0.38335117510039834,0.8174096847346133,0.14633912618472683,0.7952235210400941,0.4250282063743619
2024-10-19,0.3284765719524998,0.3284765719524998,0.4547088983522588,0.5676192656102056,0.513813093682922,0.5116173597543957,0.6010245059309478,0.6392363286593553,0.4333606888041713,0.4435038823470243,0.44322191249325443
2024-10-20,0.11370093485298528,0.11370093485298528,0.13592274985697717,0.1476480066683774,0.7956559410040187,0.20185598660340498,0.41286115882427593,0.8557587795455639,0.08825898828779512,0.8793103497253216,0.47520724926354996
2024-10-21,0.5394078575165514,0.5394078575165514,0.65404934232256,0.7213293194465991,0.33647229487773817,0.4517513257047167,0.6051521127533858,0.4349582567377155,0.6435744652708648,0.2800044198501242,0.4858380573298007
2024-10-22,0.2386117703048295,0.2386117703048295,0.29057924721376094,0.38457050613407245,0.3675749244388652,0.5426667596985766,0.33186448291946297,0.7248165259338748,0.2644599766220655,0.6253987404008196,0.502805481972315
2024-10-23,0.050347839976564925,0.050347839976564925,0.06630872933692065,0.08268426042616564,0.8723888698432836,0.20073960368406366,0.43653862454604936,0.9014280737361682,0.0314086849470816,0.9411044899440663,0.5260823516866318
2024-10-24,0.09053757117808085,0.09053757117808085,0.10405316876508522,0.10948152591439382,0.5662734707311743,0.1630267931900642,0.2845897400949597,0.8666958973592125,0.06288654503550908,0.918126847374363,0.552016965037872
2024-10-25,0.3042161236178227,0.3042161236178227,0.4149577163665075,0.5672660960230029,0.23527638986848803,0.4125383756628524,0.4812010364800423,0.657367468909299,0.40254658163834106,0.43068320514412184,0.5665682116906305
2024-10-26,0.1383226271273231,0.13832262712732307,0.1712092612217571,0.18103571375144667,0.818801169068855,0.2729556237789562,0.41843884317441943,0.825333789116948,0.12784516698819734,0.8440295707728985,0.5678075806301706
2024-10-27,0.4053789698739615,0.4053789698739615,0.4854406556808866,0.5135520983200698,0.06868481920316977,0.5487719787887245,0.3091096077283528,0.5532880199708311,0.4784886789906983,0.4792566090995069,0.5575321440181145
2024-10-28,0.0,0.0,0.0,0.0,0.6155208069706269,0.10337008093776166,0.021684218663046217,0.9553015977395545,0.020340974616124344,1.0,0.570730310862051
2024-10-29,0.0,0.0,0.0,0.0,0.5744435317884139,0.0,0.0,0.9571048078782166,0.02191053311798938,1.0,0.5991941551096082
2024-10-30,0.0,0.0,0.0,0.0,0.5744435317884139,0.0,0.0,0.9480220267393571,0.010824936687734502,1.0,0.616871094122356
2024-10-31,0.0,0.0,0.0,0.0,0.5744435317884139,0.0,0.0,0.9568620063762597,0.021944310256110197,1.0,0.6296575672512988
2024-11-01,0.0,0.0,0.0,0.0,0.5744435317884139,0.0,0.0,0.964419691825098,0.03162393808609752,1.0,0.6454424715192337
2024-11-02,0.0,0.0,0.0,0.0,0.5744435317884139,0.0,0.0,0.962062219534669,0.02754632965129208,1.0,0.6518560418837763
2024-11-03,0.0,0.0,0.0,0.0,0.5744435317884139,0.0,0.0,0.9583026107497424,0.023463262708111957,1.0,0.6577587415146848
2024-11-04,0.0,0.0,0.0,0.0,0.5744435317884139,0.0,0.0,0.9613094240224562,0.028362411891181032,1.0,0.6644850202252225
2024-11-05,0.0,0.0,0.0,0.0,0.5744435317884139,0.0,0.0,0.959622089964342,0.025402599650397893,1.0,0.6912218637936982
2024-11-06,0.0,0.0,0.0,0.0,0.5744435317884139,0.0,0.0,0.9579641261495274,0.023109949158525135,1.0,0.7194213414504251
2024-11-07,0.0,0.0,0.0,0.0,0.5744435317884139,0.0,0.0,0.9534682503003,0.018160956020796738,1.0,0.7378947682877603
2024-11-08,0.0,0.0,0.0,0.0,0.5744435317884139,0.0,0.0,0.9550743709510672,0.020539554684401506,1.0,0.7653332089714062
2024-11-09,0.0,0.0,0.0,0.0,0.5744435317884139,0.0,0.0,0.9582399261554032,0.024908391786995106,1.0,0.7715935485776305
2024-11-10,0.0,0.0,0.0,0.0,0.5744435317884139,0.0,0.0,0.9552316566239771,0.020134443191987792,1.0,0.7843336208733571
2024-11-11,0.0,0.0,0.0,0.0,0.5744435317884139,0.0,0.0,0.954711743067742,0.020134774085313542,1.0,0.8022548471232238
2024-11-12,0.0,0.0,0.0,0.0,0.5744435317884139,0.0,0.0,0.9499219276789949,0.014154080730077796,1.0,0.8069191555784702
2024-11-13,0.03468602595606073,0.03468602595606073,0.04846526377098708,0.05777356494256234,0.5510352444168171,0.06632012280212113,0.33224604107824557,0.9124179672148867,0.015243032017916361,0.9661424114963104,0.8152751740332737
2024-11-14,0.38006668393430604,0.38006668393430604,0.5680211338797332,0.6979081920175514,0.19778131652916106,0.48109126430365623,0.4474780498705785,0.5763792817924369,0.569098118924331,0.29648206141913075,0.8056092663785304
2024-11-15,0.11098174709392969,0.11098174709392968,0.14199679818297328,0.17622890410619274,0.8183715739504239,0.2300795422830031,0.43182290764895886,0.8367812406755704,0.12000323588267835,0.8377119095721648,0.8159802602034084
2024-11-16,0.5039097194137807,0.5039097194137807,0.6648122212430195,0.7071121513247991,0.4206965415911075,0.4023164945576333,0.7264076594338781,0.44856212752716407,0.6790102998561225,0.27069386933990774,0.8189520552191563
2024-11-17,0.38357639038896396,0.38357639038896396,0.5922249438499795,0.7751253328356599,0.5942868353298341,0.4318657549539492,0.538707774852512,0.5685615754228586,0.6047024848124557,0.20475979638216607,0.8073469807058129
2024-11-18,0.2740976237940725,0.27409762379407254,0.42856766903194937,0.5740463035038587,0.42402281078812254,0.46172899804632994,0.4270234502345336,0.6895005879918815,0.40699148799323637,0.4392020304711414,0.8096910631122466
2024-11-19,0.23483505281552122,0.23483505281552122,0.36860558139111943,0.4878226059291692,0.38906294728705404,0.46162433714764173,0.40808310310209556,0.7217606475362124,0.3609641472267334,0.503939851559921,0.8034420371063098
2024-11-20,0.3286426812919391,0.3286426812919391,0.5578323368385742,0.6718426863819543,0.5111647694830223,0.5587496511303377,0.41115850520708297,0.6217301507715162,0.5706789024364252,0.3094757428928119,0.8121521766097011
2024-11-21,0.16235670284452286,0.16235670284452286,0.22075079375406745,0.23530227121729586,0.8153005532398342,0.48095171643873846,0.45097880684632613,0.7880450691758144,0.1952740827308337,0.7797994772232779,0.8151008506330732
2024-11-22,0.014805675650157831,0.014805675650157831,0.024191958025817015,0.03777826619885645,0.6358599550701088,0.05798213787329054,0.3026465675779353,0.9350450390517847,0.002329518733018849,0.9880361965452991,0.8166685836107487
2024-11-23,0.25992317889417327,0.25992317889417327,0.404263811408397,0.5214137830498893,0.6098178248735403,0.2021699692994697,0.8445690511904397,0.6955071208056233,0.3913797645030114,0.48598820998846104,0.8086851654797167
2024-11-24,0.3378710660985915,0.3378710660985915,0.49014143028284,0.5563911717227489,0.33988573739075617,0.40154898130058614,0.5686982280723258,0.6117838692623586,0.491880853849072,0.43775171146526287,0.8065593664453088
2024-11-25,0.45698356396537987,0.45698356396537987,0.6246481876064468,0.7193623029335148,0.4904788095580039,0.47205554005023725,0.5407521331256295,0.4972834099759669,0.6299593778084653,0.27162079829362545,0.7912606804131308
2024-11-26,0.17957997517653485,0.17957997517653487,0.260317292051143,0.39504539474076505,0.43713352928039934,0.4226904828356126,0.27984542740654356,0.762710795583003,0.2488444053581915,0.6040133155893718,0.8010271476870521
2024-11-27,0.3240464198462464,0.3240464198462464,0.4422971130254921,0.5318171171549093,0.4597269827525114,0.621650851241976,0.39193623367300723,0.6300277784357434,0.4329385179566198,0.4697329877250703,0.7858579470019409
2024-11-28,0.02945105616926653,0.02945105616926653,0.04145707249893207,0.05151160453961007,0.88032124250653,0.19833240301423388,0.5069004052535345,0.915726947977317,0.019943212770721582,0.9582157272935686,0.7839282833662367
2024-11-29,0.35163821120339356,0.3516382112033935,0.5306448237230229,0.6848330714027099,0.17881715787509422,0.46288026793190074,0.3815897345564065,0.5978046163820538,0.5352050449010679,0.2997268679822531,0.7675958340086451
2024-11-30,0.45450526145419273,0.45450526145419273,0.6520223458525227,0.7470796295945653,0.7098773410439624,0.5035235835891712,0.7747939959192904,0.49403965650990406,0.6668605345001042,0.23351414303618903,0.7460120338684925
2024-12-01,0.08719739239010463,0.08719739239010464,0.11252921226535724,0.11907568740181525,0.5913187806157788,0.11376639687412783,0.45565608497970844,0.8578589974529158,0.08704683809752956,0.8906574530287628,0.7410425575007474
2024-12-02,0.05770681181209693,0.05770681181209693,0.07002584394284493,0.0887978812335452,0.5561564629321557,0.10633547306726208,0.2920571246383987,0.8864971186289058,0.041426980964155154,0.9221493048097409,0.737518565982206
2024-12-03,0.25272958389938566,0.25272958389938566,0.4265666846672179,0.6575238355472512,0.30897216388971105,0.3900013954786492,0.4973001358872004,0.6999187344823015,0.4248612458349427,0.3299729560178429,0.7254687893316084
2024-12-04,0.06492062682293936,0.06492062682293936,0.08771588335418973,0.1111636843747669,0.7143527130428328,0.14265280491208485,0.48483047451675526,0.8833924130975424,0.05391334032012594,0.9075164051265872,0.7218351160835316
2024-12-05,0.3773191118508262,0.3773191118508262,0.5862408556335795,0.7393369931438443,0.1513982138079226,0.5111638291934134,0.3975783639065487,0.5754156401904356,0.5878080369142686,0.246734743721324,0.7039175820083683
2024-12-06,0.13812256342130116,0.13812256342130116,0.22325773757891293,0.33954933426591305,0.646967112626499,0.5867289980463299,0.311601234278636,0.8093421477163775,0.20398223186328204,0.6655835967908763,0.6969865704012982
2024-12-07,0.06982510235486579,0.06982510235486579,0.08868349605330877,0.09843943188654802,0.797757165700738,0.1649106893664527,0.46847034068604376,0.8826133235337326,0.04532908381994081,0.9313417150374265,0.6936822386664191
2024-12-08,0.12282002475021526,0.12282002475021528,0.18141260614029323,0.24021379731894488,0.5801294098993652,0.24508093776165227,0.32701599124812264,0.8292750781200298,0.14905052731432744,0.7762181138576892,0.6878155669401689
2024-12-09,0.03133093776756708,0.03133093776756708,0.05152269234012241,0.06891462177535296,0.5738334326029685,0.07601869941389898,0.3338773256204564,0.9156237933694448,0.018668859051116087,0.955335490576571,0.6858281562348217
2024-12-10,0.011909391071240732,0.011909391071240732,0.015358542210428257,0.015958955333566897,0.5802696625856745,0.04796957856544795,0.40672248524998983,0.9371053690951981,0.0,0.9972718497705467,0.6849828336884557
2024-12-11,0.02330201957367752,0.02330201957367752,0.034850532776192183,0.043458061686884826,0.5531932543475054,0.06171504325983813,0.3099072196005066,0.9180594975411819,0.008109965837424717,0.971435579070415,0.6832735498944439
2024-12-12,0.029799740808388913,0.029799740808388913,0.04360046795746751,0.05361576718090014,0.5421046261094287,0.06618057493720347,0.35132289548822226,0.9118925586265361,0.013973600076878267,0.9659268679435166,0.6815000437071963
2024-12-13,0.024416928368357477,0.024416928368357477,0.03488758359515133,0.03833710267244556,0.5807373425799003,0.08760117220206531,0.3380778667611913,0.9229664771712819,0.0021719194288642766,0.9835257866232454,0.6819919752890247
2024-12-14,0.05960927878682101,0.05960927878682102,0.07931604244040845,0.09034247511833429,0.5840888116498214,0.07329751604800447,0.6901013290360581,0.8875253115967427,0.04404826114619864,0.9309793208990024,0.6965023240732554
2024-12-15,0.21225178232574346,0.21225178232574346,0.36077626914389216,0.506127377264938,0.3934402564320823,0.3606963438459391,0.40311691717382553,0.737566865443651,0.3497013975916882,0.49029871950240467,0.6918754445661309
2024-12-16,0.256059171977066,0.256059171977066,0.40517488999058815,0.5541040429653399,0.5373540509736415,0.39785096288026794,0.5940216675428016,0.691022223519191,0.4051569849946589,0.4323773648151135,0.703182612976138
2024-12-17,0.36824752754603307,0.36824752754603307,0.5452093431044618,0.6345106943119506,0.29238363488326047,0.47809098520792637,0.42456541621384986,0.5822673427400527,0.5467374521139964,0.35438043882539405,0.7038217837997318
2024-12-18,0.12779204276595962,0.12779204276595962,0.18271582722603674,0.2156107652701648,0.8319321272780585,0.4216787608149596,0.3883396356450693,0.8232297925455863,0.1507712515628903,0.8033138546161126,0.7100582683273746
2024-12-19,0.07040743881724534,0.07040743881724533,0.11187930085276414,0.15791168396092245,0.6277922898765326,0.13030281886687134,0.426100257687211,0.8821708111012534,0.07497136103119457,0.8691332090274697,0.7175390239819724
2024-12-20,0.05524749322541715,0.05524749322541716,0.07552210358985663,0.0808712325482598,0.5770465304250552,0.10291655037677924,0.28301934953785596,0.8937862225498958,0.042370121691445606,0.9365442130597597,0.730226405829187
2024-12-21,0.28584885618879063,0.28584885618879063,0.4942179143217471,0.700942772404274,0.49181816569897063,0.34705554005023725,0.6518845890718564,0.6627288454939206,0.49279546733907875,0.2867467443310387,0.7243822621160545
2024-12-22,0.08211847534608542,0.08211847534608542,0.1783767855543685,0.31061035048420116,0.587651857028236,0.12552330449344126,0.4264993947324506,0.8634715078873391,0.1644496482245651,0.6930645023733614,0.7210444181410942
2024-12-23,0.17116876896589817,0.17116876896589817,0.32019298882528435,0.4548377590594642,0.45653361152776734,0.37754674853474746,0.37189359403704914,0.7787418656748079,0.3049669208694584,0.5502488473752668,0.7249260848291698
2024-12-24,0.04906276257884528,0.04906276257884528,0.06894047141194382,0.07759353423480149,0.6640986931927446,0.1064052469997209,0.8059700005466313,0.8994849990608679,0.03593362201617663,0.9464005692219482,0.7383430766565096
2024-12-25,0.4128301602430931,0.41283016024309316,0.6089530178127626,0.7290127455933044,0.26320725624068864,0.4276444320401898,0.5798048635240274,0.5430712866234257,0.6096837624166591,0.2578307303282615,0.740478402184082
2024-12-26,0.36375297659619366,0.36375297659619366,0.5592303458151175,0.6962103417804957,0.30618050828599763,0.5983812447669552,0.37565198404222405,0.5945490049357234,0.5526972658229368,0.30160617585928984,0.7326361480630589
2024-12-27,0.07328757790409751,0.07328757790409751,0.09527891522737922,0.11439608575953483,0.6800569403101101,0.7463368685459113,0.20247891195843487,0.8840637828682092,0.051412838806420336,0.916134105716023,0.7444831609604623
2024-12-28,0.40874156617407703,0.40874156617407703,0.6050826177274796,0.7079789650687451,0.38035222922807826,0.7671643873848731,0.3867402278849782,0.5489581549606258,0.6040162503534567,0.2836341717297063,0.7273788350168185
2024-12-29,0.41858930914797626,0.41858930914797626,0.6131711230273256,0.7164018923445785,0.5527701017305187,0.8391013117499303,0.41744948899621903,0.5374577507917683,0.6138735503142237,0.2749501023712437,0.7245645485279282
2024-12-30,0.06980012109729464,0.06980012109729464,0.0917543081350925,0.09981507764238796,0.6924826441576689,0.727637454646944,0.19922296505726744,0.8859005099601251,0.051884334029830066,0.9244720180424919,0.7428390470392068
2024-12-31,0.41810735552756567,0.41810735552756567,0.6197101195660646,0.7274680470966709,0.3498333017004612,0.7613731509907898,0.35728168648465375,0.5396589097229719,0.6204662058737659,0.2620781830555238,0.7279997310465255
2025-01-01,0.4304619989825288,0.43046199898252874,0.6143238322148495,0.7833392456460812,0.5264865202630069,0.8473346357800726,0.3555463433628506,0.5254565281042134,0.6154934564356381,0.20627705875049943,0.7111625408144251
2025-01-02,0.05815134695751402,0.05815134695751402,0.0853584106320478,0.10734733967371775,0.8315020190400434,0.6301632710019537,0.251981718439698,0.8876979844212468,0.057258491914053924,0.9116678039097273,0.7199196585342592
2025-01-03,0.1550434053546906,0.1550434053546906,0.2671576940968294,0.3766730441534166,0.5001460965482388,0.3606265699134803,0.26907601158665345,0.7928567788746178,0.2565394682766671,0.6178603716018367,0.715697513611496
2025-01-04,0.29907039658868034,0.29907039658868034,0.41010228641316704,0.46250204123861677,0.7061192532103184,0.3516257326262908,0.7279731134543741,0.6481382107929655,0.40313654799192283,0.5369711424331243,0.7190889432389036
2025-01-05,0.051356887449454346,0.05135688744945435,0.07607760952879505,0.09346179109914304,0.5595937369991889,0.04413201228021212,0.5781469999463001,0.8895893716442453,0.05266723134133089,0.916695793388599,0.7228312863724219
2025-01-06,0.27936856231886015,0.2793685623188601,0.3948429544899266,0.5374985864324505,0.430512006114561,0.37531398269606475,0.5944749559865621,0.6741888858163442,0.38192369039840735,0.46445565697882774,0.7131113767584744
2025-01-07,0.26591466722881874,0.26591466722881874,0.436025780888794,0.6762369069123009,0.5243930493733356,0.3629639966508513,0.5234754289308498,0.6825359103777054,0.436420289979486,0.3076232020309876,0.7062681703528261
2025-01-08,0.05002343461709782,0.05002343461709782,0.07611821486131758,0.10855361885323031,0.666996564550358,0.09265978230533073,0.3971669758222886,0.89514326014533,0.04725672557866614,0.9099173018022284,0.7053130571522628
2025-01-09,0.23157615086189076,0.23157615086189076,0.348842775128879,0.44125579405777526,0.18977317320733558,0.48625453530560986,0.33828679664286615,0.7159975886160564,0.33680194286958054,0.5575891428441199,0.6950016576602708
2025-01-10,0.19653410001937002,0.19653410001937,0.26381496470981763,0.30766761929699377,0.6852988559542768,0.4601939715322356,0.446071407844855,0.7592808312178219,0.24190692825826526,0.7057820239156114,0.6875969871610328
2025-01-11,0.11819521111581419,0.11819521111581417,0.17110665860195431,0.2240203022298956,0.6449113845328995,0.12786073123081218,0.5932009081300905,0.8297110453508362,0.14613887761296837,0.7931745208746243,0.6837644381100413
2025-01-12,0.17296932705970583,0.1729693270597058,0.2729091967628758,0.38762318436990245,0.5767888873805708,0.26657130895897296,0.42338224277212777,0.779976975665033,0.2612158958835065,0.6138051946215731,0.6770960980362697
2025-01-13,0.31901987645890656,0.31901987645890656,0.42549855542271564,0.546064622711629,0.21060434597464248,0.46828774769746023,0.5357357691087914,0.6364522362664887,0.41365562536951617,0.4507111303847393,0.665387261848764
2025-01-14,0.25191667821242303,0.25191667821242303,0.3176011013251925,0.32861729189853445,0.4597843951326388,0.5213857102986325,0.4134043885569637,0.6977811298309254,0.30239130880630616,0.6775668202122341,0.6635318472039397
2025-01-15,0.040073370731766346,0.04007337073176635,0.05619120948632937,0.06461517957616929,0.8389384901319408,0.26608289143176106,0.31028998179260814,0.9177500947636468,0.013104502377933253,0.9713995991920312,0.6741053405984476
2025-01-16,0.06670444426949255,0.06670444426949255,0.09162222129029433,0.10572606530687309,0.5474304653122324,0.0689715322355568,0.3828398823514963,0.891177222706672,0.04875618367560118,0.9209728086249445,0.6885114061491785
2025-01-17,0.031555189190907426,0.031555189190907426,0.04371272762155757,0.049531093098578775,0.5737371941743139,0.08086798771978788,0.3834122195896703,0.9208263368956839,0.007006629362570786,0.9774433019934583,0.693062837833993
2025-01-18,0.13253634524995275,0.13253634524995275,0.16370889565452418,0.17593954774416587,0.5675186979351098,0.08460089310633548,0.8068206500864857,0.8148346194352338,0.1421559665983908,0.8209644802482864,0.6899226029176412
2025-01-19,0.5069346338155855,0.5069346338155855,0.6869551824161145,0.7641307325852401,0.35508730416149675,0.44822774211554567,0.6155297060304491,0.4517954748480422,0.6904436613388373,0.22582494669031916,0.6693102881386592
2025-01-20,0.245488056021256,0.245488056021256,0.32032267961008576,0.3398392136871627,0.6048710670167815,0.5532375104660899,0.4722669587490961,0.7053425567852889,0.2998903207133761,0.6674415414133694,0.6712975859171884
2025-01-21,0.0,0.0,0.0,0.0,0.6284047266067498,0.05002790957298354,0.029290127239833087,0.9442173261331739,0.006992479270328765,1.0,0.6750631810827512
2025-01-22,0.0,0.0,0.0,0.0,0.5744435317884139,0.0,0.0,0.9472736097352653,0.011485389699548315,1.0,0.6829226880450288
2025-01-23,0.0,0.0,0.0,0.0,0.5744435317884139,0.0,0.0,0.9444422632512192,0.008110065137185044,1.0,0.6850192778173524
2025-01-24,0.0,0.0,0.0,0.0,0.5744435317884139,0.0,0.0,0.9524368572791445,0.018487619463254803,1.0,0.7041101118357266
2025-01-25,0.0,0.0,0.0,0.0,0.5744435317884139,0.0,0.0,0.9519807253772749,0.01788645655461452,1.0,0.720779001788835
2025-01-26,0.0,0.0,0.0,0.0,0.5744435317884139,0.0,0.0,0.9556378590237646,0.021752507392735213,1.0,0.7241168711795497
2025-01-27,0.0,0.0,0.0,0.0,0.5744435317884139,0.0,0.0,0.9460498667024735,0.009264178658039633,1.0,0.7426353116697767
2025-01-28,0.0,0.0,0.0,0.0,0.5744435317884139,0.0,0.0,0.9457906243404617,0.009072693608442818,1.0,0.761677985680386
2025-01-29,0.0,0.0,0.0,0.0,0.5744435317884139,0.0,0.0,0.9524709838084937,0.01729265724874259,1.0,0.7647825112141968
2025-01-30,0.0,0.0,0.0,0.0,0.5744435317884139,0.0,0.0,0.9504213677948529,0.01572302915995377,1.0,0.7839384893182391
2025-01-31,0.0,0.0,0.0,0.0,0.5744435317884139,0.0,0.0,0.9545372583247429,0.021245815095255006,1.0,0.8039487432045194
2025-02-01,0.0,0.0,0.0,0.0,0.5744435317884139,0.0,0.0,0.9467881606736455,0.011323677485300368,1.0,0.8067044237693115
2025-02-02,0.0,0.0,0.0,0.0,0.5744435317884139,0.0,0.0,0.9490172645548406,0.014331368509187127,1.0,0.8139869949625228
2025-02-03,0.0,0.0,0.0,0.0,0.5744435317884139,0.0,0.0,0.9510976778745411,0.015429100653061582,1.0,0.8281155619816912
2025-02-04,0.0,0.0,0.0,0.0,0.5744435317884139,0.0,0.0,0.9607494527349236,0.02648291079426191,1.0,0.8314341246411259
2025-02-05,0.0,0.0,0.0,0.0,0.5744435317884139,0.0,0.0,0.9633949563657954,0.029579784488818074,1.0,0.8449212996400445
2025-02-06,0.0,0.0,0.0,0.0,0.5744435317884139,0.0,0.0,0.9616323170994109,0.02829700148445876,1.0,0.8579370087220615
2025-02-07,0.0,0.0,0.0,0.0,0.5744435317884139,0.0,0.0,0.9591466648463491,0.02611914358578084,1.0,0.8609218185432704
2025-02-08,0.0,0.0,0.0,0.0,0.5744435317884139,0.0,0.0,0.9639707279718838,0.03061242230411732,1.0,0.872486088681754
2025-02-09,0.0,0.0,0.0,0.0,0.5744435317884139,0.0,0.0,0.9627027504171621,0.029456051987504766,1.0,0.8819727049814914
2025-02-10,0.0,0.0,0.0,0.0,0.5744435317884139,0.0,0.0,0.9645509515183366,0.03128873835021957,1.0,0.8882609872705308
2025-02-11,0.0,0.0,0.0,0.0,0.5744435317884139,0.0,0.0,0.9556597692588858,0.020519246854528172,1.0,0.8964539846616212
2025-02-12,0.0,0.0,0.0,0.0,0.5744435317884139,0.0,0.0,0.9592486294979833,0.02381591042181504,1.0,0.9115076501544016
2025-02-13,0.0,0.0,0.0,0.0,0.5744435317884139,0.0,0.0,0.9644067403237073,0.02947094338045813,1.0,0.923941781502605
2025-02-14,0.0,0.0,0.0,0.0,0.5744435317884139,0.0,0.0,0.9738026577830944,0.04270064134195274,1.0,0.9265558024501767
2025-02-15,0.0,0.0,0.0,0.0,0.5744435317884139,0.0,0.0,0.9564197841338519,0.020812854195340562,1.0,0.9295984005591109
2025-02-16,0.0,0.0,0.0,0.0,0.5744435317884139,0.0,0.0,0.9641047223526555,0.02945226920225326,1.0,0.9316166955320342
2025-02-17,0.0,0.0,0.0,0.0,0.5744435317884139,0.0,0.0,0.95949780721898,0.02381620453867543,1.0,0.93836308825413
2025-02-18,0.0,0.0,0.0,0.0,0.5744435317884139,0.0,0.0,0.9634410585439473,0.028217653213491612,1.0,0.9622237683277542
2025-02-19,0.0,0.0,0.0,0.0,0.5744435317884139,0.0,0.0,0.9598101092430521,0.023477427219983475,1.0,0.9740909065417755
2025-02-20,0.0,0.0,0.0,0.0,0.5744435317884139,0.0,0.0,0.9645181662333422,0.029209004046964405,1.0,0.9750376397224999
2025-02-21,0.0,0.0,0.0,0.0,0.5744435317884139,0.0,0.0,0.9662111704992858,0.03098515535007663,1.0,0.9759207961361662
2025-02-22,0.0,0.0,0.0,0.0,0.5744435317884139,0.0,0.0,0.9664741756002424,0.03172841499109782,1.0,0.9769482581698904
2025-02-23,0.0,0.0,0.0,0.0,0.5744435317884139,0.0,0.0,0.9667615557824761,0.03164337086633106,1.0,0.9776162929561386
2025-02-24,0.0,0.0,0.0,0.0,0.5744435317884139,0.0,0.0,0.9722231204892701,0.037701794372776286,1.0,0.9785603005447553
2025-02-25,0.0,0.0,0.0,0.0,0.5744435317884139,0.0,0.0,0.975926996855411,0.042073051274730267,1.0,0.9795064879881679
2025-02-26,0.0,0.0,0.0,0.0,0.5744435317884139,0.0,0.0,0.9706858987470555,0.03426886290821956,1.0,0.9806553935932023
2025-02-27,0.0,0.0,0.0,0.0,0.5744435317884139,0.0,0.0,0.9669316797118708,0.03095893951824257,1.0,0.9816413103580693
2025-02-28,0.0,0.0,0.0,0.0,0.5744435317884139,0.0,0.0,0.9676758208360375,0.030761044649390317,1.0,0.982350390556251
2025-03-01,0.0,0.0,0.0,0.0,0.5744435317884139,0.0,0.0,0.9627855846422254,0.026402351832049354,1.0,0.9829269979422173
2025-03-02,0.0,0.0,0.0,0.0,0.5744435317884139,0.0,0.0,0.9587072197583143,0.02235141908704064,1.0,0.9831214648131459
2025-03-03,0.0,0.0,0.0,0.0,0.5744435317884139,0.0,0.0,0.9683288015803772,0.033208088385801936,1.0,0.9841260163183961
2025-03-04,0.0,0.0,0.0,0.0,0.5744435317884139,0.0,0.0,0.9696576863152502,0.03386610740750393,1.0,0.9850885859484362
2025-03-05,0.0,0.0,0.0,0.0,0.5744435317884139,0.0,0.0,0.9613404761295543,0.024002598766154605,1.0,0.9855662606123239
2025-03-06,0.0,0.0,0.0,0.0,0.5744435317884139,0.0,0.0,0.9637786964615453,0.02775816443097677,1.0,0.9857075299161725
2025-03-07,0.0,0.0,0.0,0.0,0.5744435317884139,0.0,0.0,0.9711305009019394,0.03463007483064679,1.0,0.9860682783702858
2025-03-08,0.0,0.0,0.0,0.0,0.5744435317884139,0.0,0.0,0.980547100596999,0.045077946462089485,1.0,0.9869503725622021
2025-03-09,0.0,0.0,0.0,0.0,0.5744435317884139,0.0,0.0,0.9722507000474948,0.036213872201520496,1.0,0.987561481504743
2025-03-10,0.0,0.0,0.0,0.0,0.5744435317884139,0.0,0.0,0.9679394629395902,0.030778103539337437,1.0,0.9877465641447167
2025-03-11,0.0,0.0,0.0,0.0,0.5744435317884139,0.0,0.0,0.9733903286569507,0.03778527077804594,1.0,0.9882449811999356
2025-03-12,0.0,0.0,0.0,0.0,0.5744435317884139,0.0,0.0,0.9778211983912672,0.04213859305646145,1.0,0.9888638414524679
2025-03-13,0.0,0.0,0.0,0.0,0.5744435317884139,0.0,0.0,0.9680063420190781,0.03085923453848602,1.0,0.9894396260033842
2025-03-14,0.0,0.0,0.0,0.0,0.5744435317884139,0.0,0.0,0.966743576384207,0.029029733242930417,1.0,0.9897891541445814
2025-03-15,0.0,0.0,0.0,0.0,0.5744435317884139,0.0,0.0,0.9647294431846091,0.028188137613820226,1.0,0.9898042034481778
2025-03-16,0.0,0.0,0.0,0.0,0.5744435317884139,0.0,0.0,0.9717362054369539,0.03471261454504559,1.0,0.9897078340864753
2025-03-17,0.0,0.0,0.0,0.0,0.5744435317884139,0.0,0.0,0.9771716043773958,0.040163357437043114,1.0,0.9906755988039968
2025-03-18,0.0,0.0,0.0,0.0,0.5744435317884139,0.0,0.0,0.9719410415841956,0.03470100646724272,1.0,0.9910410469034172
2025-03-19,0.0,0.0,0.0,0.0,0.5744435317884139,0.0,0.0,0.9739515067105122,0.036789905319826205,1.0,0.9917150976730076
2025-03-20,0.0,0.0,0.0,0.0,0.5744435317884139,0.0,0.0,0.9802004446690401,0.043348188840503114,1.0,0.9924966745365712
2025-03-21,0.0,0.0,0.0,0.0,0.5744435317884139,0.0,0.0,0.9772101315330116,0.040378243441358534,1.0,0.993308127578217
2025-03-22,0.0,0.0,0.0,0.0,0.5744435317884139,0.0,0.0,0.9755739850571064,0.03858898680513336,1.0,0.9938237175966047
2025-03-23,0.0,0.0,0.0,0.0,0.5744435317884139,0.0,0.0,0.9787603764394089,0.04055511940119275,1.0,0.9944089519808289
2025-03-24,0.0,0.0,0.0,0.0,0.5744435317884139,0.0,0.0,0.9849862177454808,0.047684492734725505,1.0,0.9952722642602906
2025-03-25,0.0,0.0,0.0,0.0,0.5744435317884139,0.0,0.0,0.9849422070591853,0.0486377725990527,1.0,0.9961201220694209
2025-03-26,0.0,0.0,0.0,0.0,0.5744435317884139,0.0,0.0,0.9770435757028797,0.0391926833616539,1.0,0.9963449248300161
2025-03-27,0.0,0.0,0.0,0.0,0.5744435317884139,0.0,0.0,0.9757744409267755,0.03692657561548696,1.0,0.9963378103579628
2025-03-28,0.0,0.0,0.0,0.0,0.5744435317884139,0.0,0.0,0.991022851586056,0.05577839506548571,1.0,0.9972862276624931
2025-03-29,0.0,0.0,0.0,0.0,0.5744435317884139,0.0,0.0,0.9860914906815982,0.048180168366848825,1.0,0.9981797487528491
2025-03-30,0.0,0.0,0.0,0.0,0.5744435317884139,0.0,0.0,0.9809699128394744,0.04346122192985112,1.0,0.9987997210271565
2025-03-31,0.0,0.0,0.0,0.0,0.5744435317884139,0.0,0.0,0.9707847438554214,0.03262669405002178,1.0,0.9991727631972176
2025-04-01,0.0,0.0,0.0,0.0,0.5744435317884139,0.0,0.0,0.9764456939136331,0.038332986742076816,1.0,1.0
