energy_yield_kWh,peak_pv_power_W,delta_std,max_delta_hour,morning_afternoon_ratio,mpp1_a_std,mpp2_a_std,mpp1_v_std,mpp2_v_std,cluster
0.9100370643796284,0.842625914278076,0.7759336442951273,0.9,0.1436177458075708,0.91104677020636,0.8587316896000496,0.9107655394241744,0.7835898123972144,-1
0.7890248615587887,0.7781176673925468,0.7457126787212334,0.9,0.1240053293349754,0.8333078814513957,0.8276726451210056,0.847424663604158,0.7650123498939275,-1
0.7094208578364994,0.705393783709253,0.688886060980032,0.9,0.1280346185498079,0.7978549669353667,0.7440473019360011,0.8126502730698073,0.6083388308066658,-1
0.5762356382892195,0.6396761856535137,0.6128636685217224,0.8,0.1839075305794656,0.6978306758298127,0.6055733920271984,0.8333966696381124,0.5701482422949115,-1
0.569733088171529,0.6291749273656512,0.6246246059595263,0.8,0.1574381081378608,0.7115528138730243,0.5746065446332752,0.840339038042895,0.5058797216763342,-1
0.5477803952314095,0.6529307856604879,0.8922824612256377,0.6,0.1576181966974023,0.6957605798832731,0.5102296214342069,0.8542430793109592,0.5210263666500038,-1
0.8971068775370962,0.8568650598922787,0.68757358954568,0.7,0.2213942998310424,0.7722122437963607,0.893015611897821,0.9210027067499604,0.8176217364801591,-1
0.1479441722146161,0.2390351907882446,0.3477346457492896,0.2,0.3817271523452424,0.2976934373941796,0.1468882633744614,0.8136537262243432,0.0600547574360732,-1
0.2498754488448091,0.35468565039728,0.3373636606082779,0.4,0.3485636795081462,0.3970486846491939,0.1837234278938301,0.8687317471778507,0.0938852558449725,-1
0.2443303883739928,0.2670951196219964,0.3228305328140434,0.7,0.1756081297434839,0.3774742544576813,0.1343707507592178,0.9210631675884474,0.0,-1
0.4686005539742023,0.8362914342594918,1.0,0.5,0.1788918996527394,0.7702456874325522,0.4905425266003695,0.8788240014904201,0.2259644023894432,-1
0.8151408328223702,0.8059522010646132,0.8081549381104132,0.7,0.1732293290809102,0.5795858009259381,0.8341568887452899,0.9759817740813498,0.918182348678844,-1
0.7958419543009578,0.6966333577090283,0.6184794892930434,0.7,0.2738848310277391,0.5647356316986495,0.8010582498687355,0.9772887557081557,0.8827553179371076,-1
0.6482042755196776,0.6145583543525271,0.7310844994993024,0.7,0.2102747491775523,0.5069122734731188,0.6167521697807692,0.9623412789314292,0.8715433909286826,-1
0.5082835474390004,0.5983998122717726,0.558406226286194,0.4,0.3352342252329635,0.433992317439636,0.4671678128154968,0.9777735414519964,0.8846140601231115,-1
0.1253796237157882,0.1758404855867543,0.2267320436261683,0.8,0.1053610335991128,0.1816156778237273,0.122983139921438,0.8034942349525772,0.4526060852534442,1
0.5533943874667618,0.4930766793329313,0.6386533521274893,0.4,0.2008072984977033,0.4754587727134368,0.461511847727201,1.0,0.8894327381074006,-1
0.8581240596734003,0.7518276296396996,0.6965966914687459,0.9,0.1569908730265432,0.8013642363971362,0.736575564738598,0.9997897653831322,0.8845535262428667,-1
0.8605033173525465,0.7519363684863873,0.6998520062949651,0.7,0.1694979438029848,0.8382000202095001,0.7367713803067351,0.9637586126865868,0.8284108205537553,-1
0.6212367544480591,0.7334313077922545,0.8879112975667223,0.7,0.3246428920579588,0.6965596530143262,0.5248395271625655,0.9655350560667104,0.806366989269446,-1
0.3378360864016042,0.4249318718697573,0.499055237749969,0.7,0.1290615511089822,0.3677786659549525,0.5039537684568786,0.6635254042712417,0.6137614323078179,-1
0.4564547406530459,0.3598923123235731,0.4367867830800833,0.1,0.1873217569774659,0.4832645629077857,0.2749704213702387,0.9873539325606474,0.7819369872801155,-1
0.7550452726690806,0.7517142582317666,0.7037566062463069,0.6,0.2041743198540966,0.7960348849030509,0.5917851057199031,0.993428639486518,0.8447031196423511,-1
0.3292376907549397,0.4556272226818284,0.4812268132879752,0.8,0.1755952383882693,0.3300959447616183,0.4689685090314922,0.7485216100265911,0.7241365349827442,-1
0.1803173688138211,0.2893366357599026,0.3629877463955119,0.5,0.1267547329628242,0.1930875105455882,0.2719344964991352,0.7239680264442576,0.5055943844219245,-1
0.1320320656368756,0.2577557076944821,0.3217224059985657,0.1,1.0,0.1881964628513139,0.2199971790516041,0.6598361986888568,0.3714548341563125,-1
0.1064819434081526,0.2534558485748809,0.3391641077367117,0.3,0.3616661207523564,0.1903579296693266,0.1534322285525551,0.7381492731507506,0.3066965441700486,-1
0.2207886108548583,0.3325599482905091,0.3779107590512299,0.7,0.1125706595759873,0.3408173476077323,0.2619406132491986,0.7567820464001935,0.4354400303215663,-1
0.430576838196317,0.5046200112158519,0.5221483872490894,0.7,0.1256785036771839,0.4957784108263497,0.4966257254676958,0.8143712890049911,0.6263463539762288,-1
0.2715776806046365,0.3432017837550732,0.3567899999886166,0.1,0.6094188217848311,0.3153203184150999,0.3131197434689274,0.9165614706911968,0.7623326978545458,-1
0.263137264963131,0.3779479303485151,0.4349789916494912,0.7,0.1780987081418485,0.3016167044974454,0.3071042057570569,0.8893818731742722,0.7136762541251267,-1
0.4261732414536152,0.4725310175243895,0.4801151102975895,0.1,0.1823516964372592,0.4886116218757644,0.4876107306457936,0.8864919115177828,0.7681483517099971,-1
0.4046021243856981,0.4992864171114347,0.4597408480957838,0.7,0.1414829465518549,0.4601139882748428,0.4632775451487398,0.8906434815825272,0.742412627391725,1
0.3068170004170365,0.3356711764229249,0.4214746388340966,0.8,0.1864289902905736,0.3426214930166181,0.3398537173144045,0.903672375028044,0.7175469252209427,-1
0.1122689867513044,0.1328522544822556,0.2114075161850626,0.1,0.257910758822281,0.1351629049910231,0.1264817972820473,0.8919891212137199,0.7230695893871962,-1
0.096384954816015,0.1049321447697288,0.1088518056460439,0.2,0.1998458619781137,0.1143330550478418,0.1028202797497584,0.8741791011146377,0.6873550520604872,-1
0.1212497254790201,0.1325863454667692,0.1236465338363844,0.7,0.2113878527655022,0.1339463660900982,0.1298116203607894,0.8801031988302209,0.7177329512095882,1
0.1517450938977157,0.1827191652090944,0.1685082032746364,0.8,0.211722203772913,0.1668631767818617,0.1642796496471532,0.8761771362662121,0.7355019462327848,1
0.1230220559410462,0.149167124447946,0.1430830682977775,0.5,0.2464525917836627,0.1385676304499563,0.1329026470982021,0.8818025158817256,0.7115616405015608,1
0.169639850190379,0.1835737464162927,0.1869420694591336,0.8,0.1625342821334181,0.1913271829167944,0.1896985404034715,0.8796762113006709,0.7245037201556558,1
0.3270473354986221,0.5068432194717162,0.5737486506605126,0.6,0.138000807471683,0.3814019574331269,0.3994866247522103,0.927368108309812,0.7480846824921964,-1
0.2295221913013938,0.3767316724506299,0.4050091294001302,0.5,0.2927950014646118,0.2982773582283034,0.2904982208585798,0.885915712696924,0.7237685671515685,-1
0.1230640313675548,0.1839095649923916,0.1873049740199449,0.2,0.2737491827106301,0.1603967037824048,0.1544811641659947,0.8649294176085629,0.7291922089100397,-1
0.227547785830711,0.3860329289191594,0.3966033855543859,0.6,0.0884146626122793,0.2684038737944332,0.295302476970714,0.896507618417305,0.7268281966871174,1
0.1565461048241091,0.2200373940343729,0.2172514107678892,0.8,0.1168763310809039,0.1887890237701127,0.1822488566139338,0.8712442601552335,0.7507582180484258,1
0.3094109205313761,0.3475969894079435,0.3381575619702335,0.7,0.1918920557243752,0.3397200995147862,0.3468111133006726,0.8696646548260552,0.8117472231141682,1
0.1836575490743515,0.1935612115478465,0.2055205644097818,0.1,0.229671484078813,0.2052003224001893,0.1982540010040908,0.8975567129294758,0.7884586949598805,-1
0.0925545411046249,0.10231912754216,0.1032525846132339,0.1,0.3668419368715351,0.100529598278764,0.1004539235266227,0.8834549792538574,0.7726506913541767,-1
0.1266803547995031,0.1765877598298317,0.1673346812614408,0.3,0.2347908977863274,0.1555872194466176,0.150348700702412,0.8786872532366385,0.749976530740421,1
0.0624311909563709,0.0862382440335559,0.081503564849471,0.2,0.3484878394675495,0.0781317846719009,0.071158746823914,0.8636391627058067,0.7335884036367658,-1
0.0494603810554705,0.0628430516887707,0.0658651327963315,0.2,0.2403382221360429,0.0652377548610178,0.057467701871952,0.8617554809552431,0.7294979760819342,1
0.0935685701425956,0.1158759389991073,0.1323155901895854,0.2,0.245470165703742,0.1072776735426216,0.1094062955167095,0.86881760297108,0.7770968179377593,1
0.060630772848354,0.0848099832874035,0.0786527910644088,0.6,0.2232862209013502,0.0751577795238972,0.0729367809561307,0.8474947427451008,0.7441979673175307,1
0.0774704739349441,0.1343382116730098,0.1323218850887759,0.4,0.1668794709549483,0.1050616323388703,0.0981155631915228,0.8454307497299004,0.764154415978484,1
0.0506043414632287,0.0696815543708552,0.0629022804585325,0.1,0.3079963235778001,0.0631790367173496,0.0568832968425912,0.8640191873526132,0.7548698773986348,-1
0.0423313594003246,0.0655956353524056,0.0708366550446719,0.6,0.1777483649061168,0.0546906273569137,0.0498174942199413,0.8664014871953222,0.7648287501695524,1
0.1719166919899768,0.2383344106143938,0.2549340614668481,0.6,0.1832691973784758,0.2132222112556102,0.2055293005021273,0.8960738380505755,0.7786746504096891,1
0.10404889008481,0.182380482867862,0.1991243503906901,0.4,0.1385631884022385,0.1357999469364729,0.131631928803172,0.8370565069914945,0.6782602125302114,1
0.2063307941624561,0.2582859253861155,0.2483912778933447,0.6,0.1951870671007456,0.2312313491076884,0.2307259074678751,0.8338910570895481,0.7528890662417047,1
0.2157660196100922,0.3077016246476516,0.340498095108508,0.6,0.2377646532065191,0.2770194769317525,0.279440666104086,0.8713520193464135,0.7672967705055872,1
0.1138534160630672,0.1283276740280591,0.1901274162848421,0.0,0.3511623071331449,0.1289093103326922,0.1243243016284127,0.8794264863714131,0.7347859984279494,-1
0.1713110391197582,0.2628313102517232,0.2916214229076543,0.4,0.1649847616760994,0.2138140626658688,0.2127099537110788,0.886607752313026,0.7403448189911549,1
0.1990562368897499,0.2538940046403102,0.2748764827918008,0.2,0.2532529498655319,0.2297365854581158,0.2346943513578074,0.918468567209258,0.7954104050225257,-1
0.2198991167176538,0.2735097850643193,0.3198981088823097,0.2,0.2313854691148311,0.259150911892243,0.2590152347811081,0.9180430649332432,0.8049605381541936,-1
0.020237096922287,0.0333017139971237,0.0369374359433781,0.6,0.1645798460982572,0.0297839435489061,0.0204491622165799,0.8145519874358289,0.8038514683017043,1
0.1711589497181333,0.2517808828853141,0.2585671716816011,0.2,0.1471748840084089,0.2152725905496083,0.2212004064967037,0.9209087004842744,0.8971966690591302,-1
0.1826617119885758,0.2597073636329791,0.2645832719646506,0.7,0.1663296741811025,0.223819415530321,0.2216297904050927,0.905157174512042,0.7404328398515441,1
0.1238564410765334,0.1715579775147269,0.1658868473609388,0.7,0.1607493009846192,0.1528496296022133,0.1531924009948821,0.8322512943450572,0.8490048751821602,1
0.1483035250372821,0.2530871809281327,0.2838884981119217,0.3,0.1707325265487643,0.2093542436035268,0.2129068789195325,0.8546751875741063,0.7063571478242658,-1
0.1833805736763856,0.2199471012042806,0.2356934796335554,0.1,0.226022156386953,0.205767996884864,0.2163678038322644,0.9189600465042264,0.791706319048708,-1
0.084805744735026,0.1461528431881387,0.1701794223937461,0.3,0.164238497433229,0.1201143031570901,0.1144450743714948,0.8474262789443817,0.7122751912689994,1
0.1271621749601054,0.2137238868839725,0.2475349650873413,0.3,0.245318155039864,0.1508674545986108,0.1579891883931274,0.880399432998969,0.7910502034112417,1
0.0951153802136863,0.14748398860491,0.1466629374955247,0.7,0.1231973970334342,0.1260349036880681,0.1203616053501098,0.8331674451273996,0.8838167449285506,1
0.0871845472902788,0.1439305614445235,0.1509584700818896,0.3,0.2109765903903695,0.1172164081437857,0.1128428507636253,0.855312739019096,0.7503999151766535,1
0.1180634941263075,0.1435420158986132,0.2070801433938298,0.1,0.2991898822538139,0.1329800122744791,0.1384889326568351,0.8943293825707743,0.7938591583261093,-1
0.144448872727685,0.2144823635024252,0.2627788447006158,0.2,0.2411139935543666,0.1786821452647604,0.1867343610485438,0.8721110151602744,0.7169050230661254,-1
0.1534792069562384,0.206422380762506,0.216956710208921,0.7,0.1783110909901797,0.1751479700568801,0.1857678530721251,0.9188695760757613,0.7704253511986859,1
0.1109925462799557,0.1480522775271421,0.1571322024774706,0.6,0.1482406184755061,0.1353478377500147,0.1349205101316839,0.8800391233317252,0.8466471149033027,1
0.130227291343022,0.2040537943119223,0.2117605445731723,0.6,0.1597501036782413,0.1679098477048009,0.1716916612176141,0.8337867819233956,0.7004641638526358,1
0.1150087805752394,0.1654900803387193,0.2002319535107634,0.1,0.4645722375386499,0.1492130230307993,0.1454009511582824,0.895985560681671,0.7500413298514814,-1
0.1137414815923776,0.2428075275245731,0.2684593205568927,0.3,0.3703320758683591,0.1703179456950818,0.1684445585591845,0.7984958455413028,0.7044082897306532,-1
0.0483603205981129,0.0998532573054227,0.1567271402063232,0.5,0.2764843251059629,0.0735909400495739,0.0629276903481271,0.8390839369205056,0.7107861774002548,1
0.1382209053566352,0.2245422650461798,0.3149266132961996,0.1,0.452613631663076,0.1829282515841744,0.1791877169263799,0.8770440523080232,0.7381969585076802,-1
0.0702994248391302,0.0861513203389148,0.0965627283282637,0.1,0.2799429297572594,0.0877049117907768,0.0854383496449841,0.8755403818923112,0.719355159827741,-1
0.1168636184973637,0.2010743836040349,0.1970376991579464,0.5,0.1587213411404721,0.1554863441176804,0.1546105737104141,0.8657159654375427,0.7445366518269255,1
0.0321390938719947,0.0492594556049863,0.0473385814720338,0.2,0.2458327591996621,0.0447156477402083,0.0376849725176918,0.8385378128613098,0.7094065966314064,-1
0.1353924143876521,0.1809683939718754,0.1933552253302727,0.6,0.1552756402362453,0.159628533486795,0.1637100634060625,0.8930520406890008,0.7496830826128434,1
0.1020285040973568,0.1556255044227483,0.1854030321589699,0.6,0.1402776787236083,0.1235755384940061,0.1265619508924625,0.870673733348956,0.7349248498149419,1
0.1268572809621662,0.201477921802703,0.2314417762585185,0.6,0.153321310487652,0.1662517520876285,0.1677624924164776,0.8564644441883831,0.7024219381021437,1
0.0749301284046241,0.1278042788357143,0.14279035897543,0.1,0.3560684879633624,0.1013122976340922,0.1003883758221364,0.797771296042441,0.64629712057621,-1
0.1157377720205617,0.1545584149969652,0.1684893300461025,0.6,0.2518810785210863,0.1462269694518739,0.1466937263628108,0.8283329124193486,0.7204796371694028,1
0.0930174411148028,0.1613841149643351,0.1667742742100394,0.3,0.2674564208614365,0.1283835743549152,0.1315190372984418,0.797999235466683,0.6866718599297706,1
0.0745142752014811,0.1158355936020791,0.1202454201993578,0.7,0.1134770117445528,0.0904281404773613,0.0975419678689039,0.8362792198188145,0.7317120354937986,1
0.1123620530857289,0.1351374548304221,0.1686527858857851,0.7,0.2013407677457601,0.1282241244327804,0.133980306561376,0.8441750084461306,0.8115924715272073,1
0.0640946037689433,0.141131820625207,0.182504147383965,0.6,0.0634193619489786,0.1020656839407541,0.0980679966089362,0.7994741186347989,0.6898017750959249,1
0.1272366852432202,0.2231520755306262,0.2708528765211639,0.3,0.1998196783331061,0.172074406822353,0.1763355530815746,0.8585131822979262,0.7675572969038194,1
0.1051899767102701,0.14760965735724,0.1905834701067605,0.6,0.1965121215647015,0.1277473608429928,0.1347555075366047,0.8486985952107973,0.7418891515738457,1
0.0684280074037474,0.0924770406053258,0.0901973026750705,0.8,0.1301863768666352,0.0793560466280595,0.0802448572242574,0.8493919830150044,0.8639079314806515,1
0.0799434351219654,0.1184908092511742,0.1171473922895787,0.6,0.1525969689510759,0.0994429711077916,0.0970473686042095,0.8600627022879823,0.833315827066453,1
0.0617333169818154,0.0773362301159942,0.0750930842401315,0.8,0.1687233141149062,0.0660923576009621,0.0720279466409889,0.8564326404392976,0.8935738222298679,1
0.065163013610402,0.1006965519088595,0.1015973588532594,0.6,0.192343321000689,0.0809020021920812,0.0832225287507179,0.843730136445504,0.8415874597764479,1
0.0649985838494969,0.0906443151482562,0.096125225444607,0.2,0.2061190979669056,0.0780577661290096,0.0798995655607731,0.8641078946109232,0.833653332143195,1
0.0336485707802892,0.0494920101795058,0.0486188563358214,0.7,0.1665996676724504,0.042196468632555,0.040892098414188,0.8347276411382993,0.8008806120451503,1
0.0634161570828649,0.1032924707740133,0.098634678604541,0.2,0.1500916854910111,0.0803097946142029,0.0774814655044462,0.873323193463803,0.8565169590351476,-1
0.0912429780722478,0.1189466532777223,0.1130272274853568,0.3,0.1800635832854406,0.100512903316439,0.0986489247321069,0.9143652439627834,0.9258120421668022,1
0.1112404717699847,0.1933624325562253,0.2246849075900205,0.6,0.2164581693227264,0.1624290561493458,0.1616552445866207,0.8015804391713368,0.7033128909122061,1
0.1309900399776927,0.209408277056137,0.2451469063766539,0.7,0.0857335453778798,0.1730864903767053,0.1669868863641374,0.88348102735758,0.8419669741523141,1
0.1910511927646432,0.3162409511338909,0.3458209241652195,0.4,0.1114086433272282,0.2252544316775828,0.2363426703012913,0.9148323943904784,0.8449548539416533,1
0.0,0.0,0.0,0.9,0.1698240602172886,0.0,0.0,0.0,0.6162471282265262,-1
0.0128370424868687,0.0201666340702811,0.016685509776313,0.6,0.148888994744191,0.0050569307385308,0.0180621939461822,0.6857597212560359,0.9159762802035212,-1
0.1014105758855569,0.1608857356027156,0.182192476399491,0.6,0.1198413833324775,0.1415486513903458,0.1227139899298273,0.8570996785504603,0.788214647602875,1
0.1014850731651319,0.1542139208970794,0.1895699780019107,0.2,0.1791160970424018,0.1333798435812954,0.1301969776956013,0.8470758877785195,0.7509247826036153,1
0.1615970957998215,0.2725110890881957,0.3170424727786844,0.6,0.1883509456843092,0.2146426928842751,0.2180826382249055,0.8520286930288992,0.7424782021811477,1
0.108256718535663,0.1886005807378777,0.2506943285367359,0.4,0.2618785454028237,0.1410169563847612,0.1369255381225689,0.8617089176254051,0.7605712914804057,1
0.1585821210664145,0.2503114344582708,0.2871485134691498,0.7,0.1772196488154485,0.1993824943486001,0.2042404118362096,0.865551969964694,0.8491567868045586,1
0.1417252032931152,0.2586994025343647,0.2608797315213503,0.4,0.1025919347979782,0.1848140708309915,0.18760833842894,0.8464923162220565,0.8343111207139692,1
0.1330289430058361,0.1828733873843733,0.1868843167438106,0.3,0.1233346343391324,0.1552485400806131,0.1545869527516902,0.8377694951610524,0.8484374039277549,1
0.1730467256065979,0.2275983235855821,0.2470056536300761,0.7,0.1357707720844442,0.2096848046135333,0.1997316972579773,0.8994119945718613,0.8138644292910342,1
0.0740912830549819,0.1156646942063167,0.1471718298417913,0.6,0.1567097965407042,0.1029160124493874,0.0943119841585479,0.8600580648308532,0.8095086828344967,1
0.2042443631963049,0.2989868504327906,0.3016480205197044,0.2,0.2008671415341917,0.2439662283655449,0.2558061507034293,0.8964946568578447,0.8302771614738621,-1
0.118341938924272,0.163010986245336,0.1778310999365541,0.7,0.1658111293893255,0.1450603791469161,0.1415876818934891,0.8600787401578489,0.7769073457272951,1
0.1555456644852405,0.1829289781193182,0.196227845545393,0.2,0.1551499675072762,0.1784502238531468,0.1821357418959409,0.8308134473794098,0.900639676109921,-1
0.1266462855251994,0.1904204192518464,0.2004492263322442,0.4,0.0730136746372694,0.1700599998313215,0.1600940147643239,0.817519307270423,0.9029072637363856,1
0.1614644206831339,0.2071278777259885,0.2525791555320701,0.7,0.1185638939728303,0.18247023621599,0.1818421032759413,0.9004723322446228,0.8890155599812724,1
0.1013572873794131,0.1419858122337014,0.1420337427384373,0.7,0.1321481520801636,0.127467148160367,0.123736686771052,0.87005260919555,0.7998279146691578,1
0.1952287229677375,0.2356261310819422,0.2753226945578936,0.8,0.1191391083195897,0.2251004863833672,0.2282979873000899,0.8901613531174806,0.8365347202768337,1
0.1489302436419939,0.1879061176929979,0.2073911362785603,0.8,0.121915013829284,0.162528681830662,0.1648685044224067,0.8942652839984379,0.8091912935819732,1
0.2092004023243203,0.212528601854271,0.2446060813892162,0.1,0.1604266954827255,0.2255126767216924,0.2366595560768057,0.8593641838574593,0.8124139854288074,-1
0.1929785514282913,0.2553896480954867,0.2612898777374005,0.8,0.2136315269451389,0.2178155473416909,0.2210312066894145,0.9071188448043276,0.7708946975951422,1
0.198163608899451,0.2539833709581535,0.2782310568122619,0.2,0.169943494591618,0.2372162316187909,0.2398853744239628,0.8729176399735891,0.7673936993894385,-1
0.1926533979153271,0.249161464300388,0.3336280331057422,0.2,0.1668135368201616,0.2222193191467802,0.2310096992611705,0.8708377751539979,0.7760092953175785,-1
0.0712699050222752,0.1081743480428102,0.1150619999052288,0.2,0.0864188202716569,0.0871633198612115,0.0837956885474488,0.818442680347282,0.7512830650619701,-1
0.2412508250583465,0.3176818461379853,0.3064713308453167,0.6,0.1379479879478497,0.2615084653740819,0.2937173331482179,0.8932019066630849,0.8182721567146103,1
0.2415145888598648,0.3211627526577846,0.3188231167573739,0.7,0.1147410734840863,0.2833362975693271,0.28677327481312,0.9179392432997268,0.8604930742705095,1
0.2196043914878464,0.2991674360929753,0.3612467803378034,0.6,0.151828763535501,0.2574436372314444,0.2605006855307674,0.9244122049067496,0.8102993332315636,1
0.2134811546264313,0.2883045011144258,0.2945175578771887,0.3,0.0868698535769345,0.261534235476753,0.259696176248821,0.8687259685296707,0.9346668809592286,-1
0.2499240950872406,0.3129644669075935,0.3293912191220044,0.3,0.0940561733903302,0.290386263920677,0.297797178387338,0.9060251680871114,0.9417894871116348,-1
0.2212511207588419,0.2851102237931378,0.2835914415654087,0.7,0.0883842214744061,0.2499508412656824,0.2541660493656378,0.9188336167351784,0.8501644033172233,1
0.1866807680519984,0.2254643131907885,0.2196660857580424,0.2,0.1153108588865245,0.2103178987010227,0.2123938034355437,0.9105022240726804,0.8405728622128479,-1
0.3193213603413907,0.434135170725043,0.4051368531066283,0.7,0.118393444633434,0.3546093931019809,0.3753755702409522,0.9038310891021968,0.8931874098103529,1
0.2401908935248444,0.3348932430472415,0.3424275284236087,0.5,0.1829425863852598,0.276343740860309,0.2811624173462094,0.920168266113676,0.8345685516839283,1
0.3478647413920371,0.4446955573400742,0.4247836286389821,0.8,0.1230430406507148,0.387299287211552,0.4046552172515055,0.9236110408927592,0.8812362483732527,1
0.2863347997728593,0.3522322459617121,0.3500352051940781,0.8,0.0969728192483687,0.3136383248901137,0.3329968929867668,0.9065421172883906,0.9229454738788464,1
0.3259040382713942,0.4168989264418341,0.5010137673511333,0.6,0.1431829650475857,0.3457445392005837,0.3691293830458497,0.9442768401846288,0.8885083934390255,1
0.2990207151200493,0.383455792984146,0.4251604933425816,0.4,0.1139493263748392,0.3135809052978412,0.3231452963464178,0.9385998979885436,0.8649179521008749,1
0.252765329525238,0.3576539429581784,0.3512411202993676,0.6,0.1953811743632246,0.2937184661434362,0.3005724844410761,0.932218802993538,0.8248880565800716,1
0.2566613981091319,0.3391014616825698,0.3925346307829002,0.8,0.0636285096972691,0.2986020186156766,0.3011851977216978,0.916668009841864,0.8154728477114859,1
0.148473871408801,0.238357320735462,0.2790658705491889,0.5,0.0917446795708169,0.176343415960145,0.1725229085238437,0.8914141238524147,0.8207440703987992,1
0.2321772150493035,0.3525438067625623,0.4548082570196131,0.6,0.2796877672275462,0.2852074254602377,0.2901476312005925,0.8960691370722866,0.8665929379856103,1
0.2125366035016686,0.3477608136192583,0.3891748488133283,0.3,0.1187280814209274,0.2609017097912119,0.2640272502207053,0.925044185912713,0.8500218790262705,-1
0.3025962334440719,0.316088834668269,0.3587021006990204,0.1,0.1458102938727972,0.2975905456532107,0.310048673447406,0.9696175286300444,0.9006468082798701,-1
0.4082533883291177,0.4771785714225551,0.4675955428177774,0.8,0.089930027847477,0.4448182933788826,0.4536616069768492,0.9161200559496886,1.0,1
0.432656143222652,0.492274993552317,0.4740535674805083,0.8,0.1009730172861986,0.4594405296917965,0.4680272307256178,0.9201732646777826,0.9790425602878966,1
0.4309308465641209,0.511565147034967,0.5069390067046982,0.8,0.0826401262673869,0.4767117315236574,0.479602114176917,0.9109961195874317,0.969491560351896,1
0.449875391629234,0.4884523724693791,0.4946166820288725,0.8,0.1229444658124797,0.4871830731443901,0.4864673523367845,0.9189374628518964,0.915078099352507,1
0.4207852897507907,0.4387082667297368,0.4349934953965197,0.3,0.1319454914403998,0.4443072981390091,0.4467764206506469,0.8850166870692023,0.8527929643813842,-1
0.5004943750782895,0.488424071731589,0.5202437363026962,0.1,0.1428695579750634,0.5267510604026001,0.5364786994663241,0.90101645421215,0.8786521834882984,-1
0.3414957376282014,0.3321394801861986,0.4296384444887879,0.8,0.1287338790000813,0.3649793026005603,0.3696993470785804,0.9065504497900548,0.7999998783660609,1
0.4598986111400259,0.5190828674240145,0.4788978786918886,0.7,0.1651974996038945,0.4897004936747365,0.4994347140625739,0.9301454954809532,0.8401784934172996,1
0.4377903178425328,0.4891219039119199,0.5428440300433724,0.6,0.1896058631387968,0.4598683921351917,0.4821656324619266,0.9227635622117348,0.8069310549142723,-1
0.2154573675891478,0.2645533596092207,0.3208933590908513,0.1,0.4179595554540799,0.2457382395866567,0.2448042634571562,0.9056935439060088,0.8116874985822943,-1
0.3133399530886899,0.453443685995902,0.491342271407391,0.2,0.2663644633710921,0.3568756423950271,0.3541517952670572,0.9384567005964876,0.8603991528591407,-1
0.3889136396820806,0.3686187942841269,0.413067863494441,0.8,0.1526600520694668,0.3857402068954997,0.391127746768861,0.9413814852025512,0.8499000650811863,1
0.4620851433556391,0.5171656608955061,0.5247694532290839,0.8,0.1236865919471011,0.4961220012520407,0.5064138458057195,0.928537378732674,0.8293610667093274,1
0.597146370587855,0.622978160758635,0.6048019291401743,0.8,0.0953050307047497,0.6225099654488981,0.6309868013167776,0.9451914178748096,0.8931286376250833,1
0.618603602654111,0.6664624970583236,0.6347775117719558,0.9,0.0898386321277842,0.6557118722595962,0.6627139376857705,0.9369072164051,0.8831051313336021,1
0.6534155611306355,0.632081733204565,0.6183491955970045,0.8,0.1112709416576964,0.663112117582932,0.6695716899388527,0.940411025745989,0.8569759263473476,-1
0.6283719397810752,0.6534134985422594,0.6214730658207613,0.9,0.0991129272107916,0.6704774739585494,0.6715657350079961,0.9276293331478216,0.8549624971665695,1
0.6350302202915376,0.6572645888197599,0.6284560406636098,0.9,0.0996031389625413,0.6835310565903556,0.6852850576408117,0.925723949154494,0.8415977937426106,1
0.653009278532793,0.6625157233340089,0.6197044581113477,0.9,0.1061127433478773,0.6900680672574593,0.6873581050726001,0.9250221220507764,0.8389358731867139,1
0.6788111102816297,0.6847399726527276,0.6445896327622155,0.9,0.1034284926215961,0.7146724126728469,0.7162067644008197,0.93125640710493,0.8422604042565937,1
0.6912273062060681,0.6763641334642579,0.655617257612911,0.9,0.1104593998246359,0.7205439074151334,0.7236500784101737,0.9197714734956568,0.8225427200964652,1
0.3297972460765297,0.4209370037368765,0.4777160903682043,0.4,0.3259311384379261,0.3467821722633874,0.3447542715330013,0.9295607976290003,0.7911751314652781,-1
0.7384642119893237,0.7296804492944272,0.6771756442322969,0.8,0.1154631312112956,0.7313126229276646,0.7338859896547383,0.9274639937341224,0.8472948933474418,1
0.3953156984441148,0.7169642371325559,0.8971289046371618,0.6,0.089066703059744,0.4583445720736415,0.4760625711889004,0.9247831278938452,0.8068744472388907,-1
0.2539754129329332,0.3520547767518198,0.4442174910256094,0.5,0.1417808472000626,0.2529088629398096,0.2493231017881303,0.9553804748177684,0.8092687918746136,1
0.3264694972000583,0.3560466968911808,0.4563956840979158,0.6,0.2546154104743913,0.3310892946551235,0.3304141867321167,0.956936446414749,0.7980991612103843,-1
0.347064945672446,0.5142947363491476,0.6348200278376306,0.5,0.3076552648501618,0.3990416955498487,0.39154203273408,0.9511048471670936,0.8352422295822024,-1
0.4215611459535904,0.4897127660416751,0.6264260497404905,0.5,0.2694889477745164,0.4138889844722438,0.421595146397091,0.9484007467780956,0.8158711779787734,-1
0.651933677733819,0.7983190035579756,0.7978603077539398,0.9,0.0668823302881092,0.639917890136733,0.6421865714839807,0.9603589016468004,0.9054771768679276,-1
0.9012713651897608,0.8644748419075304,0.8201620955895841,0.9,0.1019911800699797,0.8894226008714936,0.8845027895193242,0.9340654754410364,0.9371190731774208,-1
0.8886625218230283,0.8457229920415967,0.7996948351729521,0.9,0.1055996638433725,0.8988466984983965,0.8942345214834059,0.8975882064243405,0.8680835482041643,-1
0.8693778041564696,0.8139733545184571,0.7630006115639563,0.9,0.1126134391325624,0.8830076202164432,0.8809689295738306,0.8824654531652077,0.8286929462702536,-1
0.7996700663858015,0.7481150108292436,0.7244799151925121,1.0,0.0515317214418478,0.8082392798720756,0.812114325658385,0.8999012661277779,0.816491625727021,-1
0.864063049379239,0.7228764802507176,0.7501537766707002,1.0,0.0677736190727022,0.8167574473605691,0.8243509623166231,0.9068465692429396,0.7897061403610477,-1
0.3139769835004715,0.3773561417065109,0.41494821164969,0.3,0.122779908885819,0.3545421547974822,0.3540514490759433,0.9126699098825426,0.7799049256973323,-1
0.5852937090681889,0.6801174345852873,0.8070217252735832,0.5,0.0,0.6527045605410252,0.6596941452355254,0.903404144365338,0.7972688400746737,-1
0.6177401416036072,0.6414818737985873,0.9591154728610514,0.9,0.0693566713849814,0.6050093351766067,0.6187025861525972,0.924611962315824,0.7641049604550805,-1
0.5348841866384026,0.5262321728514728,0.5434257608904984,0.8,0.1607436367078368,0.5030675404976931,0.5103798474424213,0.9574658736534176,0.7997679374403063,-1
0.6844769086195874,0.6310880909316182,0.640265270449843,1.0,0.0568753739695351,0.6316679706694717,0.6346704483451782,0.9328692919203986,0.7883348215585587,-1
1.0,1.0,0.9857194926826331,0.9,0.0532609995185778,1.0,1.0,0.9183851750793012,0.8218984935432735,-1
0.3965317244695034,0.4632714541070687,0.4780100565153596,0.7,0.081712218945189,0.4165188916590439,0.4090678623471006,0.9256176186429452,0.7920027103742096,1
0.713156215671874,0.8339100450941934,0.7751870540167932,0.6,0.138891804353375,0.7520190357306605,0.76374180073669,0.9207010709667706,0.8042564468276305,1
0.4929867813686374,0.6075378341276912,0.5924838875187496,0.7,0.1022021945349321,0.5080170124495452,0.5049023655430155,0.9475412120996975,0.8190799400045913,1
0.8083213214217961,0.8625729649453249,0.9651015005297924,1.0,0.0559416911726225,0.739056726289085,0.7448860470330065,0.9487822171989964,0.826260512873222,-1
