,PV(W),SOC(%),Battery(W),Meter(W),Load(W),MPP1(A),MPP2(A),MPP1(V),MPP2(V),IT1(Â°C)
2025-03-08 00:00:00,0.0,47.916666666666664,13047.26,106.0,12941.26,0.0,0.0,0.0,0.0,29.566666666666666
2025-03-08 01:00:00,0.0,42.5,14535.61,71.0,14464.61,0.0,0.0,0.0,0.0,29.116666666666664
2025-03-08 02:00:00,0.0,37.25,12428.07,70.0,12358.07,0.0,0.0,0.0,0.0,28.275000000000002
2025-03-08 03:00:00,0.0,32.083333333333336,11604.42,104.0,11500.42,0.0,0.0,0.0,0.0,27.941666666666666
2025-03-08 04:00:00,0.0,27.25,7816.0,79.0,7737.0,0.0,0.0,0.0,0.0,27.525000000000002
2025-03-08 05:00:00,0.0,23.25,10079.11,85.0,9994.11,0.0,0.0,0.0,0.0,27.116666666666664
2025-03-08 06:00:00,0.0,19.166666666666668,12173.61,72.0,12101.61,0.0,0.0,12.75,12.908333333333333,27.241666666666664
2025-03-08 07:00:00,497.53999999999996,15.0,10950.54,-597.0,12045.08,0.05000000000000001,0.03333333333333333,366.2166666666667,384.8333333333333,27.375
2025-03-08 08:00:00,9034.84,12.0,1191.01,-343.0,10568.85,0.7999999999999999,0.6666666666666666,507.19166666666666,512.7416666666667,29.458333333333332
2025-03-08 09:00:00,117135.59999999999,25.5,-90854.31,13259.0,13022.289999999999,6.875,6.841666666666666,505.2583333333334,496.325,41.975
2025-03-08 10:00:00,170723.39,53.75,-98536.78,52061.0,20125.61,10.299999999999999,10.008333333333333,488.5416666666667,483.4583333333333,47.0
2025-03-08 11:00:00,193533.49,83.91666666666667,-69644.89,106661.0,17227.6,11.483333333333334,11.483333333333334,486.3,479.7,47.875
2025-03-08 12:00:00,199276.48,100.0,-587.12,145734.0,52955.36,11.983333333333334,11.791666666666666,489.4083333333333,483.84999999999997,48.5
2025-03-08 13:00:00,199393.03,98.0,-372.8,136803.0,62217.23,12.125,11.758333333333333,482.09999999999997,477.3333333333333,48.833333333333336
2025-03-08 14:00:00,185627.73,98.0,-53.21,133874.0,51700.52,11.591666666666667,11.241666666666667,468.4083333333333,465.05833333333334,48.48333333333333
2025-03-08 15:00:00,147578.57,98.0,0.0,106586.0,40992.57,9.158333333333333,8.866666666666667,475.4666666666667,470.26666666666665,47.324999999999996
2025-03-08 16:00:00,96144.46,98.0,0.0,74651.0,21493.46,6.0,5.716666666666666,480.90000000000003,479.5916666666667,45.725
2025-03-08 17:00:00,37282.1,98.0,0.0,31784.0,5498.1,2.4250000000000003,2.308333333333333,492.0916666666667,482.45,40.96666666666667
2025-03-08 18:00:00,3841.61,97.25,2753.78,124.0,6471.39,0.3666666666666667,0.3,475.7083333333333,467.575,36.175000000000004
2025-03-08 19:00:00,0.0,94.91666666666667,9559.42,-288.0,9847.42,0.0,0.0,237.45833333333334,224.88333333333333,32.11666666666667
2025-03-08 20:00:00,0.0,88.75,14370.61,64.0,14306.61,0.0,0.0,0.0,0.0,30.675
2025-03-08 21:00:00,0.0,81.0,13864.66,70.0,13794.66,0.0,0.0,0.0,0.0,30.25
2025-03-08 22:00:00,0.0,73.66666666666667,12124.3,79.0,12045.3,0.0,0.0,0.0,0.0,29.825
2025-03-08 23:00:00,0.0,66.91666666666667,12406.369999999999,86.0,12320.369999999999,0.0,0.0,0.0,0.0,29.025000000000002
2025-03-09 00:00:00,0.0,59.5,12791.68,69.0,12722.68,0.0,0.0,0.0,0.0,28.71666666666667
2025-03-09 01:00:00,0.0,53.583333333333336,9249.12,92.0,9157.12,0.0,0.0,0.0,0.0,28.21666666666667
2025-03-09 02:00:00,0.0,49.916666666666664,7782.26,71.0,7711.26,0.0,0.0,0.0,0.0,27.616666666666664
2025-03-09 03:00:00,0.0,46.083333333333336,9977.79,57.0,9920.79,0.0,0.0,0.0,0.0,26.974999999999998
2025-03-09 04:00:00,0.0,40.583333333333336,12325.38,103.0,12222.38,0.0,0.0,0.0,0.0,27.45
2025-03-09 05:00:00,0.0,35.5,10867.66,60.0,10807.66,0.0,0.0,0.0,0.0,27.375
2025-03-09 06:00:00,0.0,30.666666666666668,10189.51,79.0,10110.51,0.0,0.0,13.633333333333333,13.833333333333334,27.258333333333336
2025-03-09 07:00:00,943.44,26.083333333333332,9422.539999999999,-804.0,11169.980000000001,0.08333333333333333,0.075,388.1333333333334,397.89166666666665,27.525000000000002
2025-03-09 08:00:00,13318.16,24.083333333333332,-2612.95,-74.0,10779.21,0.9583333333333334,0.9583333333333334,515.975,511.9583333333333,29.983333333333334
2025-03-09 09:00:00,94815.89,36.083333333333336,-78251.74,2670.0,13894.15,5.558333333333334,5.491666666666667,513.0333333333333,505.26666666666665,41.50833333333333
2025-03-09 10:00:00,158167.73,64.0,-88845.54000000001,51036.0,18286.19,9.450000000000001,9.275,492.84999999999997,485.0333333333333,46.775
2025-03-09 11:00:00,169709.86,96.75,-12554.230000000001,139759.0,17396.63,9.6,9.9,505.69166666666666,498.325,47.31666666666667
2025-03-09 12:00:00,166296.22,99.0,-373.25,142366.0,23556.97,10.058333333333334,9.049999999999999,498.9583333333333,500.80833333333334,47.53333333333333
2025-03-09 13:00:00,159248.38999999998,98.0,-452.90999999999997,144211.0,14584.48,8.891666666666667,9.049999999999999,505.85833333333335,499.2916666666667,47.36666666666667
2025-03-09 14:00:00,167078.8,98.0,-213.37,135189.0,31676.43,9.383333333333333,10.058333333333334,494.8416666666667,484.2416666666666,47.6
2025-03-09 15:00:00,146147.59,98.0,-159.75,130226.0,15761.84,9.016666666666667,8.725,475.6333333333334,471.8333333333333,47.01666666666667
2025-03-09 16:00:00,95541.09,97.83333333333333,0.0,81122.0,14419.09,6.0,5.766666666666667,477.2416666666666,471.56666666666666,45.26666666666667
2025-03-09 17:00:00,33181.15,96.58333333333333,7866.57,18642.0,22405.72,2.1750000000000003,2.0500000000000003,492.6166666666666,487.55,40.775
2025-03-09 18:00:00,3850.5099999999998,93.25,8099.3,-1655.0,13604.81,0.39166666666666666,0.2833333333333333,467.9666666666667,461.26666666666665,37.675000000000004
2025-03-09 19:00:00,45.3,87.33333333333333,17529.190000000002,-441.0,18015.49,0.008333333333333333,0.0,246.35,224.78333333333333,34.025
2025-03-09 20:00:00,0.0,76.25,47604.22,-160.0,47764.22,0.0,0.0,0.0,0.0,35.266666666666666
2025-03-09 21:00:00,0.0,64.16666666666667,24804.55,-1091.0,25895.55,0.0,0.0,0.0,0.0,35.050000000000004
2025-03-09 22:00:00,0.0,56.0,17011.74,76.0,16935.74,0.0,0.0,0.0,0.0,32.766666666666666
2025-03-09 23:00:00,0.0,49.5,15056.41,60.0,14996.41,0.0,0.0,0.0,0.0,31.275000000000002
2025-03-10 00:00:00,0.0,44.333333333333336,15264.11,59.0,15205.11,0.0,0.0,0.0,0.0,30.34166666666667
2025-03-10 01:00:00,0.0,39.083333333333336,14858.05,69.0,14789.05,0.0,0.0,0.0,0.0,29.858333333333334
2025-03-10 02:00:00,0.0,34.0,12542.83,55.0,12487.83,0.0,0.0,0.0,0.0,28.991666666666664
2025-03-10 03:00:00,0.0,29.0,12737.49,70.0,12667.49,0.0,0.0,0.0,0.0,28.53333333333333
2025-03-10 04:00:00,0.0,24.5,11891.84,61.0,11830.84,0.0,0.0,0.0,0.0,28.125
2025-03-10 05:00:00,0.0,20.5,10754.93,38.0,10716.93,0.0,0.0,0.0,0.0,27.883333333333336
2025-03-10 06:00:00,0.0,16.666666666666668,11163.960000000001,62.0,11101.960000000001,0.0,0.0,24.208333333333332,24.59166666666667,27.675
2025-03-10 07:00:00,607.0,12.833333333333334,9664.880000000001,-803.0,11074.880000000001,0.05833333333333334,0.041666666666666664,393.1333333333334,389.5416666666667,27.983333333333334
2025-03-10 08:00:00,9526.0,10.583333333333334,-1602.3,-36.0,7959.7,0.7416666666666667,0.6916666666666668,488.7,493.2083333333333,30.349999999999998
2025-03-10 09:00:00,8958.0,11.0,-1228.03,62.0,7667.969999999999,0.725,0.7166666666666667,482.18333333333334,477.7416666666666,31.675
2025-03-10 10:00:00,19813.0,12.5,-9770.86,13.0,10029.14,1.3583333333333334,1.3083333333333333,484.7583333333334,486.3,33.61666666666667
2025-03-10 11:00:00,30379.0,17.083333333333332,-23290.28,165.0,6923.72,1.9916666666666665,1.8833333333333335,495.125,489.77500000000003,38.11666666666667
2025-03-10 12:00:00,34637.43,24.0,-14154.32,78.0,20405.11,2.283333333333333,2.1166666666666667,486.7166666666667,486.1333333333334,41.625
2025-03-10 13:00:00,17031.65,24.583333333333332,-847.31,-892.0,17076.34,1.2083333333333333,1.1583333333333334,485.15000000000003,477.0833333333333,40.46666666666667
2025-03-10 14:00:00,53102.19,29.5,-38585.81,200.0,14316.380000000001,2.8083333333333336,2.9333333333333336,495.125,488.68333333333334,40.65
2025-03-10 15:00:00,32703.7,44.416666666666664,-18352.78,-58.0,14408.92,1.6666666666666667,1.8,489.4083333333333,491.575,40.300000000000004
2025-03-10 16:00:00,30427.829999999998,49.166666666666664,-14146.2,31.0,16250.630000000001,1.5,1.6833333333333333,492.4666666666667,491.35833333333335,40.13333333333333
2025-03-10 17:00:00,15734.4,52.166666666666664,-157.1400000000001,-364.0,15941.26,0.7000000000000001,0.8583333333333334,474.89166666666665,476.5083333333334,38.59166666666666
2025-03-10 18:00:00,5930.46,48.5,18203.010000000002,-848.0,24981.47,0.125,0.2833333333333333,458.2916666666667,479.3833333333334,36.30833333333333
2025-03-10 19:00:00,980.96,40.916666666666664,32490.93,-90.0,33561.89,0.0,0.0,169.76666666666668,273.27500000000003,35.291666666666664
2025-03-10 20:00:00,0.0,33.166666666666664,18032.85,27.0,18005.85,0.0,0.0,0.0,0.0,33.391666666666666
2025-03-10 21:00:00,0.0,27.916666666666668,14735.28,89.0,14646.28,0.0,0.0,0.0,0.0,31.183333333333334
2025-03-10 22:00:00,0.0,22.583333333333332,15050.51,-9.0,15059.51,0.0,0.0,0.0,0.0,30.25
2025-03-10 23:00:00,0.0,18.166666666666668,12467.25,106.0,12361.25,0.0,0.0,0.0,0.0,29.441666666666666
2025-03-11 00:00:00,0.0,13.083333333333334,19683.09,80.0,19603.09,0.0,0.0,0.0,0.0,29.816666666666666
2025-03-11 01:00:00,0.0,8.083333333333334,11223.85,-2668.0,13891.85,0.0,0.0,0.0,0.0,29.28333333333333
2025-03-11 02:00:00,0.0,5.0,25.73,-9659.0,9684.73,0.0,0.0,0.0,0.0,26.866666666666664
2025-03-11 03:00:00,0.0,5.0,205.66,-6226.0,6431.66,0.0,0.0,0.0,0.0,24.59166666666667
2025-03-11 04:00:00,0.0,5.0,257.27,-6732.0,6989.27,0.0,0.0,0.0,0.0,23.683333333333334
2025-03-11 05:00:00,0.0,5.0,205.92000000000002,-6277.0,6482.92,0.0,0.0,0.0,0.0,23.166666666666668
2025-03-11 06:00:00,32.84,5.0,283.17,-7033.0,7349.01,0.0,0.0,13.666666666666666,13.85,22.883333333333336
2025-03-11 07:00:00,2340.38,5.0,257.64,-8903.0,11501.02,0.025000000000000005,0.08333333333333333,274.5,389.56666666666666,23.125
2025-03-11 08:00:00,21410.46,5.583333333333333,-10409.33,83.0,10918.13,1.2,1.1166666666666667,497.2916666666667,516.7833333333334,27.358333333333334
2025-03-11 09:00:00,109438.78,21.916666666666668,-83079.5,10330.0,16029.28,5.958333333333333,6.091666666666666,513.025,509.01666666666665,42.53333333333333
2025-03-11 10:00:00,165762.63,48.75,-97264.97,39951.0,28546.66,9.483333333333333,9.383333333333333,489.9916666666666,491.56666666666666,46.824999999999996
2025-03-11 11:00:00,202860.44,78.5,-97710.25,79990.0,25160.19,11.991666666666667,11.916666666666666,475.48333333333335,471.7833333333333,48.125
2025-03-11 12:00:00,175754.29,100.0,-4194.78,141698.0,29861.510000000002,9.424999999999999,9.275,513.375,509.0333333333333,47.6
2025-03-11 13:00:00,163797.63,98.16666666666667,-26.65,143953.0,19817.98,9.549999999999999,8.808333333333334,512.5666666666667,510.7166666666667,47.39166666666667
2025-03-11 14:00:00,153384.0,98.0,0.0,110059.0,43325.0,9.0,8.991666666666667,476.85833333333335,471.60833333333335,46.80833333333334
2025-03-11 15:00:00,127481.0,98.0,0.0,100674.0,26807.0,7.3500000000000005,7.366666666666667,482.90000000000003,475.80833333333334,45.53333333333333
2025-03-11 16:00:00,100524.0,98.0,26.64,81513.0,19037.64,5.683333333333334,5.7,490.5416666666667,485.0833333333333,44.449999999999996
2025-03-11 17:00:00,39259.0,98.0,1352.54,23886.0,16725.54,2.0500000000000003,2.1750000000000003,491.6666666666667,483.8833333333334,41.275
2025-03-11 18:00:00,6013.0,96.66666666666667,5028.0,-623.0,11664.0,0.14166666666666666,0.2833333333333333,452.875,471.30833333333334,36.958333333333336
2025-03-11 19:00:00,934.0,93.16666666666667,12906.6,-382.0,14222.6,0.0,0.0,161.95833333333334,235.1833333333333,32.86666666666667
2025-03-11 20:00:00,0.0,85.83333333333333,14559.66,55.0,14504.66,0.0,0.0,0.0,0.0,31.183333333333334
2025-03-11 21:00:00,0.0,78.25,16068.24,46.0,16022.24,0.0,0.0,0.0,0.0,30.59166666666667
2025-03-11 22:00:00,0.0,70.75,13825.49,39.0,13786.49,0.0,0.0,0.0,0.0,30.175
2025-03-11 23:00:00,0.0,66.25,8169.0,95.0,8074.0,0.0,0.0,0.0,0.0,29.03333333333333
2025-03-12 00:00:00,0.0,63.583333333333336,7752.82,65.0,7687.82,0.0,0.0,0.0,0.0,28.116666666666664
2025-03-12 01:00:00,0.0,61.25,6661.53,75.0,6586.53,0.0,0.0,0.0,0.0,27.575
2025-03-12 02:00:00,0.0,58.833333333333336,6855.79,47.0,6808.79,0.0,0.0,0.0,0.0,27.258333333333336
2025-03-12 03:00:00,0.0,56.5,6535.6900000000005,59.0,6476.6900000000005,0.0,0.0,0.0,0.0,27.041666666666668
2025-03-12 04:00:00,0.0,54.083333333333336,7861.0,135.0,7726.0,0.0,0.0,0.0,0.0,26.90833333333333
2025-03-12 05:00:00,0.0,50.916666666666664,6841.93,60.0,6781.93,0.0,0.0,0.0,0.0,26.84166666666667
2025-03-12 06:00:00,106.0,47.166666666666664,6941.6900000000005,67.0,6980.6900000000005,0.0,0.0,28.791666666666668,29.71666666666667,26.666666666666668
2025-03-12 07:00:00,1915.0,43.75,6104.84,-1260.0,9279.84,0.0,0.03333333333333333,228.625,401.5083333333334,26.866666666666664
2025-03-12 08:00:00,9949.0,40.0,12475.27,-540.0,22964.27,0.30833333333333335,0.5333333333333333,482.31666666666666,483.5833333333333,30.28333333333333
2025-03-12 09:00:00,20640.0,38.166666666666664,-5392.29,-130.0,15377.71,0.9416666666666668,1.1583333333333334,488.425,484.27500000000003,33.59166666666667
2025-03-12 10:00:00,16657.0,40.416666666666664,-1528.6399999999999,88.0,15040.36,0.7166666666666667,0.9249999999999999,484.15000000000003,481.175,34.916666666666664
2025-03-12 11:00:00,14295.0,40.666666666666664,-2534.92,-432.0,12192.08,0.5833333333333334,0.7833333333333333,483.6583333333333,479.0083333333334,34.25
2025-03-12 12:00:00,24310.0,43.166666666666664,-12475.43,-21.0,11855.57,1.1500000000000001,1.3333333333333333,490.0333333333333,490.575,35.233333333333334
2025-03-12 13:00:00,98791.0,54.333333333333336,-65713.45,15599.0,17478.55,5.391666666666667,5.466666666666666,502.0416666666667,500.0083333333334,43.50833333333333
2025-03-12 14:00:00,103980.0,79.58333333333333,-69103.97,11909.0,22967.03,5.858333333333333,5.95,490.1583333333333,485.4583333333333,45.60833333333333
2025-03-12 15:00:00,24162.0,98.0,-1074.31,4301.0,18786.69,1.1916666666666667,1.3499999999999999,478.8333333333333,478.95,39.65833333333333
2025-03-12 16:00:00,20315.0,98.0,26.72,10126.0,10215.72,0.975,1.1333333333333333,474.39166666666665,476.55,37.18333333333333
2025-03-12 17:00:00,12975.0,98.0,1271.94,4712.0,9534.94,0.5333333333333333,0.7083333333333334,477.2,468.44166666666666,34.824999999999996
2025-03-12 18:00:00,2081.0,96.25,7278.13,-345.0,9704.13,0.0,0.03333333333333333,222.25,453.5083333333334,32.416666666666664
2025-03-12 19:00:00,965.0,90.91666666666667,28320.31,-763.0,30048.31,0.0,0.0,152.15833333333333,249.86666666666667,31.625
2025-03-12 20:00:00,0.0,79.83333333333333,22400.19,39.0,22361.19,0.0,0.0,0.0,0.0,33.53333333333333
2025-03-12 21:00:00,0.0,72.08333333333333,17889.510000000002,58.0,17831.510000000002,0.0,0.0,0.0,0.0,31.425
2025-03-12 22:00:00,0.0,64.5,19034.55,444.0,18590.55,0.0,0.0,0.0,0.0,30.758333333333336
2025-03-12 23:00:00,0.0,57.666666666666664,11148.58,-19.0,11167.58,0.0,0.0,0.0,0.0,29.825
2025-03-13 00:00:00,0.0,52.75,9632.05,-70.0,9702.05,0.0,0.0,0.0,0.0,28.858333333333334
2025-03-13 01:00:00,0.0,48.666666666666664,6507.04,61.0,6446.04,0.0,0.0,0.0,0.0,27.791666666666668
2025-03-13 02:00:00,0.0,44.833333333333336,7285.38,49.0,7236.38,0.0,0.0,0.0,0.0,27.175
2025-03-13 03:00:00,0.0,41.083333333333336,6189.56,69.0,6120.56,0.0,0.0,0.0,0.0,26.90833333333333
2025-03-13 04:00:00,0.0,37.166666666666664,6603.85,74.0,6529.85,0.0,0.0,0.0,0.0,26.683333333333334
2025-03-13 05:00:00,0.0,33.666666666666664,5352.5599999999995,72.0,5280.5599999999995,0.0,0.0,0.0,0.0,26.566666666666666
2025-03-13 06:00:00,35.0,30.083333333333332,6493.83,60.0,6468.83,0.0,0.0,14.291666666666666,24.099999999999998,26.458333333333332
2025-03-13 07:00:00,1556.0,26.5,7062.04,-339.0,8957.04,0.0,0.008333333333333333,206.75833333333333,385.625,26.46666666666667
2025-03-13 08:00:00,8729.0,25.0,599.3499999999999,-111.0,9439.35,0.27499999999999997,0.4666666666666666,483.98333333333335,482.7083333333333,28.099999999999998
2025-03-13 09:00:00,18585.0,25.0,-5367.0599999999995,49.0,13168.94,0.8166666666666668,1.0250000000000001,488.51666666666665,490.1583333333333,31.400000000000002
2025-03-13 10:00:00,27045.0,27.333333333333332,-10996.060000000001,76.0,15972.94,1.2916666666666667,1.5083333333333335,492.65000000000003,490.875,34.93333333333333
2025-03-13 11:00:00,20826.0,31.333333333333332,-10620.58,68.0,10137.42,0.975,1.1416666666666668,486.9666666666667,486.95,36.61666666666667
2025-03-13 12:00:00,25306.0,37.333333333333336,-16941.0,-976.0,9341.0,1.2333333333333334,1.3833333333333335,491.925,491.4666666666667,37.733333333333334
2025-03-13 13:00:00,15873.0,38.5,8159.29,-173.0,24205.29,0.6749999999999999,0.875,487.9916666666666,475.35833333333335,37.733333333333334
2025-03-13 14:00:00,12749.0,35.5,3731.23,-872.0,17352.23,0.5583333333333333,0.7583333333333333,480.64166666666665,475.5416666666667,35.791666666666664
2025-03-13 15:00:00,30948.0,38.166666666666664,-13301.09,30.0,17616.91,1.5333333333333332,1.6916666666666667,493.97499999999997,494.68333333333334,37.074999999999996
2025-03-13 16:00:00,18931.0,41.083333333333336,-3863.23,-210.0,15277.77,0.8666666666666667,1.0250000000000001,481.7833333333333,484.35833333333335,37.40833333333333
2025-03-13 17:00:00,11176.0,40.666666666666664,4809.23,-1340.0,17325.23,0.4083333333333334,0.6083333333333333,478.45000000000005,474.2416666666666,34.958333333333336
2025-03-13 18:00:00,10537.0,38.0,8278.11,-817.0,19632.11,0.375,0.55,464.34999999999997,480.7583333333334,34.21666666666666
2025-03-13 19:00:00,1226.0,32.5,19714.239999999998,-911.0,21851.239999999998,0.0,0.0,169.65,288.6333333333333,32.574999999999996
2025-03-13 20:00:00,0.0,23.416666666666668,33674.85,64.0,33610.85,0.0,0.0,0.0,0.0,32.541666666666664
2025-03-13 21:00:00,0.0,13.916666666666666,22286.53,41.0,22245.53,0.0,0.0,0.0,0.0,32.00833333333333
2025-03-13 22:00:00,0.0,7.0,23024.99,72.0,22952.99,0.0,0.0,0.0,0.0,31.0
2025-03-13 23:00:00,0.0,5.0,17748.28,-7136.0,24884.28,0.0,0.0,0.0,0.0,30.40833333333333
2025-03-14 00:00:00,0.0,5.0,308.12,-20684.0,20992.12,0.0,0.0,0.0,0.0,26.125
2025-03-14 01:00:00,0.0,5.0,385.73,-15942.0,16327.73,0.0,0.0,0.0,0.0,23.891666666666666
2025-03-14 02:00:00,0.0,5.0,514.91,-13277.0,13791.91,0.0,0.0,0.0,0.0,22.8
2025-03-14 03:00:00,0.0,5.0,463.40999999999997,-12624.0,13087.41,0.0,0.0,0.0,0.0,22.175
2025-03-14 04:00:00,0.0,5.0,386.39,-12883.0,13269.39,0.0,0.0,0.0,0.0,21.78333333333333
2025-03-14 05:00:00,0.0,5.0,437.75,-11725.0,12162.75,0.0,0.0,0.0,0.0,21.55
2025-03-14 06:00:00,54.0,4.666666666666667,386.39,-11188.0,11628.39,0.0,0.0,14.65,15.299999999999999,21.391666666666666
2025-03-14 07:00:00,1538.0,4.0,360.65,-13287.0,15185.65,0.0,0.0,232.08333333333334,369.84999999999997,21.525000000000002
2025-03-14 08:00:00,5814.0,4.0,360.35,-8915.0,15089.35,0.15,0.26666666666666666,477.4166666666667,483.35833333333335,23.34166666666667
2025-03-14 09:00:00,18629.0,4.5,-2317.58,-2212.0,18523.42,0.8416666666666667,1.0416666666666667,493.64166666666665,485.8333333333333,26.516666666666666
2025-03-14 10:00:00,48408.0,7.75,-22131.989999999998,430.0,25846.010000000002,2.4583333333333335,2.65,506.4083333333333,501.6666666666667,33.68333333333333
2025-03-14 11:00:00,55367.0,17.583333333333332,-40980.979999999996,127.0,14259.02,2.8833333333333333,3.0416666666666665,503.3,501.2916666666667,42.141666666666666
2025-03-14 12:00:00,52629.0,29.833333333333332,-37926.31,71.0,14631.69,2.8166666666666664,2.875,494.22499999999997,496.45,42.13333333333333
2025-03-14 13:00:00,53736.0,41.75,-38324.409999999996,58.0,15353.59,2.85,2.9416666666666664,493.52500000000003,498.27500000000003,42.86666666666667
2025-03-14 14:00:00,40439.0,50.333333333333336,-11363.75,82.0,28993.25,2.1083333333333334,2.191666666666667,491.45,491.7833333333333,41.608333333333334
2025-03-14 15:00:00,22654.0,51.416666666666664,1966.88,-456.0,25076.88,1.0916666666666666,1.2666666666666666,482.3333333333333,481.3333333333333,40.708333333333336
2025-03-14 16:00:00,16185.0,47.166666666666664,8077.58,-276.0,24538.58,0.7166666666666667,0.9,473.95,475.55,39.275
2025-03-14 17:00:00,12976.0,44.666666666666664,4039.0299999999997,64.0,16951.03,0.525,0.7083333333333334,485.9083333333333,475.3,35.775
2025-03-14 18:00:00,4629.0,40.416666666666664,20889.2,-3455.0,28973.2,0.125,0.17500000000000002,328.96666666666664,468.325,34.708333333333336
2025-03-14 19:00:00,901.0,33.083333333333336,25497.96,2383.0,24015.96,0.0,0.0,157.45833333333334,227.25,32.300000000000004
2025-03-14 20:00:00,0.0,23.083333333333332,31470.83,-1344.0,32814.83,0.0,0.0,0.0,0.0,33.041666666666664
2025-03-14 21:00:00,0.0,15.166666666666666,18129.96,68.0,18061.96,0.0,0.0,0.0,0.0,31.400000000000002
2025-03-14 22:00:00,0.0,9.25,15247.33,13.0,15234.33,0.0,0.0,0.0,0.0,30.099999999999998
2025-03-14 23:00:00,0.0,5.25,13177.82,90.0,13087.82,0.0,0.0,0.0,0.0,28.441666666666666
2025-03-15 00:00:00,0.0,5.0,1484.15,-11168.0,12652.15,0.0,0.0,0.0,0.0,26.108333333333334
2025-03-15 01:00:00,0.0,5.0,614.92,-10642.0,11256.92,0.0,0.0,0.0,0.0,24.083333333333332
2025-03-15 02:00:00,0.0,5.0,564.28,-8270.0,8834.28,0.0,0.0,0.0,0.0,23.09166666666667
2025-03-15 03:00:00,0.0,5.0,487.32,-7519.0,8006.32,0.0,0.0,0.0,0.0,22.583333333333332
2025-03-15 04:00:00,0.0,5.0,564.78,-7589.0,8153.78,0.0,0.0,0.0,0.0,22.28333333333333
2025-03-15 05:00:00,0.0,4.583333333333333,538.97,-6283.0,6821.969999999999,0.0,0.0,0.0,0.0,22.11666666666667
2025-03-15 06:00:00,113.0,4.0,436.28999999999996,-6851.0,7400.29,0.0,0.0,28.900000000000002,30.600000000000005,21.974999999999998
2025-03-15 07:00:00,1565.0,4.0,359.26,-7349.0,9273.26,0.0,0.016666666666666666,254.6916666666667,390.90000000000003,22.191666666666666
2025-03-15 08:00:00,9724.0,4.0,-982.72,-1095.0,9836.28,0.3666666666666667,0.525,480.6333333333334,482.8416666666667,24.541666666666668
2025-03-15 09:00:00,25681.0,5.916666666666667,-14074.1,169.0,11437.9,1.2,1.4416666666666667,498.5833333333333,497.56666666666666,29.95
2025-03-15 10:00:00,37696.0,11.916666666666666,-24009.75,-846.0,14532.25,1.9083333333333332,2.091666666666667,494.17499999999995,496.7833333333333,36.574999999999996
2025-03-15 11:00:00,27939.0,17.25,-15348.7,181.0,12409.3,1.3499999999999999,1.5250000000000001,494.3,496.27500000000003,37.725
2025-03-15 12:00:00,28290.0,22.833333333333332,-18498.28,72.0,9719.72,1.4000000000000001,1.5416666666666667,494.09999999999997,498.69166666666666,38.300000000000004
2025-03-15 13:00:00,30340.0,28.833333333333332,-15359.67,22.0,14958.33,1.4666666666666668,1.675,506.01666666666665,498.7583333333334,39.03333333333333
2025-03-15 14:00:00,19449.0,31.5,2421.41,-231.0,22101.41,0.9166666666666666,1.075,487.2416666666666,487.26666666666665,38.56666666666667
2025-03-15 15:00:00,15295.0,26.0,20859.57,246.0,35908.57,0.65,0.8083333333333335,480.925,483.2166666666667,39.03333333333333
2025-03-15 16:00:00,7585.0,20.75,26378.010000000002,-6951.0,40914.01,0.225,0.3416666666666666,513.0,511.93333333333334,36.38333333333333
2025-03-15 17:00:00,5564.0,20.0,-210.96,-14314.0,19667.04,0.10833333333333334,0.2916666666666667,484.06666666666666,486.375,31.675
2025-03-15 18:00:00,3778.0,19.916666666666668,5621.86,-31694.0,41093.86,0.025000000000000005,0.15833333333333333,383.2416666666666,464.4166666666667,29.008333333333336
2025-03-15 19:00:00,914.0,11.75,28490.08,-11547.0,40951.08,0.0,0.0,157.83333333333334,247.875,31.233333333333334
2025-03-15 20:00:00,0.0,10.0,463.32,-20717.0,21180.32,0.0,0.0,0.0,0.0,26.733333333333334
2025-03-15 21:00:00,0.0,9.166666666666666,669.65,-14408.0,15077.65,0.0,0.0,0.0,0.0,24.2
2025-03-15 22:00:00,0.0,8.25,592.53,-16216.0,16808.53,0.0,0.0,0.0,0.0,23.05
2025-03-15 23:00:00,0.0,7.416666666666667,618.4000000000001,-13578.0,14196.4,0.0,0.0,0.0,0.0,22.416666666666668
2025-03-16 00:00:00,0.0,7.0,464.07,-9641.0,10105.07,0.0,0.0,0.0,0.0,22.03333333333333
2025-03-16 01:00:00,0.0,7.0,541.31,-12021.0,12562.31,0.0,0.0,0.0,0.0,21.78333333333333
2025-03-16 02:00:00,0.0,7.0,566.9399999999999,-9437.0,10003.939999999999,0.0,0.0,0.0,0.0,21.633333333333336
2025-03-16 03:00:00,0.0,7.0,515.54,-7164.0,7679.54,0.0,0.0,0.0,0.0,21.525000000000002
2025-03-16 04:00:00,0.0,7.0,541.31,-6429.0,6970.3099999999995,0.0,0.0,0.0,0.0,21.491666666666664
2025-03-16 05:00:00,0.0,7.0,489.84,-6205.0,6694.84,0.0,0.0,0.0,0.0,21.399999999999995
2025-03-16 06:00:00,156.0,7.0,412.57,-6181.0,6749.57,0.0,0.0,42.61666666666667,43.78333333333333,21.399999999999995
2025-03-16 07:00:00,1977.0,7.0,386.65000000000003,-7040.0,9403.65,0.008333333333333333,0.041666666666666664,284.03333333333336,388.23333333333335,21.833333333333332
2025-03-16 08:00:00,8296.0,7.0,-747.06,-1521.0,9069.94,0.26666666666666666,0.45,483.35833333333335,482.2166666666667,24.233333333333334
2025-03-16 09:00:00,20583.0,8.166666666666666,-10291.68,-1.0,10292.32,0.9583333333333334,1.1333333333333333,492.0333333333333,488.0083333333334,27.900000000000002
2025-03-16 10:00:00,40201.0,17.166666666666668,-28732.57,65.0,11403.43,2.0500000000000003,2.2083333333333335,498.925,499.0916666666667,35.86666666666667
2025-03-16 11:00:00,36121.0,26.083333333333332,-21287.1,104.0,14729.9,1.8416666666666668,1.9666666666666668,497.77500000000003,498.5916666666667,38.266666666666666
2025-03-16 12:00:00,28850.0,35.25,-19240.8,74.0,9535.2,1.4000000000000001,1.5833333333333333,492.4666666666667,496.43333333333334,39.65833333333333
2025-03-16 13:00:00,29137.0,41.416666666666664,-7364.59,-391.0,22163.41,1.45,1.5916666666666668,486.125,492.45,40.21666666666667
2025-03-16 14:00:00,27448.0,44.166666666666664,-14747.29,342.0,12358.71,1.3416666666666668,1.5333333333333332,491.325,488.5333333333333,38.94166666666667
2025-03-16 15:00:00,18832.0,47.416666666666664,-1015.9100000000001,-233.0,18049.09,0.8916666666666666,1.05,472.0916666666667,473.0916666666667,37.983333333333334
2025-03-16 16:00:00,16554.0,46.25,9228.42,-352.0,26134.420000000002,0.7333333333333334,0.9,483.98333333333335,481.8666666666666,35.525
2025-03-16 17:00:00,15367.0,41.5,13727.89,-75.0,29169.89,0.6749999999999999,0.8500000000000001,480.8333333333333,476.4916666666666,36.96666666666667
2025-03-16 18:00:00,6138.0,34.833333333333336,25185.24,-1239.0,32562.24,0.14166666666666666,0.2916666666666667,451.825,477.64166666666665,36.80833333333333
2025-03-16 19:00:00,1028.0,27.5,18635.28,-1057.0,20720.28,0.0,0.0,182.4,296.9583333333333,33.375
2025-03-16 20:00:00,0.0,21.333333333333332,18262.46,79.0,18183.46,0.0,0.0,0.0,0.0,30.59166666666667
2025-03-16 21:00:00,0.0,15.0,18106.3,82.0,18024.3,0.0,0.0,0.0,0.0,29.491666666666664
2025-03-16 22:00:00,0.0,10.0,1969.23,-13636.0,15605.23,0.0,0.0,0.0,0.0,26.95
2025-03-16 23:00:00,0.0,10.0,590.53,-18872.0,19462.53,0.0,0.0,0.0,0.0,24.2
2025-03-17 00:00:00,0.0,10.0,616.76,-16953.0,17569.760000000002,0.0,0.0,0.0,0.0,22.916666666666668
2025-03-17 01:00:00,0.0,10.0,591.1700000000001,-12937.0,13528.17,0.0,0.0,0.0,0.0,22.275000000000002
2025-03-17 02:00:00,0.0,10.0,617.04,-12238.0,12855.04,0.0,0.0,0.0,0.0,21.958333333333332
2025-03-17 03:00:00,0.0,10.0,616.88,-10306.0,10922.880000000001,0.0,0.0,0.0,0.0,21.75
2025-03-17 04:00:00,0.0,10.0,616.72,-12143.0,12759.720000000001,0.0,0.0,0.0,0.0,21.625
2025-03-17 05:00:00,0.0,10.0,565.66,-12075.0,12640.66,0.0,0.0,0.0,0.0,21.541666666666668
2025-03-17 06:00:00,249.0,10.0,590.87,-12051.0,12890.87,0.0,0.0,77.20833333333333,74.26666666666667,21.441666666666666
2025-03-17 07:00:00,3370.0,9.833333333333334,361.52000000000004,-11189.0,14920.52,0.05833333333333333,0.13333333333333333,325.43333333333334,464.6333333333334,22.133333333333336
2025-03-17 08:00:00,38897.0,10.75,-27977.79,-228.0,11147.210000000001,2.0083333333333333,2.225,520.1,495.5833333333333,27.0
2025-03-17 09:00:00,142731.0,35.083333333333336,-111562.65,13882.0,17286.35,7.8,7.9750000000000005,505.72499999999997,501.89166666666665,44.458333333333336
2025-03-17 10:00:00,59635.0,59.916666666666664,-39377.92,5631.0,14626.08,3.1750000000000003,3.3333333333333335,496.46666666666664,494.5916666666667,41.59166666666667
2025-03-17 11:00:00,50955.0,67.41666666666667,-31583.88,44.0,19327.120000000003,2.625,2.766666666666667,505.22499999999997,500.9583333333333,41.05833333333333
2025-03-17 12:00:00,100159.0,83.25,-70441.34,3750.0,25967.66,5.483333333333333,5.533333333333334,502.23333333333335,501.80833333333334,45.0
2025-03-17 13:00:00,79620.0,99.25,-30434.57,32939.0,16246.43,4.366666666666666,4.4750000000000005,496.0833333333333,491.3666666666666,42.666666666666664
2025-03-17 14:00:00,139687.0,99.5,0.30999999999999517,120442.0,19245.31,6.991666666666667,6.6000000000000005,530.275,528.7916666666666,45.40833333333333
2025-03-17 15:00:00,160510.0,98.0,213.15,138408.0,22315.15,8.7,8.658333333333333,512.8666666666667,510.85833333333335,46.6
2025-03-17 16:00:00,86982.0,98.0,346.29,58274.0,29054.29,4.741666666666666,4.7749999999999995,500.3416666666667,497.72499999999997,43.333333333333336
2025-03-17 17:00:00,44161.0,98.0,0.0,30245.0,13916.0,2.2333333333333334,2.3666666666666667,513.1916666666667,509.25,40.583333333333336
2025-03-17 18:00:00,8121.0,96.83333333333333,2966.29,520.0,10567.29,0.25,0.39166666666666666,487.4916666666666,493.51666666666665,35.15
2025-03-17 19:00:00,1549.0,93.41666666666667,12356.33,-654.0,14559.33,0.0,0.008333333333333333,234.40833333333333,374.5416666666667,31.566666666666666
2025-03-17 20:00:00,38.0,85.5,29063.34,62.0,29039.34,0.0,0.0,11.0,11.083333333333334,30.433333333333334
2025-03-17 21:00:00,0.0,75.41666666666667,30109.28,72.0,30037.28,0.0,0.0,0.0,0.0,31.575000000000003
2025-03-17 22:00:00,0.0,66.5,27098.54,81.0,27017.54,0.0,0.0,0.0,0.0,31.34166666666667
2025-03-17 23:00:00,0.0,58.5,24079.32,114.0,23965.32,0.0,0.0,0.0,0.0,30.65833333333333
2025-03-18 00:00:00,0.0,51.416666666666664,17522.69,45.0,17477.69,0.0,0.0,0.0,0.0,29.741666666666664
2025-03-18 01:00:00,0.0,46.75,13745.57,86.0,13659.57,0.0,0.0,0.0,0.0,27.958333333333332
2025-03-18 02:00:00,0.0,42.5,11615.18,57.0,11558.18,0.0,0.0,0.0,0.0,26.974999999999998
2025-03-18 03:00:00,0.0,38.5,11631.84,33.0,11598.84,0.0,0.0,0.0,0.0,26.375
2025-03-18 04:00:00,0.0,34.583333333333336,9830.5,84.0,9746.5,0.0,0.0,0.0,0.0,25.95
2025-03-18 05:00:00,0.0,30.833333333333332,9511.76,65.0,9446.76,0.0,0.0,0.0,0.0,25.400000000000002
2025-03-18 06:00:00,289.0,27.0,8509.14,-384.0,9182.14,0.0,0.0,92.85833333333333,111.10000000000001,25.275000000000002
2025-03-18 07:00:00,2871.0,23.833333333333332,7903.2,5.0,10769.199999999999,0.025000000000000005,0.10833333333333334,339.9583333333333,486.94166666666666,25.40833333333333
2025-03-18 08:00:00,46985.0,24.0,-35051.8,-467.0,12400.2,2.5,2.733333333333333,512.6666666666666,497.4166666666667,29.266666666666666
2025-03-18 09:00:00,155434.0,47.666666666666664,-102779.36,34835.0,17819.64,8.408333333333333,8.475,512.0833333333334,510.38333333333327,45.28333333333333
2025-03-18 10:00:00,202078.0,77.5,-86479.03,89542.0,26056.97,11.35,11.200000000000001,497.825,497.7166666666667,47.23333333333333
2025-03-18 11:00:00,179992.0,99.0,-12969.5,145956.0,21066.5,9.525,9.325000000000001,532.2916666666666,530.4083333333333,47.19166666666666
2025-03-18 12:00:00,169718.0,98.83333333333333,-186.62,145990.0,23541.38,7.391666666666667,9.733333333333333,543.1,528.5833333333334,46.775
2025-03-18 13:00:00,188436.0,98.0,-132.82,145996.0,42307.18,8.891666666666667,10.491666666666667,533.8249999999999,520.9083333333333,47.51666666666667
2025-03-18 14:00:00,180723.0,98.0,-292.63,146116.0,34314.37,9.675,9.641666666666667,521.8916666666667,519.9916666666667,47.11666666666667
2025-03-18 15:00:00,161617.0,98.0,-26.450000000000006,139981.0,21609.55,8.791666666666666,8.658333333333333,510.575,510.13333333333327,46.61666666666667
2025-03-18 16:00:00,111564.0,98.0,319.96,92770.0,19113.96,6.158333333333334,6.1499999999999995,501.575,498.47499999999997,44.93333333333334
2025-03-18 17:00:00,47024.0,98.0,53.3,33468.0,13609.3,2.4250000000000003,2.5416666666666665,507.3,505.15000000000003,39.916666666666664
2025-03-18 18:00:00,7372.0,96.91666666666667,6057.72,-386.0,13815.72,0.21666666666666667,0.3666666666666667,491.7916666666667,485.8,35.03333333333333
2025-03-18 19:00:00,1652.0,92.83333333333333,13552.04,-848.0,16052.04,0.0,0.016666666666666666,228.625,391.93333333333334,31.358333333333334
2025-03-18 20:00:00,40.0,85.58333333333333,19630.73,60.0,19610.73,0.0,0.0,11.466666666666667,11.591666666666667,29.566666666666666
2025-03-18 21:00:00,0.0,77.41666666666667,23839.38,64.0,23775.38,0.0,0.0,0.0,0.0,29.59166666666667
2025-03-18 22:00:00,0.0,69.33333333333333,18084.83,87.0,17997.83,0.0,0.0,0.0,0.0,28.900000000000002
2025-03-18 23:00:00,0.0,61.75,13498.55,81.0,13417.55,0.0,0.0,0.0,0.0,27.633333333333336
2025-03-19 00:00:00,0.0,54.25,12901.01,62.0,12839.01,0.0,0.0,0.0,0.0,26.71666666666667
2025-03-19 01:00:00,0.0,49.166666666666664,11982.68,72.0,11910.68,0.0,0.0,0.0,0.0,26.15833333333333
2025-03-19 02:00:00,0.0,45.166666666666664,10471.45,65.0,10406.45,0.0,0.0,0.0,0.0,25.8
2025-03-19 03:00:00,0.0,41.166666666666664,8601.12,57.0,8544.12,0.0,0.0,0.0,0.0,25.208333333333332
2025-03-19 04:00:00,0.0,37.5,8389.3,73.0,8316.3,0.0,0.0,0.0,0.0,24.875
2025-03-19 05:00:00,0.0,33.666666666666664,7634.38,71.0,7563.38,0.0,0.0,0.0,0.0,24.483333333333334
2025-03-19 06:00:00,307.0,29.833333333333332,8406.88,-375.0,9088.88,0.0,0.0,97.64999999999999,104.81666666666668,24.40833333333333
2025-03-19 07:00:00,3311.0,26.166666666666668,5886.84,-1024.0,10221.84,0.025000000000000005,0.14166666666666666,395.8333333333333,497.05,25.016666666666666
2025-03-19 08:00:00,51432.0,27.166666666666668,-38008.48,-1044.0,14467.52,2.875,3.0749999999999997,489.52500000000003,492.9083333333333,29.641666666666666
2025-03-19 09:00:00,152007.0,51.166666666666664,-100583.29,32515.0,18908.71,8.408333333333333,8.416666666666666,502.3333333333333,501.425,45.39166666666667
2025-03-19 10:00:00,193270.0,82.75,-49463.28,109455.0,34351.72,10.799999999999999,10.950000000000001,499.18333333333334,491.075,47.11666666666667
2025-03-19 11:00:00,195514.0,100.0,-453.75,145888.0,49172.25,10.508333333333333,10.666666666666666,520.4916666666667,513.1666666666666,47.75
2025-03-19 12:00:00,190117.0,98.0,-586.78,145895.0,43635.22,10.008333333333335,10.45,519.625,512.6416666666667,47.74166666666667
2025-03-19 13:00:00,170977.0,98.0,-506.53,145960.0,24510.47,8.700000000000001,9.325000000000001,522.3916666666667,515.4666666666667,47.074999999999996
2025-03-19 14:00:00,179915.0,98.0,-133.21,141073.0,38708.79,9.558333333333334,10.275,506.0416666666667,495.2583333333334,47.40833333333333
2025-03-19 15:00:00,161323.0,98.0,160.06,129937.0,31546.059999999998,9.433333333333334,9.316666666666666,478.3333333333333,476.9166666666667,46.75833333333333
2025-03-19 16:00:00,107820.0,98.0,399.91999999999996,83204.0,25015.920000000002,6.166666666666667,6.125,485.51666666666665,484.075,44.916666666666664
2025-03-19 17:00:00,45885.0,98.0,79.94999999999999,28548.0,17416.95,2.4166666666666665,2.558333333333333,500.47499999999997,490.1583333333333,39.96666666666667
2025-03-19 18:00:00,7620.0,96.33333333333333,10512.13,99.0,18033.13,0.21666666666666667,0.4083333333333334,482.55,476.15000000000003,35.30833333333333
2025-03-19 19:00:00,1744.0,90.33333333333333,19991.43,-959.0,22694.43,0.0,0.025000000000000005,241.89166666666665,378.59999999999997,32.666666666666664
2025-03-19 20:00:00,41.0,82.41666666666667,22620.13,89.0,22572.13,0.0,0.0,11.5,11.666666666666666,30.71666666666667
2025-03-19 21:00:00,0.0,74.33333333333333,21191.54,43.0,21148.54,0.0,0.0,0.0,0.0,30.15833333333333
2025-03-19 22:00:00,0.0,66.33333333333333,18858.01,65.0,18793.01,0.0,0.0,0.0,0.0,29.508333333333336
2025-03-19 23:00:00,0.0,58.333333333333336,21245.78,73.0,21172.78,0.0,0.0,0.0,0.0,29.075
2025-03-20 00:00:00,0.0,51.083333333333336,19703.98,76.0,19627.98,0.0,0.0,0.0,0.0,28.733333333333334
2025-03-20 01:00:00,0.0,44.833333333333336,15756.9,72.0,15684.9,0.0,0.0,0.0,0.0,28.349999999999998
2025-03-20 02:00:00,0.0,39.416666666666664,12885.59,59.0,12826.59,0.0,0.0,0.0,0.0,27.333333333333332
2025-03-20 03:00:00,0.0,34.166666666666664,12643.56,61.0,12582.56,0.0,0.0,0.0,0.0,26.59166666666667
2025-03-20 04:00:00,0.0,29.166666666666668,11796.77,56.0,11740.77,0.0,0.0,0.0,0.0,26.21666666666667
2025-03-20 05:00:00,0.0,24.25,10743.880000000001,65.0,10678.880000000001,0.0,0.0,0.0,0.0,26.108333333333334
2025-03-20 06:00:00,531.0,19.833333333333332,10365.5,-351.0,11247.5,0.0,0.0,108.40833333333335,145.17499999999998,25.90833333333333
2025-03-20 07:00:00,3860.0,15.916666666666666,9832.91,-839.0,14531.91,0.025000000000000005,0.15833333333333333,376.64166666666665,485.925,26.541666666666668
2025-03-20 08:00:00,52304.0,17.583333333333332,-37729.37,-193.0,14767.630000000001,2.891666666666667,3.0666666666666664,507.15833333333336,502.4583333333333,31.541666666666668
2025-03-20 09:00:00,145481.0,42.5,-116744.92,-449.0,29185.08,8.041666666666666,8.183333333333334,503.26666666666665,496.625,45.69166666666666
2025-03-20 10:00:00,184471.0,76.41666666666667,-89753.19,70389.0,24328.81,10.691666666666668,10.65,488.7,483.26666666666665,47.125
2025-03-20 11:00:00,168029.0,99.83333333333333,-217.24,143797.0,24014.76,10.1,8.875,511.9583333333333,516.5833333333334,47.074999999999996
2025-03-20 12:00:00,169895.0,98.5,-533.44,145871.0,23490.559999999998,10.558333333333334,9.191666666666666,506.625,509.75,47.15
2025-03-20 13:00:00,176565.0,98.0,-266.46,145959.0,30339.54,10.841666666666667,8.516666666666667,497.875,509.64166666666665,47.30833333333333
2025-03-20 14:00:00,171870.0,98.0,-399.79,143227.0,28243.21,10.35,8.766666666666667,490.6333333333334,500.01666666666665,47.208333333333336
2025-03-20 15:00:00,153689.0,98.0,133.3,120292.0,33530.3,9.1,9.066666666666666,474.26666666666665,466.05,46.73333333333333
2025-03-20 16:00:00,101913.0,98.0,346.64,82161.0,20098.64,5.891666666666667,5.875,482.175,475.325,44.89166666666667
2025-03-20 17:00:00,44032.0,97.66666666666667,5990.27,19497.0,30525.27,2.3916666666666666,2.4833333333333334,490.06666666666666,481.69166666666666,40.50833333333333
2025-03-20 18:00:00,7373.0,91.0,28758.56,-1020.0,37151.56,0.25,0.375,466.14166666666665,462.18333333333334,39.53333333333333
2025-03-20 19:00:00,1390.0,79.75,37904.64,-788.0,40082.64,0.0,0.008333333333333333,228.8083333333333,349.5,38.5
2025-03-20 20:00:00,27.0,69.58333333333333,23282.43,90.0,23219.43,0.0,0.0,0.0,9.700000000000001,34.958333333333336
2025-03-20 21:00:00,0.0,61.333333333333336,18305.47,48.0,18257.47,0.0,0.0,0.0,0.0,32.608333333333334
2025-03-20 22:00:00,0.0,53.5,19101.57,67.0,19034.57,0.0,0.0,0.0,0.0,31.108333333333334
2025-03-20 23:00:00,0.0,47.083333333333336,15500.36,89.0,15411.36,0.0,0.0,0.0,0.0,30.258333333333336
2025-03-21 00:00:00,0.0,41.583333333333336,16700.79,50.0,16650.79,0.0,0.0,0.0,0.0,29.28333333333333
2025-03-21 01:00:00,0.0,36.333333333333336,15055.62,42.0,15013.62,0.0,0.0,0.0,0.0,28.758333333333336
2025-03-21 02:00:00,0.0,31.166666666666668,13279.03,125.0,13154.03,0.0,0.0,0.0,0.0,28.2
2025-03-21 03:00:00,0.0,26.166666666666668,14547.17,56.0,14491.17,0.0,0.0,0.0,0.0,28.108333333333334
2025-03-21 04:00:00,0.0,21.0,13676.8,68.0,13608.8,0.0,0.0,0.0,0.0,27.958333333333332
2025-03-21 05:00:00,0.0,16.25,10616.52,127.0,10489.52,0.0,0.0,0.0,0.0,27.775000000000002
2025-03-21 06:00:00,511.0,15.0,7395.18,-2525.0,10431.18,0.0,0.0,118.33333333333333,166.64166666666668,26.791666666666668
2025-03-21 07:00:00,4994.0,15.0,546.38,-7463.0,13003.38,0.10833333333333334,0.225,406.7416666666666,454.55,26.241666666666664
2025-03-21 08:00:00,54899.0,18.333333333333332,-39790.04,-1055.0,16163.96,3.125,2.966666666666667,495.40000000000003,512.5,31.958333333333332
2025-03-21 09:00:00,143743.0,51.25,-112964.6,4352.0,26426.4,8.041666666666666,8.158333333333333,494.75,490.60833333333335,46.28333333333333
2025-03-21 10:00:00,189360.0,89.33333333333333,-85700.19,81100.0,22559.81,11.025,10.958333333333334,480.55,477.7416666666666,47.44166666666666
2025-03-21 11:00:00,188440.0,99.83333333333333,-25071.01,143074.0,20294.99,10.258333333333333,10.266666666666667,498.6583333333333,495.5,47.64166666666667
2025-03-21 12:00:00,165519.0,98.0,-826.52,145942.0,18750.48,8.558333333333334,8.424999999999999,512.4583333333334,510.0,47.425000000000004
2025-03-21 13:00:00,164079.0,98.0,-266.62,138623.0,25189.379999999997,9.566666666666666,9.458333333333334,478.34999999999997,477.2583333333334,47.19166666666666
2025-03-21 14:00:00,154080.0,98.0,-106.36,123355.0,30618.64,8.883333333333333,8.816666666666666,481.2583333333334,478.9916666666666,46.958333333333336
2025-03-21 15:00:00,109862.0,97.41666666666667,53.32,94296.0,15619.32,6.316666666666666,6.308333333333334,478.48333333333335,478.31666666666666,45.38333333333333
2025-03-21 16:00:00,78653.0,97.0,319.95,54853.0,24119.95,4.441666666666666,4.491666666666666,482.7583333333334,476.9166666666667,43.00833333333333
2025-03-21 17:00:00,40513.0,96.75,1429.9099999999999,16777.0,25165.91,2.1666666666666665,2.283333333333333,484.0833333333333,477.7083333333333,40.525
2025-03-21 18:00:00,10703.0,96.75,4521.9,83.0,15141.9,0.44166666666666665,0.5583333333333333,481.51666666666665,473.76666666666665,37.300000000000004
2025-03-21 19:00:00,1621.0,93.25,13638.07,-922.0,16181.07,0.0,0.016666666666666666,245.91666666666666,346.3,33.608333333333334
2025-03-21 20:00:00,0.0,85.75,17469.1,35.0,17434.1,0.0,0.0,0.0,0.0,31.7
2025-03-21 21:00:00,0.0,76.16666666666667,30713.399999999998,31.0,30682.399999999998,0.0,0.0,0.0,0.0,33.324999999999996
2025-03-21 22:00:00,0.0,68.0,12546.76,78.0,12468.76,0.0,0.0,0.0,0.0,31.383333333333336
2025-03-21 23:00:00,0.0,60.5,13279.869999999999,68.0,13211.869999999999,0.0,0.0,0.0,0.0,30.224999999999998
2025-03-22 00:00:00,0.0,54.5,9640.54,67.0,9573.54,0.0,0.0,0.0,0.0,29.425
2025-03-22 01:00:00,0.0,51.0,8960.11,60.0,8900.11,0.0,0.0,0.0,0.0,28.616666666666664
2025-03-22 02:00:00,0.0,47.25,8275.62,58.0,8217.62,0.0,0.0,0.0,0.0,28.09166666666667
2025-03-22 03:00:00,0.0,43.5,8767.44,88.0,8679.44,0.0,0.0,0.0,0.0,27.683333333333334
2025-03-22 04:00:00,0.0,39.583333333333336,8475.98,150.0,8325.98,0.0,0.0,0.0,0.0,27.65833333333333
2025-03-22 05:00:00,0.0,35.833333333333336,7565.52,59.0,7506.52,0.0,0.0,0.0,0.0,27.15833333333333
2025-03-22 06:00:00,395.0,32.0,7042.34,-126.0,7563.34,0.0,0.0,96.44166666666666,106.98333333333333,26.84166666666667
2025-03-22 07:00:00,4829.0,28.666666666666668,3628.28,-428.0,8885.28,0.10833333333333334,0.21666666666666667,365.10833333333335,447.7,27.483333333333334
2025-03-22 08:00:00,17082.0,28.25,-5200.35,-56.0,11937.65,0.7583333333333333,0.9333333333333332,486.7916666666667,483.52500000000003,30.5
2025-03-22 09:00:00,30260.0,32.333333333333336,-18711.79,59.0,11489.21,1.5250000000000001,1.6666666666666667,485.2583333333334,487.5916666666667,34.61666666666667
2025-03-22 10:00:00,154061.0,47.583333333333336,-86421.09,47822.0,19817.91,8.85,8.741666666666667,486.72499999999997,487.6333333333334,45.375
2025-03-22 11:00:00,155896.0,74.25,-66035.97,65801.0,24059.03,9.15,9.1,479.31666666666666,471.93333333333334,47.31666666666666
2025-03-22 12:00:00,182095.0,99.75,-833.23,145414.0,35847.77,10.641666666666667,9.441666666666666,503.80833333333334,506.21666666666664,47.93333333333334
2025-03-22 13:00:00,140859.0,98.5,-266.93,101935.0,38657.07,8.375,7.675,481.26666666666665,477.9583333333333,47.025
2025-03-22 14:00:00,148176.0,98.0,-26.55,102313.0,45836.45,8.716666666666667,8.708333333333334,473.77500000000003,469.0333333333333,46.93333333333334
2025-03-22 15:00:00,150428.0,97.5,0.0,99774.0,50654.0,8.891666666666667,8.825000000000001,472.19166666666666,469.1333333333334,46.85
2025-03-22 16:00:00,99926.0,97.0,26.66,81207.0,18745.66,5.758333333333333,5.75,480.51666666666665,477.95,45.40833333333333
2025-03-22 17:00:00,43609.0,98.75,-2895.27,29001.0,11712.73,2.325,2.4583333333333335,488.31666666666666,482.27500000000003,41.05833333333333
2025-03-22 18:00:00,9228.0,99.08333333333333,3098.49,641.0,11685.49,0.3666666666666667,0.47500000000000003,468.2,470.2916666666667,37.31666666666667
2025-03-22 19:00:00,1488.0,94.75,11402.72,-774.0,13664.72,0.0,0.0,232.29999999999998,364.27500000000003,34.05833333333333
2025-03-22 20:00:00,35.0,87.41666666666667,14531.0,78.0,14488.0,0.0,0.0,10.950000000000001,11.166666666666666,32.0
2025-03-22 21:00:00,0.0,79.75,12848.49,89.0,12759.49,0.0,0.0,0.0,0.0,31.25
2025-03-22 22:00:00,0.0,72.33333333333333,13835.44,84.0,13751.44,0.0,0.0,0.0,0.0,30.7
2025-03-22 23:00:00,0.0,64.66666666666667,13934.46,71.0,13863.46,0.0,0.0,0.0,0.0,30.53333333333333
2025-03-23 00:00:00,0.0,57.083333333333336,12966.08,44.0,12922.08,0.0,0.0,0.0,0.0,30.224999999999998
2025-03-23 01:00:00,0.0,50.833333333333336,11440.66,70.0,11370.66,0.0,0.0,0.0,0.0,29.916666666666668
2025-03-23 02:00:00,0.0,46.833333333333336,9214.79,56.0,9158.79,0.0,0.0,0.0,0.0,29.375
2025-03-23 03:00:00,0.0,43.166666666666664,9727.529999999999,73.0,9654.529999999999,0.0,0.0,0.0,0.0,29.116666666666664
2025-03-23 04:00:00,0.0,39.25,8661.06,65.0,8596.06,0.0,0.0,0.0,0.0,28.825
2025-03-23 05:00:00,0.0,35.5,7511.33,64.0,7447.33,0.0,0.0,0.0,0.0,28.483333333333334
2025-03-23 06:00:00,341.0,31.583333333333332,7016.02,-57.0,7414.02,0.0,0.0,78.45833333333333,93.3,28.05
2025-03-23 07:00:00,2459.0,27.916666666666668,7741.35,-831.0,11031.35,0.008333333333333333,0.05833333333333333,275.81666666666666,439.575,28.55
2025-03-23 08:00:00,12232.0,26.0,-1872.68,-176.0,10535.32,0.48333333333333334,0.7000000000000001,470.7583333333334,472.2166666666667,30.791666666666668
2025-03-23 09:00:00,16895.0,27.333333333333332,-5492.24,64.0,11338.76,0.7583333333333333,0.9500000000000001,471.09999999999997,476.6666666666667,33.300000000000004
2025-03-23 10:00:00,27200.0,29.333333333333332,-17436.72,79.0,9684.28,1.3499999999999999,1.4916666666666665,485.2166666666667,483.5833333333333,35.766666666666666
2025-03-23 11:00:00,39790.0,36.25,-24356.59,467.0,14966.41,2.125,2.1750000000000003,489.075,492.0416666666667,41.28333333333333
2025-03-23 12:00:00,77353.0,50.833333333333336,-60623.71,2187.0,14542.289999999999,4.258333333333334,4.266666666666667,497.2166666666667,495.98333333333335,44.89166666666667
2025-03-23 13:00:00,54053.0,64.66666666666667,-39916.65,94.0,14042.35,2.9416666666666664,2.9499999999999997,492.825,494.59999999999997,42.583333333333336
2025-03-23 14:00:00,38722.0,76.33333333333333,-4876.009999999999,97.0,33748.99,2.0500000000000003,2.1666666666666665,485.4916666666666,482.7583333333334,41.425000000000004
2025-03-23 15:00:00,23514.0,77.58333333333333,-4204.469999999999,-177.0,19486.53,1.1333333333333333,1.2583333333333335,483.9916666666666,487.7416666666666,41.15
2025-03-23 16:00:00,18385.0,79.66666666666667,-3861.7,-15.0,14538.3,0.8916666666666666,1.0166666666666668,476.89166666666665,470.5416666666667,39.483333333333334
2025-03-23 17:00:00,14323.0,80.0,-618.21,-287.0,13991.79,0.6416666666666667,0.7833333333333333,473.44166666666666,464.0333333333333,36.94166666666667
2025-03-23 18:00:00,8259.0,78.91666666666667,5795.02,-525.0,14579.02,0.27499999999999997,0.4166666666666667,458.15000000000003,465.31666666666666,35.291666666666664
2025-03-23 19:00:00,1433.0,73.5,14851.07,-939.0,17223.07,0.0,0.0,195.25,341.56666666666666,33.125
2025-03-23 20:00:00,35.0,65.83333333333333,17497.69,-360.0,17892.69,0.0,0.0,9.891666666666667,10.066666666666666,32.03333333333333
2025-03-23 21:00:00,0.0,58.25,15237.13,38.0,15199.13,0.0,0.0,0.0,0.0,31.258333333333336
2025-03-23 22:00:00,0.0,51.25,20931.64,404.0,20527.64,0.0,0.0,0.0,0.0,31.008333333333336
2025-03-23 23:00:00,0.0,44.833333333333336,13900.2,45.0,13855.2,0.0,0.0,0.0,0.0,31.508333333333336
2025-03-24 00:00:00,0.0,40.25,12772.74,43.0,12729.74,0.0,0.0,0.0,0.0,30.5
2025-03-24 01:00:00,0.0,36.166666666666664,11219.54,62.0,11157.54,0.0,0.0,0.0,0.0,29.900000000000002
2025-03-24 02:00:00,0.0,32.166666666666664,12432.69,98.0,12334.69,0.0,0.0,0.0,0.0,29.474999999999998
2025-03-24 03:00:00,0.0,28.166666666666668,8581.16,-3.0,8584.16,0.0,0.0,0.0,0.0,28.991666666666664
2025-03-24 04:00:00,0.0,24.666666666666668,8449.92,55.0,8394.92,0.0,0.0,0.0,0.0,28.383333333333336
2025-03-24 05:00:00,0.0,21.25,7380.19,36.0,7344.19,0.0,0.0,0.0,0.0,28.03333333333333
2025-03-24 06:00:00,454.0,18.166666666666668,8571.77,-132.0,9157.77,0.0,0.0,109.25,122.16666666666667,27.791666666666668
2025-03-24 07:00:00,1565.0,15.25,9806.96,-748.0,12119.96,0.0,0.0,202.65,408.95,27.833333333333332
2025-03-24 08:00:00,3212.0,15.0,7271.86,-761.0,11244.86,0.0,0.10833333333333334,362.925,478.7083333333333,28.983333333333334
2025-03-24 09:00:00,4313.0,15.0,5738.29,-1204.0,11255.29,0.049999999999999996,0.19166666666666665,499.5333333333333,505.325,30.016666666666666
2025-03-24 10:00:00,4380.0,15.0,12530.34,-8587.0,25497.34,0.05833333333333333,0.13333333333333333,532.7416666666667,532.5666666666667,30.325
2025-03-24 11:00:00,17132.0,15.0,365.34,-12896.0,30393.34,0.75,0.975,481.48333333333335,474.875,31.391666666666666
2025-03-24 12:00:00,60507.0,19.166666666666668,-37747.19,23.0,22736.81,3.1999999999999997,3.3166666666666664,499.8333333333333,500.59999999999997,39.458333333333336
2025-03-24 13:00:00,92652.0,34.916666666666664,-74679.74,0.0,17972.26,5.125,5.191666666666666,500.2916666666667,493.90000000000003,45.375
2025-03-24 14:00:00,83852.0,54.916666666666664,-44799.85,0.0,39052.15,4.675,4.683333333333334,491.7083333333333,492.64166666666665,45.333333333333336
2025-03-24 15:00:00,71535.0,64.58333333333333,-41258.97,0.0,30276.03,3.9416666666666664,3.975,495.075,492.375,43.975
2025-03-24 16:00:00,39471.0,84.16666666666667,-26538.85,0.0,12932.15,2.0416666666666665,2.0500000000000003,517.025,515.1166666666667,40.90833333333333
2025-03-24 17:00:00,14581.0,98.58333333333333,9695.66,0.0,24276.66,0.65,0.7000000000000001,497.31666666666666,507.0916666666667,38.016666666666666
2025-03-24 18:00:00,8639.0,93.33333333333333,16997.5,0.0,25636.5,0.3,0.44166666666666665,466.48333333333335,468.09999999999997,38.78333333333333
2025-03-24 19:00:00,1593.0,86.5,14814.67,0.0,16407.67,0.0,0.016666666666666666,273.40000000000003,321.14166666666665,35.291666666666664
2025-03-24 20:00:00,79.0,78.83333333333333,17040.72,0.0,17119.72,0.0,0.0,21.524999999999995,10.841666666666667,32.21666666666667
2025-03-24 21:00:00,0.0,71.25,16637.39,0.0,16637.39,0.0,0.0,0.0,0.0,30.883333333333336
2025-03-24 22:00:00,0.0,63.583333333333336,14657.21,0.0,14657.21,0.0,0.0,0.0,0.0,29.724999999999998
2025-03-24 23:00:00,0.0,56.083333333333336,14875.56,0.0,14875.56,0.0,0.0,0.0,0.0,29.008333333333336
2025-03-25 00:00:00,0.0,50.5,10832.78,0.0,10832.78,0.0,0.0,0.0,0.0,28.2
2025-03-25 01:00:00,0.0,46.5,9678.76,0.0,9678.76,0.0,0.0,0.0,0.0,27.641666666666666
2025-03-25 02:00:00,0.0,42.583333333333336,6583.75,0.0,6583.75,0.0,0.0,0.0,0.0,26.7
2025-03-25 03:00:00,0.0,38.833333333333336,6191.05,0.0,6191.05,0.0,0.0,0.0,0.0,26.183333333333334
2025-03-25 04:00:00,0.0,35.166666666666664,5877.12,0.0,5877.12,0.0,0.0,0.0,0.0,25.875
2025-03-25 05:00:00,0.0,31.5,6707.28,0.0,6707.28,0.0,0.0,0.0,0.0,25.683333333333334
2025-03-25 06:00:00,273.0,27.583333333333332,6183.43,0.0,6456.43,0.0,0.0,70.05833333333334,112.46666666666665,25.61666666666667
2025-03-25 07:00:00,3705.0,24.75,5114.94,0.0,8819.94,0.05833333333333333,0.15833333333333333,363.44166666666666,420.31666666666666,26.95
2025-03-25 08:00:00,18634.0,22.5,940.5399999999997,0.0,19574.54,0.8333333333333334,1.05,480.5416666666667,479.0,31.15833333333333
2025-03-25 09:00:00,26979.0,24.583333333333332,-12280.07,0.0,14698.93,1.3083333333333333,1.5083333333333335,490.6666666666667,491.68333333333334,35.725
2025-03-25 10:00:00,54268.0,29.583333333333332,-40062.85,0.0,14205.15,2.9250000000000003,3.016666666666667,487.43333333333334,490.2416666666666,39.99166666666667
2025-03-25 11:00:00,96378.0,49.5,-82049.59,0.0,14328.41,5.308333333333333,5.291666666666667,504.0,497.90000000000003,45.625
2025-03-25 12:00:00,57671.0,79.58333333333333,-47532.32,0.0,10138.68,2.2666666666666666,3.441666666666667,541.05,530.8083333333333,43.050000000000004
2025-03-25 13:00:00,20202.0,99.5,4051.79,0.0,24253.79,0.8916666666666666,1.05,512.8416666666667,508.3333333333333,38.125
2025-03-25 14:00:00,36687.0,97.08333333333333,3547.03,0.0,40234.03,2.0,1.9749999999999999,511.2,514.5666666666667,41.38333333333333
2025-03-25 15:00:00,26984.0,99.66666666666667,-5460.5199999999995,0.0,21523.48,1.0666666666666667,1.6333333333333335,549.7083333333334,542.625,40.733333333333334
2025-03-25 16:00:00,9701.0,98.83333333333333,259.80000000000007,-1.0,9961.8,0.27499999999999997,0.5083333333333334,543.5500000000001,536.8833333333333,35.475
2025-03-25 17:00:00,16093.0,97.08333333333333,-1954.6399999999999,1.0,14137.36,0.8166666666666668,0.7833333333333333,496.2583333333334,497.27500000000003,34.61666666666667
2025-03-25 18:00:00,1959.0,92.5,12812.63,0.0,14771.630000000001,0.0,0.0,553.5,549.125,33.166666666666664
2025-03-25 19:00:00,1594.0,85.25,15113.539999999999,0.0,16707.54,0.0,0.0,448.68333333333334,447.84999999999997,31.0
2025-03-25 20:00:00,88.0,77.66666666666667,16243.39,0.0,16331.39,0.0,0.0,24.40833333333333,24.775000000000002,30.691666666666666
2025-03-25 21:00:00,0.0,69.83333333333333,14533.22,0.0,14533.22,0.0,0.0,0.0,0.0,29.96666666666667
2025-03-25 22:00:00,0.0,62.583333333333336,12039.86,0.0,12039.86,0.0,0.0,0.0,0.0,29.05
2025-03-25 23:00:00,0.0,56.416666666666664,12074.4,0.0,12074.4,0.0,0.0,0.0,0.0,28.400000000000002
2025-03-26 00:00:00,0.0,50.833333333333336,10936.82,4.0,10932.82,0.0,0.0,0.0,0.0,28.116666666666664
2025-03-26 01:00:00,0.0,47.083333333333336,6622.67,0.0,6622.67,0.0,0.0,0.0,0.0,27.25
2025-03-26 02:00:00,0.0,43.166666666666664,6223.93,0.0,6223.93,0.0,0.0,0.0,0.0,26.541666666666668
2025-03-26 03:00:00,0.0,39.5,6585.96,0.0,6585.96,0.0,0.0,0.0,0.0,26.28333333333333
2025-03-26 04:00:00,0.0,35.666666666666664,6790.47,0.0,6790.47,0.0,0.0,0.0,0.0,26.150000000000002
2025-03-26 05:00:00,0.0,32.166666666666664,5357.4,0.0,5357.4,0.0,0.0,0.0,0.0,26.083333333333332
2025-03-26 06:00:00,462.0,28.5,6398.719999999999,0.0,6860.719999999999,0.0,0.0,125.24166666666667,114.8,25.983333333333334
2025-03-26 07:00:00,9550.0,25.5,-181.75,0.0,9368.25,0.3333333333333333,0.5,430.8416666666667,489.02500000000003,27.991666666666664
2025-03-26 08:00:00,66221.0,30.916666666666668,-49689.52,0.0,16531.48,3.533333333333333,3.5416666666666665,505.45,511.4916666666666,38.38333333333333
2025-03-26 09:00:00,37308.0,43.083333333333336,-20567.69,0.0,16740.31,1.9249999999999998,2.0083333333333333,496.94166666666666,497.85833333333335,41.225
2025-03-26 10:00:00,63134.0,54.416666666666664,-49458.35,-1.0,13676.65,3.391666666666667,3.4416666666666664,496.05833333333334,497.10833333333335,43.75833333333333
2025-03-26 11:00:00,45237.0,74.5,-31448.32,2.0,13786.68,2.1416666666666666,2.4499999999999997,540.5916666666667,533.0166666666667,41.425000000000004
2025-03-26 12:00:00,2021.0,85.5,19175.61,0.0,21196.61,0.0,0.0,567.9083333333334,563.7333333333333,35.68333333333333
2025-03-26 13:00:00,2028.0,84.0,7596.4,0.0,9624.4,0.0,0.0,567.9,564.0083333333333,32.550000000000004
2025-03-26 14:00:00,1975.0,83.25,9130.18,0.0,11105.18,0.0,0.0,562.4583333333334,558.3000000000001,29.900000000000002
2025-03-26 15:00:00,1975.0,79.16666666666667,13099.85,0.0,15074.85,0.0,0.0,566.5166666666667,562.1750000000001,29.116666666666664
2025-03-26 16:00:00,2009.0,71.75,13288.37,0.0,15297.37,0.0,0.0,565.5583333333333,561.275,28.625
2025-03-26 17:00:00,1960.0,64.0,14638.28,0.0,16598.28,0.0,0.0,561.7666666666667,557.6833333333333,28.65833333333333
2025-03-26 18:00:00,3671.0,58.083333333333336,10991.8,0.0,14662.8,0.03333333333333333,0.15,465.09999999999997,476.10833333333335,28.96666666666667
2025-03-26 19:00:00,1236.0,52.333333333333336,14742.62,0.0,15978.619999999999,0.0,0.016666666666666666,193.84166666666667,243.20833333333334,30.183333333333334
2025-03-26 20:00:00,98.0,46.583333333333336,16857.54,0.0,16955.54,0.0,0.0,11.975,26.416666666666668,29.516666666666666
2025-03-26 21:00:00,0.0,40.416666666666664,17128.55,0.0,17128.55,0.0,0.0,0.0,0.0,29.15833333333333
2025-03-26 22:00:00,0.0,35.083333333333336,13342.67,0.0,13342.67,0.0,0.0,0.0,0.0,28.7
2025-03-26 23:00:00,0.0,30.833333333333332,8621.47,0.0,8621.47,0.0,0.0,0.0,0.0,27.775000000000002
2025-03-27 00:00:00,0.0,26.916666666666668,6626.2699999999995,0.0,6626.2699999999995,0.0,0.0,0.0,0.0,26.75
2025-03-27 01:00:00,0.0,23.583333333333332,7841.91,0.0,7841.91,0.0,0.0,0.0,0.0,26.258333333333336
2025-03-27 02:00:00,0.0,20.916666666666668,6304.7300000000005,0.0,6304.7300000000005,0.0,0.0,0.0,0.0,25.875
2025-03-27 03:00:00,0.0,18.583333333333332,6247.63,0.0,6247.63,0.0,0.0,0.0,0.0,25.7
2025-03-27 04:00:00,0.0,16.25,5750.35,0.0,5750.35,0.0,0.0,0.0,0.0,25.61666666666667
2025-03-27 05:00:00,0.0,13.916666666666666,7011.45,0.0,7011.45,0.0,0.0,0.0,0.0,25.583333333333332
2025-03-27 06:00:00,491.0,11.166666666666666,7594.72,1.0,8084.72,0.0,0.0,139.07500000000002,163.65833333333333,25.53333333333333
2025-03-27 07:00:00,2449.0,8.333333333333334,2499.7599999999998,-4994.0,9942.76,0.17500000000000002,0.075,334.78333333333336,469.27500000000003,27.075
2025-03-27 08:00:00,6022.0,8.083333333333334,1348.94,-1.0,7371.94,0.6333333333333333,0.375,480.95,481.47499999999997,29.974999999999998
2025-03-27 09:00:00,21610.0,8.0,-2136.129999999999,0.0,19473.87,1.4749999999999999,1.2833333333333334,497.1333333333334,484.98333333333335,33.958333333333336
2025-03-27 10:00:00,39189.0,9.083333333333334,-11090.2,0.0,28098.8,2.5083333333333333,2.191666666666667,500.93333333333334,498.9583333333333,40.375
2025-03-27 11:00:00,46914.0,14.916666666666666,-29455.29,0.0,17458.71,2.966666666666667,2.5749999999999997,502.3833333333334,502.64166666666665,43.925000000000004
2025-03-27 12:00:00,39650.0,25.666666666666668,-33409.16,0.0,6240.84,2.5500000000000003,2.2083333333333335,501.5,496.875,41.65833333333333
2025-03-27 13:00:00,47885.0,36.25,-40489.24,0.0,7395.76,3.016666666666667,2.6916666666666664,500.93333333333334,496.4666666666667,43.44166666666666
2025-03-27 14:00:00,66482.0,50.5,-57565.520000000004,0.0,8916.48,4.091666666666667,3.75,500.80833333333334,495.375,44.21666666666667
2025-03-27 15:00:00,70472.0,69.33333333333333,-59356.49,0.0,11115.51,4.333333333333333,3.975,499.31666666666666,494.48333333333335,45.05833333333334
2025-03-27 16:00:00,15511.0,94.66666666666667,-9832.11,0.0,5678.89,0.9916666666666667,0.9666666666666667,546.85,540.8916666666667,38.81666666666667
2025-03-27 17:00:00,9629.0,99.5,1135.34,0.0,10764.34,0.7250000000000001,0.5666666666666667,545.15,539.6166666666667,35.083333333333336
2025-03-27 18:00:00,8333.0,95.58333333333333,12441.42,0.0,20774.42,0.7416666666666667,0.48333333333333334,489.52500000000003,481.075,36.28333333333333
2025-03-27 19:00:00,707.0,90.66666666666667,12786.67,-1.0,13494.67,0.125,0.016666666666666666,323.0,319.175,34.475
2025-03-27 20:00:00,0.0,83.41666666666667,16541.99,0.0,16541.99,0.0,0.0,41.09166666666667,12.049999999999999,31.358333333333334
2025-03-27 21:00:00,0.0,75.5,19916.27,0.0,19916.27,0.0,0.0,0.0,0.0,30.458333333333332
2025-03-27 22:00:00,0.0,67.25,14998.890000000001,0.0,14998.890000000001,0.0,0.0,0.0,0.0,29.941666666666666
2025-03-27 23:00:00,0.0,59.5,23103.39,0.0,23103.39,0.0,0.0,0.0,0.0,29.333333333333332
2025-03-28 00:00:00,0.0,51.25,19586.62,0.0,19586.62,0.0,0.0,0.0,0.0,30.933333333333334
2025-03-28 01:00:00,0.0,46.25,7627.35,0.0,7627.35,0.0,0.0,0.0,0.0,28.916666666666668
2025-03-28 02:00:00,0.0,43.083333333333336,6039.63,0.0,6039.63,0.0,0.0,0.0,0.0,27.016666666666666
2025-03-28 03:00:00,0.0,40.833333333333336,6115.77,0.0,6115.77,0.0,0.0,0.0,0.0,26.0
2025-03-28 04:00:00,0.0,37.583333333333336,6556.0599999999995,0.0,6556.0599999999995,0.0,0.0,0.0,0.0,25.7
2025-03-28 05:00:00,0.0,34.916666666666664,6058.21,0.0,6058.21,0.0,0.0,0.0,0.0,25.316666666666666
2025-03-28 06:00:00,120.0,32.0,5851.02,0.0,5971.02,0.03333333333333333,0.0,174.85833333333335,115.26666666666667,25.266666666666666
2025-03-28 07:00:00,3929.0,30.166666666666668,1303.1,0.0,5232.1,0.425,0.20833333333333334,496.14166666666665,461.95,27.183333333333334
2025-03-28 08:00:00,76197.0,37.25,-65787.47,0.0,10409.529999999999,4.583333333333333,4.258333333333334,502.7583333333334,502.97499999999997,38.608333333333334
2025-03-28 09:00:00,126968.0,66.08333333333333,-111449.88,0.0,15518.119999999999,7.2250000000000005,7.408333333333332,521.3666666666667,512.6083333333333,46.324999999999996
2025-03-28 10:00:00,14070.0,98.75,-4307.570000000001,0.0,9762.43,0.8833333333333333,0.7833333333333333,562.1416666666667,558.0416666666666,39.050000000000004
2025-03-28 11:00:00,35548.0,99.33333333333333,-213.68,0.0,35334.32,0.6916666666666668,4.425,554.7333333333333,539.275,40.18333333333333
2025-03-28 12:00:00,42116.0,98.0,-80.12,0.0,42035.88,2.216666666666667,2.6166666666666667,547.8333333333334,543.6583333333333,42.074999999999996
2025-03-28 13:00:00,33272.0,98.0,0.0,0.0,33272.0,2.5416666666666665,1.4000000000000001,545.85,545.2583333333333,42.525
2025-03-28 14:00:00,21281.0,98.0,-133.31,8482.0,12665.69,1.1833333333333333,1.2916666666666667,547.8249999999999,542.8833333333333,38.99166666666667
2025-03-28 15:00:00,12842.0,98.0,-239.92,0.0,12602.08,0.6166666666666667,1.175,552.25,545.0749999999999,36.84166666666667
2025-03-28 16:00:00,6379.0,98.0,-319.79999999999995,0.0,6059.2,0.2333333333333333,0.4666666666666666,556.2916666666666,550.5083333333333,34.94166666666666
2025-03-28 17:00:00,7783.0,98.0,1006.6600000000001,0.0,8789.66,0.7000000000000001,0.39166666666666666,540.8666666666667,537.475,33.708333333333336
2025-03-28 18:00:00,6781.0,98.0,1832.83,0.0,8613.83,0.65,0.3666666666666667,508.76666666666665,514.6916666666667,34.324999999999996
2025-03-28 19:00:00,523.0,97.91666666666667,16017.08,0.0,16540.079999999998,0.075,0.008333333333333333,358.925,300.3333333333333,33.225
2025-03-28 20:00:00,0.0,97.0,7166.24,0.0,7166.24,0.0,0.0,10.033333333333333,20.591666666666665,30.866666666666664
2025-03-28 21:00:00,0.0,97.0,6639.04,0.0,6639.04,0.0,0.0,0.0,0.0,28.941666666666666
2025-03-28 22:00:00,0.0,97.0,6003.95,0.0,6003.95,0.0,0.0,0.0,0.0,27.650000000000002
2025-03-28 23:00:00,0.0,96.5,13673.53,0.0,13673.53,0.0,0.0,0.0,0.0,27.616666666666664
2025-03-29 00:00:00,0.0,96.0,7819.08,0.0,7819.08,0.0,0.0,0.0,0.0,27.425
2025-03-29 01:00:00,0.0,95.41666666666667,14863.33,0.0,14863.33,0.0,0.0,0.0,0.0,27.483333333333334
2025-03-29 02:00:00,0.0,95.0,12590.94,0.0,12590.94,0.0,0.0,0.0,0.0,27.666666666666668
2025-03-29 03:00:00,0.0,94.75,12901.69,0.0,12901.69,0.0,0.0,0.0,0.0,27.65833333333333
2025-03-29 04:00:00,0.0,94.0,10196.38,0.0,10196.38,0.0,0.0,0.0,0.0,27.658333333333335
2025-03-29 05:00:00,0.0,94.0,12877.41,0.0,12877.41,0.0,0.0,0.0,0.0,27.53333333333333
2025-03-29 06:00:00,0.0,93.75,11078.39,0.0,11078.39,0.0,0.0,117.84166666666665,105.3,27.458333333333332
2025-03-29 07:00:00,652.0,93.0,10648.42,0.0,11300.42,0.10833333333333334,0.016666666666666666,445.175,323.6166666666667,28.941666666666666
2025-03-29 08:00:00,3697.0,93.0,1826.5900000000001,0.0,5523.59,0.4083333333333334,0.2333333333333333,472.10833333333335,473.825,30.71666666666667
2025-03-29 09:00:00,7716.0,93.0,2159.7799999999997,0.0,9875.78,0.6833333333333332,0.4916666666666667,479.19166666666666,477.60833333333335,32.05833333333333
2025-03-29 10:00:00,16570.0,94.5,-7549.7300000000005,0.0,9020.27,1.2083333333333333,1.0250000000000001,488.76666666666665,479.8833333333334,34.69166666666667
2025-03-29 11:00:00,21584.0,98.58333333333333,-14233.48,0.0,7350.52,1.5083333333333335,1.2583333333333335,495.9666666666667,488.44166666666666,38.0
2025-03-29 12:00:00,48418.0,99.0,-28475.27,0.0,19942.73,3.025,2.6999999999999997,506.93333333333334,502.81666666666666,43.208333333333336
2025-03-29 13:00:00,9572.0,99.0,-1442.2400000000002,0.0,8129.76,0.8666666666666667,0.5750000000000001,476.0,470.60833333333335,37.791666666666664
2025-03-29 14:00:00,46602.0,99.0,-36004.479999999996,0.0,10597.52,2.9416666666666664,2.591666666666667,498.625,498.05,40.775
2025-03-29 15:00:00,29877.0,97.75,15746.009999999998,0.0,45623.01,2.025,1.6916666666666667,488.47499999999997,481.34999999999997,42.44166666666667
2025-03-29 16:00:00,19925.0,92.66666666666667,-1552.29,0.0,18372.71,1.45,1.1833333333333333,472.8,474.56666666666666,40.34166666666666
2025-03-29 17:00:00,13675.0,96.25,-5179.02,0.0,8495.98,1.0916666666666666,0.8583333333333334,479.45,464.18333333333334,40.233333333333334
2025-03-29 18:00:00,3428.0,94.08333333333333,21743.03,0.0,25171.03,0.4583333333333333,0.19166666666666665,461.26666666666665,448.075,39.06666666666667
2025-03-29 19:00:00,134.0,92.0,15496.75,0.0,15630.75,0.03333333333333333,0.0,338.425,197.1,35.324999999999996
2025-03-29 20:00:00,0.0,92.0,11872.76,0.0,11872.76,0.0,0.0,14.133333333333333,24.008333333333336,32.13333333333333
2025-03-29 21:00:00,0.0,91.25,13032.55,0.0,13032.55,0.0,0.0,0.0,0.0,30.483333333333334
2025-03-29 22:00:00,0.0,91.0,14690.05,0.0,14690.05,0.0,0.0,0.0,0.0,29.583333333333332
2025-03-29 23:00:00,0.0,90.91666666666667,12031.88,0.0,12031.88,0.0,0.0,0.0,0.0,28.766666666666666
2025-03-30 00:00:00,0.0,90.0,15723.19,0.0,15723.19,0.0,0.0,0.0,0.0,28.333333333333332
2025-03-30 01:00:00,0.0,89.66666666666667,14428.970000000001,0.0,14428.970000000001,0.0,0.0,0.0,0.0,28.599999999999998
2025-03-30 02:00:00,0.0,89.0,12475.54,0.0,12475.54,0.0,0.0,0.0,0.0,28.525000000000002
2025-03-30 03:00:00,0.0,89.0,12733.4,0.0,12733.4,0.0,0.0,0.0,0.0,28.266666666666666
2025-03-30 04:00:00,0.0,88.16666666666667,13781.17,0.0,13781.17,0.0,0.0,0.0,0.0,28.141666666666666
2025-03-30 05:00:00,0.0,88.0,13693.55,0.0,13693.55,0.0,0.0,0.0,0.0,27.958333333333332
2025-03-30 06:00:00,0.0,87.83333333333333,12008.08,0.0,12008.08,0.0,0.0,174.84166666666667,130.4,28.166666666666668
2025-03-30 07:00:00,2879.0,87.0,9268.79,0.0,12147.79,0.2833333333333333,0.16666666666666666,487.9583333333333,384.5833333333333,30.141666666666666
2025-03-30 08:00:00,58022.0,90.83333333333333,-45702.3,0.0,12319.7,3.525,3.2916666666666665,498.3333333333333,494.14166666666665,36.4
2025-03-30 09:00:00,131137.0,99.0,-113920.20999999999,0.0,17216.79,7.816666666666666,7.45,500.0916666666667,493.80833333333334,46.78333333333333
2025-03-30 10:00:00,132675.0,99.0,-115149.67,0.0,17525.329999999998,7.933333333333334,7.458333333333333,503.68333333333334,500.2583333333334,47.0
2025-03-30 11:00:00,153851.0,99.66666666666667,-24617.43,97969.0,31264.57,9.116666666666667,8.275,515.3666666666667,510.75,47.625
2025-03-30 12:00:00,148333.0,99.0,-293.08,130527.0,17512.92,8.525,8.366666666666667,509.31666666666666,499.30833333333334,47.36666666666667
2025-03-30 13:00:00,108831.0,98.0,-26.61,97420.0,11384.39,6.541666666666667,6.208333333333333,496.43333333333334,489.4166666666667,46.15833333333333
2025-03-30 14:00:00,52796.0,98.0,0.0,44383.0,8413.0,3.3166666666666664,2.9916666666666667,495.81666666666666,488.575,41.9
2025-03-30 15:00:00,29752.0,98.0,0.0,20049.0,9703.0,2.033333333333333,1.7333333333333334,485.31666666666666,482.44166666666666,40.775
2025-03-30 16:00:00,11993.0,97.66666666666667,5906.4,2304.0,15595.4,0.9916666666666667,0.7333333333333334,474.1583333333333,472.05833333333334,39.09166666666667
2025-03-30 17:00:00,13718.0,95.58333333333333,-1120.0100000000002,116.0,12481.99,1.0666666666666667,0.8250000000000001,481.56666666666666,475.10833333333335,38.06666666666667
2025-03-30 18:00:00,7657.0,96.41666666666667,7239.16,-824.0,15720.16,0.625,0.43333333333333335,480.31666666666666,402.175,38.05833333333333
2025-03-30 19:00:00,36.0,88.66666666666667,21590.010000000002,-696.0,22322.010000000002,0.008333333333333333,0.0,414.1583333333333,202.79166666666666,36.225
2025-03-30 20:00:00,0.0,79.83333333333333,13931.94,-171.0,14102.94,0.0,0.0,49.050000000000004,50.88333333333333,33.608333333333334
2025-03-30 21:00:00,0.0,71.58333333333333,24097.21,57.0,24040.21,0.0,0.0,0.0,0.0,32.583333333333336
2025-03-30 22:00:00,0.0,59.333333333333336,27907.8,-2279.0,30186.8,0.0,0.0,0.0,0.0,35.141666666666666
2025-03-30 23:00:00,0.0,51.833333333333336,13773.189999999999,34.0,13739.189999999999,0.0,0.0,0.0,0.0,32.416666666666664
2025-03-31 00:00:00,0.0,47.75,8047.93,71.0,7976.93,0.0,0.0,0.0,0.0,30.900000000000002
2025-03-31 01:00:00,0.0,43.916666666666664,8098.62,57.0,8041.62,0.0,0.0,0.0,0.0,29.75
2025-03-31 02:00:00,0.0,40.166666666666664,7939.02,66.0,7873.02,0.0,0.0,0.0,0.0,29.025000000000002
2025-03-31 03:00:00,0.0,36.333333333333336,8142.29,64.0,8078.29,0.0,0.0,0.0,0.0,28.733333333333334
2025-03-31 04:00:00,0.0,32.5,7125.08,68.0,7057.08,0.0,0.0,0.0,0.0,28.391666666666666
2025-03-31 05:00:00,0.0,28.833333333333332,7123.03,119.0,7004.03,0.0,0.0,0.0,0.0,28.21666666666667
2025-03-31 06:00:00,0.0,25.416666666666668,8258.89,-496.0,8754.89,0.0,0.0,196.48333333333335,140.34166666666667,28.108333333333334
2025-03-31 07:00:00,1000.0,22.666666666666668,4929.26,-979.0,6908.26,0.1416666666666667,0.03333333333333333,475.0416666666667,365.4583333333333,29.03333333333333
2025-03-31 08:00:00,7161.0,22.583333333333332,-2372.2599999999998,79.0,4709.74,0.6749999999999999,0.4666666666666666,488.94166666666666,485.3333333333333,31.258333333333336
2025-03-31 09:00:00,25794.0,23.75,-19182.88,62.0,6549.12,1.7166666666666668,1.5,495.8,494.39166666666665,34.31666666666666
2025-03-31 10:00:00,50678.0,35.333333333333336,-42005.93,59.0,8613.07,3.15,2.85,502.06666666666666,497.26666666666665,43.48333333333333
2025-03-31 11:00:00,63866.0,47.5,-56360.409999999996,74.0,7431.59,3.966666666666667,3.608333333333333,498.23333333333335,496.44166666666666,42.15833333333333
2025-03-31 12:00:00,47308.0,60.666666666666664,-33382.48,37.0,13888.52,2.966666666666667,2.65,502.40000000000003,498.1666666666667,43.00833333333333
2025-03-31 13:00:00,44972.0,72.58333333333333,-26891.8,59.0,18021.2,2.85,2.5416666666666665,502.89166666666665,493.6333333333334,41.733333333333334
2025-03-31 14:00:00,79541.0,89.58333333333333,-31591.190000000002,38497.0,9452.81,4.875,4.5,499.43333333333334,493.68333333333334,43.73333333333333
2025-03-31 15:00:00,32801.0,99.66666666666667,0.0,26647.0,6154.0,2.1666666666666665,1.8583333333333334,491.01666666666665,489.25,39.766666666666666
2025-03-31 16:00:00,16541.0,98.0,0.0,11087.0,5454.0,1.2166666666666666,1.0,487.25,476.93333333333334,37.675000000000004
2025-03-31 17:00:00,8490.0,97.91666666666667,1565.68,3943.0,6112.68,0.775,0.5333333333333333,482.97499999999997,481.48333333333335,35.96666666666667
2025-03-31 18:00:00,2705.0,96.33333333333333,6746.51,-820.0,10271.51,0.3666666666666667,0.10833333333333334,476.56666666666666,464.625,34.24166666666667
2025-03-31 19:00:00,99.0,92.58333333333333,12331.48,-581.0,13011.48,0.016666666666666666,0.0,424.925,221.4416666666667,32.541666666666664
2025-03-31 20:00:00,0.0,88.16666666666667,10832.01,-43.0,10875.01,0.0,0.0,56.61666666666667,56.65833333333333,30.633333333333336
2025-03-31 21:00:00,0.0,84.08333333333333,9463.2,61.0,9402.2,0.0,0.0,0.0,0.0,29.691666666666666
2025-03-31 22:00:00,0.0,80.66666666666667,9716.8,114.0,9602.8,0.0,0.0,0.0,0.0,29.141666666666666
2025-03-31 23:00:00,0.0,76.16666666666667,10212.9,92.0,10120.9,0.0,0.0,0.0,0.0,29.066666666666666
2025-04-01 00:00:00,0.0,72.75,9401.84,45.0,9356.84,0.0,0.0,0.0,0.0,28.766666666666666
2025-04-01 01:00:00,0.0,69.75,8451.09,66.0,8385.09,0.0,0.0,0.0,0.0,28.508333333333336
2025-04-01 02:00:00,0.0,67.0,6755.91,50.0,6705.91,0.0,0.0,0.0,0.0,28.008333333333336
2025-04-01 03:00:00,0.0,64.75,5963.59,85.0,5878.59,0.0,0.0,0.0,0.0,27.691666666666666
2025-04-01 04:00:00,0.0,62.666666666666664,5490.35,69.0,5421.35,0.0,0.0,0.0,0.0,27.45
2025-04-01 05:00:00,0.0,60.166666666666664,6997.42,45.0,6952.42,0.0,0.0,0.0,0.0,27.416666666666668
2025-04-01 06:00:00,6.0,57.75,6472.58,-613.0,7091.58,0.0,0.0,266.55,161.81666666666666,27.391666666666666
2025-04-01 07:00:00,1758.0,55.416666666666664,4281.14,-481.0,6520.14,0.21666666666666667,0.075,483.84999999999997,362.56666666666666,28.5
2025-04-01 08:00:00,14708.0,56.666666666666664,-10764.22,46.0,3897.78,1.0666666666666667,0.8833333333333333,493.7083333333333,488.45,31.425
2025-04-01 09:00:00,31845.0,63.333333333333336,-25938.98,75.0,5831.02,2.091666666666667,1.8166666666666667,499.9083333333333,498.9583333333333,36.858333333333334
2025-04-01 10:00:00,42054.0,74.0,-33723.71,95.0,8235.29,2.6666666666666665,2.3333333333333335,501.1583333333333,502.4083333333333,42.958333333333336
2025-04-01 11:00:00,34326.0,84.5,-26555.329999999998,39.0,7731.67,2.275,1.9333333333333333,496.9166666666667,494.925,42.016666666666666
2025-04-01 12:00:00,62759.0,96.58333333333333,-39732.87,16521.0,6505.129999999999,3.8249999999999997,3.4916666666666667,505.27500000000003,498.09999999999997,43.38333333333333
2025-04-01 13:00:00,77901.0,99.83333333333333,-26.68,65301.0,12573.32,4.325,4.216666666666667,510.55833333333334,502.59999999999997,42.041666666666664
2025-04-01 14:00:00,41195.0,98.0,0.0,36630.0,4565.0,2.65,2.3249999999999997,490.35833333333335,487.3833333333334,40.93333333333333
2025-04-01 15:00:00,85648.0,98.0,-26.64,76780.0,8841.36,4.958333333333333,4.533333333333333,508.15000000000003,504.05,42.96666666666667
2025-04-01 16:00:00,80529.0,98.0,0.0,73420.0,7109.0,4.8999999999999995,4.533333333333333,494.95,494.6333333333334,42.525
2025-04-01 17:00:00,34882.0,98.0,0.0,28753.0,6129.0,2.316666666666667,1.9916666666666665,498.8666666666666,492.34999999999997,39.68333333333333
2025-04-01 18:00:00,8090.0,98.0,583.09,4009.0,4664.09,0.7416666666666667,0.4666666666666666,488.34999999999997,472.075,36.875
2025-04-01 19:00:00,775.0,95.5,12454.29,-699.0,13928.29,0.11666666666666668,0.016666666666666666,454.5083333333334,306.03333333333336,33.775
2025-04-01 20:00:00,0.0,87.5,24713.79,-33.0,24746.79,0.0,0.0,63.43333333333334,57.791666666666664,32.574999999999996
2025-04-01 21:00:00,0.0,79.25,14057.62,83.0,13974.62,0.0,0.0,0.0,0.0,31.224999999999998
2025-04-01 22:00:00,0.0,73.33333333333333,11423.53,57.0,11366.53,0.0,0.0,0.0,0.0,30.325
2025-04-01 23:00:00,0.0,67.25,12480.01,67.0,12413.01,0.0,0.0,0.0,0.0,29.858333333333334
