PV(W)_sum,PV(W)_mean,PV(W)_std,PV(W)_max,Battery(W)_mean,SOC(%)_mean,Load(W)_mean,Difference_mean,Difference_std,Difference_min,diff_mean_30d_avg,cluster,cluster_proba_0,cluster_proba_1,cluster_proba_2
0.0099576848147021,0.0099576848147021,0.0195729700608961,0.0327021797211776,0.5399562709398532,0.9980701754385964,0.0800094086024926,0.9698751561486476,0.0315242254656065,0.979438330492986,0.9795516253981535,2,8.036322289762228e-05,0.0,0.9999196367771033
0.0079893359546246,0.0079893359546246,0.0141028362129356,0.0205297128989009,0.5467277209808405,0.9965263157894736,0.2947638052591212,0.9751149077044102,0.0327197563282003,0.9988584249175174,0.9798618346140424,2,1.9864756238730065e-10,0.0,0.9999999998013518
0.0105889892070854,0.0105889892070854,0.0222446494631416,0.0401938639492684,0.5243680041504297,0.9982456140350878,0.0794999872758727,0.97882748929758,0.0395032896700112,0.97622823314446,0.9804300084591352,2,3.5675997575503497e-06,0.0,0.9999964324002423
0.0107486118924056,0.0107486118924056,0.0270593735317432,0.0464481684041255,0.5212729522946756,0.9984561403508772,0.0911806160889417,0.9896952285221976,0.0535798624473409,0.9740285290986476,0.9817491292363556,2,4.717943487852681e-10,0.0,0.9999999995282058
0.0088182818640143,0.0088182818640143,0.0192918534973195,0.030243687712243,0.5373435588334486,0.997859649122807,0.090915515295628,0.980546242617774,0.042287282996854,0.9838963645287684,0.9822801356688706,2,3.063408178586456e-10,0.0,0.9999999996936584
0.0117135230716716,0.0117135230716716,0.0237753428905177,0.0373139460793946,0.513420891973128,0.9979649122807018,0.0600369277754761,0.9809171258671274,0.0424127183030372,0.9830910164649688,0.9827830452684966,2,5.07402951797638e-07,0.0,0.9999994925970482
0.0085049141821896,0.0085049141821896,0.0239968135502352,0.0447404796249897,0.5324103078850779,0.9983859649122806,0.0929959185158508,0.984398826656806,0.0493113416791954,0.9599213485662624,0.9834616068884028,2,2.7758619911391738e-05,0.0,0.9999722413800889
0.0103864627778771,0.0103864627778771,0.0188590685543295,0.027681308953717,0.5240736768966799,0.996561403508772,0.1048667056777188,0.9847726867681676,0.0423020814592614,1.0,0.9841013942712832,2,1.706446971016981e-12,0.0,0.9999999999982929
0.0100249454302847,0.0100249454302847,0.0217825385820707,0.0373590442032482,0.5191291944326146,0.9985964912280704,0.0750207438813456,0.9825731845705282,0.0431082930956983,0.9826240320273616,0.9845566056317512,2,6.659501603100928e-10,0.0,0.9999999993340491
0.0064347605929913,0.0064347605929913,0.0164723571457266,0.0254258390344878,0.5433752674023874,0.999017543859649,0.3029722865049318,0.979452103764054,0.038019717948669,0.9801687838020992,0.9847985379715144,2,5.905048428495826e-10,0.0,0.9999999994094964
0.0085860623888125,0.0085860623888125,0.0157650297430824,0.0225704835356413,0.5406235460572149,0.996982456140351,0.0967637297547884,0.9771610969468792,0.0318331697034059,0.9986153204321352,0.9848975536056244,2,1.6793186720788457e-08,0.0,0.9999999832068128
0.0111031346774919,0.0111031346774919,0.0216853582394194,0.02687671010475,0.5199608650913414,0.9977192982456142,0.0927004469427159,0.9876823354291578,0.044699735234673,0.9990659324362172,0.985534575426995,2,2.2521257960982744e-08,0.0,0.999999977478742
0.0084467916240745,0.0084467916240745,0.02222397846675,0.0412166249723774,0.5325685491712681,0.9975789473684212,0.0947128232660113,0.9895442055611376,0.0517262676657904,0.9798526793825472,0.9862173893874306,2,3.073659458993466e-13,0.0,0.9999999999996927
0.0065772353186191,0.0065772353186191,0.0216284136970811,0.0414374447145321,0.5459060509867733,0.9968771929824564,0.1159817723646564,0.9838786180658172,0.0461661323313208,0.9723828083980636,0.986578604836264,2,6.281247276652146e-07,0.0,0.9999993718752728
0.0095790533520747,0.0095790533520747,0.0256757490699355,0.0485789742238451,0.5290893179362075,0.9984561403508772,0.3023513567759287,0.973928839989218,0.037620240523044,0.9703936366755774,0.9864522995643384,2,0.012329183110199007,0.0,0.9876708168898011
0.0065631897858448,0.0065631897858448,0.0241084585898008,0.04611186525196,0.5423433526659003,0.9995087719298248,0.5665318251747073,0.9879187574449204,0.0525030126951152,0.9588411725767148,0.9869631861753558,2,5.6537826334312944e-05,0.0,0.9999434621736655
0.0062190347474409,0.0062190347474409,0.016240263061356,0.0262605569875999,0.5421795725500526,0.9993333333333332,0.4533164591410888,0.9870291931362218,0.0448985218468235,0.9815849894331928,0.9877107106012027,2,3.8785633849685636e-14,0.0,0.9999999999999609
0.0061241681730641,0.0061241681730641,0.0159316721969701,0.024387132603302,0.5463831596192239,0.9993684210526316,0.5636196064437747,0.9826955545830808,0.0411438145819565,0.9827993621382796,0.988336202658268,2,1.226040918651556e-12,0.0,0.9999999999987743
0.0130865444100624,0.0130865444100624,0.0254198086788612,0.0342481595133525,0.4998552980751951,0.9995087719298248,0.7658063256427338,0.9882267479675744,0.0505181324945373,0.983808176423896,0.988923497103853,2,4.227537359503888e-06,0.0,0.9999957724626408
0.0060991344082238,0.0060991344082238,0.015941790995291,0.025926508741627,0.5458880497903861,0.9999298245614036,1.0,0.9880082679318498,0.0461535571441051,0.990546242065877,0.9896081417200042,2,1.2853557495919776e-17,0.0,1.0
0.0063610356478667,0.0063610356478667,0.0229201212278149,0.0438511607290691,0.5378367454575442,0.9368771929824562,0.859519559332087,0.9898022033096876,0.0530587210718456,0.9621849041159384,0.990419866350536,2,1.0312118969780968e-06,9.854705697302116e-309,0.9999989687881033
0.006564193844011,0.006564193844011,0.0236137359137192,0.0451787367500101,0.5430574001225927,0.9990877192982456,0.8718420662203927,0.985704942458251,0.0494823121256448,0.9602419531845412,0.9915234340360172,2,0.0002228379042176844,0.0,0.9997771620957823
0.006813425900276,0.006813425900276,0.0245248777779297,0.0469217792369526,0.5409924936549629,0.9993684210526316,0.9734840472556464,0.9849589276750802,0.0487672488595145,0.9596076620166406,0.9926955456305836,2,0.013167828607472629,0.0,0.9868321713925268
0.0108985888503988,0.0108985888503988,0.027535191084693,0.0449339988957402,0.5262061263148566,1.0,0.3748526370046697,0.9865488932644516,0.0497150707583818,0.964115370943412,0.9936000259222348,2,3.372834878548841e-06,0.0,0.9999966271651212
0.0074247732264121,0.0074247732264121,0.0189787483743412,0.0324202359147284,0.5454712528586515,0.9988771929824564,0.1567795362953414,0.9890903338114964,0.0472810428053264,0.9922577386974116,0.9942465559623264,2,1.0528670940698489e-16,0.0,1.0
0.0087396832882404,0.0087396832882404,0.0279016879884384,0.0532939830727413,0.5342344291189814,1.0,0.1092403573050209,0.9839519604383796,0.0507486642997649,0.9545968881115936,0.9948858296439216,0,0.935316123849917,0.0,0.06468387615008293
0.0020016858475056,0.0020016858475056,0.0057029669614598,0.0105156744972042,0.5850192658958258,0.8296491228070175,0.0658501034601937,0.9906129355160602,0.0420093664000422,0.9964396569216262,0.9956189580417052,2,9.471922034887627e-13,1.4529451077615516e-255,0.9999999999990532
0.0076821392819786,0.0076821392819786,0.0206625111755317,0.0384214271494571,0.5471229010912725,0.9805263157894736,0.0834285465765083,0.99003220760718,0.0493656919566461,0.984677524024412,0.996114408780617,2,5.5853037389683995e-14,0.0,0.9999999999999449
0.00816324108532,0.00816324108532,0.0188461978156044,0.0324075118012126,0.5320347444630167,0.9985964912280704,0.097993035572938,0.9929106780700389,0.0518571738043745,0.9910340991357364,0.996681166472506,2,1.5098223175657316e-18,0.0,1.0
0.0059405383441747,0.0059405383441747,0.020781722045048,0.0397503722205865,0.5537872670922129,0.9999649122807016,0.2282014772368436,0.9975657193168048,0.0569493444904948,0.971392315645202,0.9975479302894862,2,5.685514589293749e-13,0.0,0.9999999999994316
0.0086822827494808,0.0086822827494808,0.018163366772852,0.0260675209110336,0.5371379297824102,0.999438596491228,0.1560656020562151,0.9995476434001334,0.0572248618920778,0.9871654085593,0.9988815489695854,2,1.6431729421632487e-18,0.0,1.0
0.0067101771324443,0.0067101771324443,0.0208722951424839,0.0394354906772514,0.5498039254301209,0.9996491228070176,0.0753128441250317,1.0,0.0603385205107703,0.9725062085842012,1.0,2,3.0820172293800366e-15,0.0,0.9999999999999973
0.1076973434301873,0.1076973434301873,0.2282803579828298,0.3922394021019591,0.8682336272195321,0.923438596491228,0.073884312906802,0.8964817155443046,0.2329877934527963,0.6225184999986949,0.9962990004453,0,1.0,0.0,0.0
0.3233419843661826,0.3233419843661826,0.3351351316994495,0.4026816310831732,0.6102209408379142,0.6706315789473684,0.0895511978182254,0.687757413153262,0.2997445587980344,0.6241117775939419,0.9827285199058164,0,1.0,2.9928018407700756e-280,0.0
0.4919347109936461,0.4919347109936461,0.5904852308966362,0.7901904010576155,0.6094671215071525,0.6645614035087719,0.0921056666280276,0.5175419234757828,0.5647082979188879,0.2310282465088659,0.9619189664719884,0,1.0,0.0,0.0
0.3575001898403235,0.3575001898403235,0.3603759666629968,0.5279142085504754,0.4023871278829608,0.7405263157894737,0.0820182118928679,0.6441781409670494,0.3308429319646665,0.4928411534410012,0.9467843605734584,0,1.0,0.0,0.0
0.8888712257383024,0.8888712257383024,0.8728095615607007,0.8874539274345418,0.4336467439066719,0.7491929824561403,0.2172206586174463,0.1194621735993404,0.8612332834242723,0.1227669904127066,0.9079101109076446,0,1.0,0.0,0.0
0.6811416994235003,0.6811416994235003,0.64111912009957,0.6704047910958265,0.4694075052372711,0.7661052631578947,0.0851935143824011,0.3257140858690561,0.6175889290817452,0.3447128440709711,0.8782889721743186,0,1.0,0.0,0.0
0.7352705315708435,0.7352705315708435,0.7549908379553056,0.813814247914695,0.7805304906418398,0.6582456140350877,0.1618731300437363,0.2736980368004959,0.7382194419359381,0.1994377149723835,0.8464288476450925,0,1.0,0.0,0.0
0.8449612689075011,0.8449612689075011,0.8122343035531936,0.8591108035132727,0.1758814585830935,0.7704912280701756,0.1399527795845312,0.167025002629469,0.7933401776883623,0.1553480640463349,0.8099146198653607,0,1.0,0.0,0.0
0.7114243870363094,0.7114243870363094,0.6502596876418433,0.6451981611562129,0.52926179093749,0.8406315789473685,0.0624549057672358,0.293930981948308,0.6273859385029362,0.372545408670522,0.7792071016028732,0,1.0,0.0,0.0
0.654205729465011,0.654205729465011,0.7527444848096928,0.8719350187575983,0.7442257700819501,0.7460701754385966,0.076994690890895,0.3503937407988498,0.7377942767847137,0.1403239976299546,0.7505644075405276,0,1.0,0.0,0.0
0.288197951714572,0.288197951714572,0.3199843421483614,0.4009426152144319,0.4293244566408106,0.6414035087719299,0.0691672611196134,0.7102217203513241,0.3003094120654228,0.6166466387263211,0.7380103644335112,0,1.0,1.2449111247185094e-209,0.0
0.5940158945566544,0.5940158945566544,0.5972044617501271,0.7004888636625732,0.257636815246798,0.7655438596491229,0.060440214656484,0.4104179018789435,0.5747397033053194,0.3136206009860459,0.7122363901479011,0,1.0,0.0,0.0
0.4290532668989787,0.4290532668989787,0.4294743453052892,0.5252809613116081,0.4559299171883424,0.8803157894736842,0.0409148624007013,0.573792535290818,0.4034400565320133,0.4989373733051577,0.6942524157675619,0,1.0,0.0,0.0
0.2359656387829899,0.2359656387829899,0.2527160282648001,0.3067401239940703,0.5853426720052779,0.8619298245614035,0.0536620991699993,0.7662421571294082,0.2141033936286863,0.7318517853430668,0.6842892450830129,0,1.0,9.042714006825192e-263,0.0
0.1450398573298779,0.1450398573298779,0.1468114510877999,0.1927630718522637,0.5814854925742757,0.8108070175438598,0.0536177868383404,0.854753044034137,0.1027630369304881,0.8468813008487607,0.6783441437546672,0,1.0,1.0501477400036712e-210,0.0
0.189660157109381,0.189660157109381,0.2075815285672018,0.2972447140166901,0.5378443613483235,0.759263157894737,0.0713189905292584,0.8131047419330987,0.1636916734742233,0.7451893924177583,0.6707219490324539,0,1.0,9.321509598298258e-200,0.0
0.907092343105448,0.907092343105448,0.8513569746006893,0.8996971822047959,0.757859830068706,0.7133684210526317,0.2541454325538386,0.1114491199186714,0.8293586229145226,0.1190993284504431,0.6313155112387852,0,1.0,0.0,0.0
0.860511151572023,0.860511151572023,0.8045084861355729,0.8338387007617074,0.17549158651775,0.7771929824561403,0.0613329830352349,0.1505383829265759,0.787224626993641,0.1819033666504789,0.5936757450406329,0,1.0,0.0,0.0
0.8431147044058964,0.8431147044058964,0.814530478596969,0.8612216373067143,0.4781288541023034,0.8977543859649123,0.1131746027225617,0.1635123113247279,0.8023801112297069,0.14584533191006,0.5565384593864575,0,1.0,0.0,0.0
0.8816412510776845,0.8816412510776845,0.828958775742284,0.8861979446852184,0.5100461292196651,0.9241403508771932,0.0549432956073724,0.1264062001602273,0.8164820052174907,0.1216336459568426,0.517917603480385,0,1.0,0.0,0.0
0.9010964236203984,0.9010964236203984,0.8525847896599671,0.8889773581647898,0.5205005163420091,0.9228070175438596,0.0627478272321979,0.1116282106220036,0.8370201785836577,0.1225811203626654,0.4786660857934707,0,1.0,0.0,0.0
0.8938574011547323,0.8938574011547323,0.8405447997889732,0.8985930029616583,0.505658991489896,0.9268070175438596,0.1156983693825541,0.1162286732413482,0.8272068578171473,0.1086379059525277,0.439549873753216,0,1.0,0.0,0.0
0.777263448042015,0.777263448042015,0.7385226839950425,0.7578489257949028,0.5380592987103143,0.9310526315789476,0.0494678579779541,0.2331577907740729,0.71864929488454,0.2543776657663621,0.4055747724499327,0,1.0,0.0,0.0
0.4980337213047932,0.4980337213047933,0.5002138437170963,0.616948454777212,0.6984190333880652,0.8893684210526317,0.063021063398854,0.5009069135882119,0.4850681860507091,0.3858929438152114,0.3838644961138453,0,1.0,0.0,0.0
0.1213471193452755,0.1213471193452755,0.1216145850143388,0.1379077273058187,0.6063239126046531,0.7734736842105264,0.0541117058124519,0.8773848746630603,0.0873844648955977,0.8894065701924392,0.3787755038839334,0,1.0,6.709612226534514e-191,0.0
0.3685391099213886,0.3685391099213886,0.3530946168417481,0.3985059474761479,0.4383945209897027,0.8689473684210526,0.0556971479239615,0.6400967588852486,0.3125255683947751,0.6383471496424684,0.3630477879264145,0,1.0,0.0,0.0
0.5416726388384838,0.5416726388384839,0.5909526347261314,0.7995786224584791,0.488950111761274,0.8877894736842106,0.047879620832628,0.4680158135471622,0.5670309445588926,0.2237492836258488,0.3394565874152134,0,1.0,0.0,0.0
0.9027829254561384,0.9027829254561384,0.8446863481396124,0.871017191404813,0.6431837469813378,0.892421052631579,0.1980897423022523,0.1074122936670747,0.8314805231858543,0.1404283509223583,0.2994489794739093,0,1.0,0.0,0.0
0.2823974625622529,0.2823974625622529,0.2423059689411383,0.2425687955772914,0.4980680254441526,0.8647719298245613,0.0570931472537488,0.7198653671406697,0.1984338410128249,0.7745634033763441,0.2868787656946914,0,1.0,0.0,0.0
0.4020245512979691,0.4020245512979691,0.4081415460301588,0.5947638017976112,0.475701077363911,0.8621052631578948,0.0529660445028646,0.6083153343369602,0.3746737418937608,0.4267656878815032,0.2692746470237669,0,1.0,0.0,0.0
0.8165279210581944,0.8165279210581944,0.7401071849643885,0.7544580300752946,0.5507964529334873,0.9109122807017545,0.074156775876818,0.1961931906884357,0.717912807849475,0.2670527715458276,0.2378004450031681,0,1.0,0.0,0.0
0.330501889304663,0.330501889304663,0.3711346357208057,0.5314564245820854,0.5082370089827508,0.9198947368421052,0.0354987640115537,0.6727888497056095,0.3412888147303543,0.4942510528725634,0.2371276885989324,0,1.0,0.0,0.0
0.6026527690576078,0.6026527690576078,0.6471524084968048,0.8449369463802635,0.5223700252078292,0.92340350877193,0.048828232258147,0.4113421491064131,0.6209294534651849,0.1760174027816566,0.232354580038098,0,1.0,0.0,0.0
0.7945112494733348,0.7945112494733348,0.756731448500257,0.8263906650749177,0.4621235595965762,0.9315087719298246,0.2156021275317165,0.210306568412851,0.7436706245565445,0.1786727174075489,0.2128543868450475,0,1.0,0.0,0.0
0.5114216072617909,0.5114216072617909,0.5921549175111409,0.7873656478570983,0.6870068133759044,0.8998947368421053,0.0613188637922439,0.492798735220482,0.5727338191629335,0.2225271342615588,0.2296338569421166,0,1.0,0.0,0.0
0.7438283787970308,0.7438283787970308,0.6879596191851951,0.7086631402081343,0.4152734458659406,0.878140350877193,0.0523291465823837,0.2669536828678116,0.6640796420698843,0.3083654297753684,0.2269928929262438,0,1.0,0.0,0.0
0.323533026175018,0.323533026175018,0.2819889411711035,0.370232645114488,0.6123508516258311,0.8968421052631579,0.0592549570344952,0.678667719458332,0.247366547056804,0.6570943212589334,0.2451941016449129,0,1.0,0.0,0.0
0.4794498794639453,0.4794498794639453,0.4893660118213678,0.5928489837782049,0.4333780337400886,0.8786315789473685,0.0410902243591413,0.5359005846903024,0.451834655013535,0.4378710187483262,0.2617730747083915,0,1.0,0.0,0.0
0.2131946938842693,0.2131946938842693,0.1949253535839205,0.2239199160401785,0.6618275245370154,0.8630526315789474,0.0449509776761753,0.7920025576405936,0.1452617854067315,0.8199687357575433,0.2841587126813736,0,1.0,6.054457133208821e-282,0.0
0.2595302860213115,0.2595302860213115,0.3418811877766272,0.4503789369856801,0.4249267797490541,0.7491578947368421,0.0532736230867411,0.739517973430963,0.3282630668287637,0.5675496087819839,0.301647753661296,0,1.0,2.4964908265625463e-189,0.0
0.514466893116756,0.514466893116756,0.4669916015935655,0.6021463646724491,0.5275858333969273,0.936842105263158,0.0567022555312986,0.4993599371967615,0.4482097409080944,0.4123477469155542,0.292170650830293,0,1.0,0.0,0.0
0.3980451980280794,0.3980451980280794,0.4037349603636368,0.4872984355460835,0.5081800051941914,0.9083157894736844,0.0480337559019456,0.6127555208289454,0.3773650923912062,0.5363080400239583,0.3012646383356716,0,1.0,0.0,0.0
0.7501170207229596,0.7501170207229596,0.6896743676331563,0.6909324906856269,0.4697335269051728,0.9173684210526316,0.1142183077298711,0.263705728958488,0.6640185589606886,0.3290937447992665,0.2873279044895263,0,1.0,0.0,0.0
0.3861479774382038,0.3861479774382038,0.4204050012742125,0.613283346358101,0.4194534929090672,0.8741403508771931,0.075293783146994,0.6169652409842163,0.3955969035872387,0.4105440110134075,0.2806187101374801,0,1.0,0.0,0.0
0.6500193597080461,0.650019359708046,0.6273861092752337,0.7456578559965366,0.649604096764585,0.9120350877192984,0.0724170738319372,0.3554862641106003,0.6056564227548399,0.2679842781412563,0.2581793541638524,0,1.0,0.0,0.0
0.8862455008181778,0.8862455008181777,0.8174486652025007,0.848110243652278,0.8488990345204481,0.7628421052631579,0.2181421361236121,0.1313203092097066,0.7971707122778224,0.1637448180668095,0.2275368115426491,0,1.0,0.0,0.0
0.9018337971687208,0.9018337971687208,0.8249065013572008,0.8916402413136182,0.1052429946113341,0.773719298245614,0.1488332935745376,0.108851185464555,0.8112638395091147,0.1170489254055891,0.227420048364412,0,1.0,0.0,0.0
0.8692320172308114,0.8692320172308113,0.790940733724164,0.8795542662503038,0.5373616369580255,0.9430175438596492,0.0641050514708599,0.1406079551047084,0.7764166460392193,0.1273960023935332,0.2269737290541238,0,1.0,0.0,0.0
0.8398576525302835,0.8398576525302835,0.7976039586492762,0.8533691680877945,0.5836457130689301,0.9423508771929826,0.0576659130752839,0.1760812072784826,0.77661221507811,0.1686774355599793,0.2275386333134157,0,1.0,0.0,0.0
0.6536041294001735,0.6536041294001735,0.5798511066856183,0.6729842427155256,0.5218576065363114,0.9331228070175438,0.0578635008352756,0.3504969299927743,0.5590813339458097,0.3381250959222046,0.2376103061330507,0,1.0,0.0,0.0
0.6145519639191586,0.6145519639191585,0.5428979076405696,0.6680186171497857,0.7048990025183213,0.9044561403508772,0.0679553258123135,0.388500920216929,0.5234788224803282,0.3386069675303803,0.2500542450046392,0,1.0,0.0,0.0
0.6885958723755429,0.6885958723755428,0.6351343195226934,0.7145586729812631,0.331193857807165,0.8878596491228069,0.0564213882499784,0.3284416910767667,0.6048142514209796,0.3107397928498326,0.2595920785656385,0,1.0,0.0,0.0
0.1806387734569845,0.1806387734569846,0.1503585384728321,0.1932655132714114,0.6566015618268783,0.9034385964912282,0.0442647104298622,0.8239841781139745,0.1020892053545172,0.8510249328427992,0.2861465463517042,0,1.0,5.31992679735694e-301,0.0
0.6966602532169263,0.6966602532169263,0.7185017264604561,0.778283610504255,0.9855912731430768,0.7262807017543861,0.2097281766701111,0.3132913161729614,0.7038802722625602,0.231255131528004,0.2777142345178379,0,1.0,0.0,0.0
0.5671057029454656,0.5671057029454656,0.5252335914208688,0.5404841831215762,0.172811485317178,0.7779649122807019,0.0484365385242752,0.4389608114122446,0.5003399478265754,0.4789663302088812,0.2580094313579001,0,1.0,0.0,0.0
0.4664035650698453,0.4664035650698453,0.4687740513877945,0.6099025977163599,0.5045975363285683,0.8977543859649123,0.0521443573878922,0.5428944222073206,0.4362297572377286,0.4143277899454477,0.2536407092199713,0,1.0,0.0,0.0
0.7839271677415561,0.7839271677415561,0.7225586457629527,0.857863679323992,0.5583251840737723,0.9284561403508772,0.053101944617884,0.2281702924312638,0.7009931917061661,0.157842654469457,0.2428609432843644,0,1.0,0.0,0.0
0.1967208633573518,0.1967208633573519,0.1715673998652368,0.258233789962575,0.563845012468521,0.9129824561403508,0.0546417104980716,0.8101700154253911,0.1351088028671119,0.7802738101505408,0.2744461224227911,0,1.0,0.0,0.0
0.4422384346403768,0.4422384346403768,0.4138929154503345,0.5045102150471823,0.6017373770072103,0.8753333333333333,0.0646472352041751,0.5630975303089305,0.3819193443267689,0.5161131959263116,0.2674002514829667,0,1.0,0.0,0.0
0.3397268147259863,0.3397268147259864,0.3594105777839128,0.4885088369773692,0.4571223041285205,0.8493333333333334,0.0437554139672959,0.6612317792429931,0.3397451733881915,0.5312344903204451,0.2697785610197782,0,1.0,0.0,0.0
0.5609881344805725,0.5609881344805725,0.5106713701063833,0.6302900099280299,0.5016923432449665,0.9126315789473683,0.046342203357142,0.4410189081027467,0.4885061920821034,0.3872461762707019,0.2807821599882493,0,1.0,0.0,0.0
0.7520767617585337,0.7520767617585337,0.7005091348720445,0.7360004954351035,0.6630922239755012,0.8732280701754386,0.0722457747577048,0.257601341706637,0.6806405595628297,0.2789240638687349,0.2621217149868432,0,1.0,0.0,0.0
0.8947560896212391,0.8947560896212391,0.8438193111082357,0.8729909591146853,0.3568390237628101,0.8858245614035088,0.0447656410008332,0.1252162979756705,0.8227600516816469,0.1445128487261111,0.2492618971800923,0,1.0,0.0,0.0
0.9096211369271012,0.9096211369271012,0.8471878932642156,0.8699400710359877,0.6298168585973715,0.923578947368421,0.0653049037797362,0.1044870327724737,0.8316955064760179,0.1453596509231375,0.2445058783046484,0,1.0,0.0,0.0
0.8473687747589885,0.8473687747589885,0.7563645323388393,0.8195068391304824,0.86811054211603,0.7730877192982456,0.1416105035757199,0.1657896700637416,0.7363893641367589,0.1998931923228958,0.2298085799569013,0,1.0,0.0,0.0
0.7656478037192188,0.7656478037192188,0.7322449431256248,0.7977826702083727,0.0659954630830848,0.7870175438596492,0.0595859956530692,0.248930171480031,0.7076438690093441,0.223199233020078,0.2289985200767163,0,1.0,0.0,0.0
0.6068516726193215,0.6068516726193214,0.5179523317938364,0.5907432235236968,0.5010355303614026,0.9395789473684212,0.0436279421758985,0.4030121814855157,0.4884694444467816,0.4292985941413719,0.2166092865218199,0,1.0,0.0,0.0
0.7675004038513732,0.7675004038513732,0.69368706524763,0.7373468354968622,0.6099105355925194,0.9286666666666668,0.2144147376158883,0.2403451575571763,0.6724280724414963,0.2737453368232702,0.203325659999756,0,1.0,0.0,0.0
0.2789461536353624,0.2789461536353624,0.3157954195684963,0.4065890613856334,0.4951512931320974,0.8960350877192981,0.0407948344278876,0.7299926399628385,0.2759337324912376,0.6340185407299344,0.200538647779797,0,1.0,4.5499273791089273e-284,0.0
0.3742905581652983,0.3742905581652983,0.3660316996850408,0.5081621966909574,0.4825179150368148,0.9109473684210526,0.0436207576903494,0.6305978509325441,0.3366857153006749,0.5163825663742181,0.1956432742045564,0,1.0,0.0,0.0
0.2829981488213435,0.2829981488213434,0.2942532609129184,0.4183714294365763,0.5386528766219539,0.9331228070175438,0.0428591878147513,0.725779677712889,0.2578004135805155,0.6035718047687273,0.2058196235256064,0,1.0,0.0,0.0
0.4083009076133027,0.4083009076133027,0.4071928752733019,0.5738249039571027,0.5161848449004611,0.9196491228070176,0.0431507309726596,0.5960995054262442,0.3762265620415527,0.4456588840384499,0.2050710252335658,0,1.0,0.0,0.0
0.3810057104623639,0.3810057104623639,0.4339102967604923,0.6364077314935017,0.547588932064408,0.8704561403508774,0.0595351615758383,0.6267175862475695,0.4091223910453861,0.384496796635679,0.2213864554122066,0,1.0,0.0,0.0
0.5286911482446418,0.5286911482446418,0.4570289283615106,0.5134992375195774,0.570730547014817,0.8844561403508773,0.063902041729461,0.4835134249370034,0.4194811418344885,0.5075265947064824,0.2153885141791267,0,1.0,0.0,0.0
0.5066786959603908,0.5066786959603908,0.581701373710654,0.6965636357076637,0.4666113193984585,0.8772280701754386,0.1279652253226356,0.5046901852272422,0.5608965226830964,0.3306183598229324,0.2220944277973131,0,1.0,0.0,0.0
0.6774711560882539,0.6774711560882539,0.5775072942953038,0.5949970235238257,0.4392231914490317,0.9108070175438596,0.108097769572139,0.3359081243362506,0.5455275432860184,0.4277947777335318,0.231289549515995,0,1.0,0.0,0.0
0.7831622446422019,0.7831622446422019,0.7062167591425709,0.7129287784657746,0.5348386231207982,0.9412631578947368,0.0540644447681411,0.2329627346280212,0.6793875277834523,0.3040994683661615,0.2368676959982101,0,1.0,0.0,0.0
0.8749757263297547,0.8749757263297547,0.8147023291857619,0.8268339957388716,0.5881435504636616,0.9402105263157896,0.0791509058015446,0.1325952833069503,0.8032204532623031,0.1814463744304392,0.2365075695047204,0,1.0,0.0,0.0
0.2997638782358129,0.2997638782358129,0.3177452214431354,0.4046799611640728,0.5432934158085584,0.9139649122807018,0.0494723818986675,0.7019262186406493,0.292392470715885,0.6226958680285537,0.2601414740050741,0,1.0,0.0,0.0
0.6467546138136766,0.6467546138136766,0.6044153417204096,0.7199009484135447,0.5385717173818322,0.9331929824561404,0.0548664081650986,0.3616676691951118,0.5786755803086969,0.2987502864250662,0.2606435386397133,0,1.0,0.0,0.0
0.4541425256956817,0.4541425256956817,0.4449102554021844,0.5429180322271194,0.5364962717522149,0.9237192982456142,0.0401570912738127,0.5534703527088747,0.4098941243761732,0.4838849191220287,0.2680580271843367,0,1.0,0.0,0.0
0.7030609435215817,0.7030609435215817,0.6459859371609922,0.8438750466282389,0.6350545913205309,0.9252982456140352,0.1670726229170268,0.3007075274373599,0.6297087509085078,0.1596406664346268,0.2668115257234728,0,1.0,0.0,0.0
0.6738635186893526,0.6738635186893527,0.6432957493030279,0.7069769535701931,0.7166222432013943,0.8897192982456142,0.1810234963365199,0.3323072721683148,0.6235140982360113,0.3075940059070141,0.2447132937557537,0,1.0,0.0,0.0
0.8833437050285591,0.8833437050285592,0.81679573295489,0.8588904669653021,0.4069251217927099,0.8965964912280702,0.0613249148963829,0.131665539181267,0.7977690824758783,0.1576377770011095,0.2365501921279476,0,1.0,0.0,0.0
0.8017681419180487,0.8017681419180487,0.7719077222288894,0.8526794083899262,0.4602009702798709,0.9173333333333332,0.0508577485740393,0.218660822092519,0.7459362258097048,0.1688087258971738,0.2266488927022403,0,1.0,0.0,0.0
0.8439336435782815,0.8439336435782815,0.813840372086038,0.8799696521839412,0.5818204379121812,0.9211929824561405,0.0616364459078042,0.1617986997386068,0.8044071063098541,0.1230858137023225,0.2095206900651413,0,1.0,0.0,0.0
0.8633297684755812,0.8633297684755812,0.7822078902760768,0.8659691812306763,0.5148452174052184,0.9256140350877194,0.0582855653489687,0.150604397187649,0.7636729696915223,0.1434771714121301,0.206034520336302,0,1.0,0.0,0.0
0.8226154693120735,0.8226154693120735,0.7515226566149674,0.8353054367076823,0.4488478311173912,0.9353684210526316,0.0514500460150451,0.1946585733574031,0.7264408819469061,0.1788180906034779,0.1783705921323872,0,1.0,0.0,0.0
0.8007583752863244,0.8007583752863244,0.7332659472382651,0.7848474008340576,0.5650567853125008,0.9355789473684212,0.2009007779275469,0.2130173479637767,0.7100730553886474,0.2328172037978696,0.1626363711770929,0,1.0,0.0,0.0
0.4279860658838375,0.4279860658838375,0.4697224210343499,0.6539566194704063,0.5412075079451435,0.8579298245614035,0.0416618279844846,0.57420825068156,0.4504986212566551,0.3588439417779487,0.1587251317075446,0,1.0,0.0,0.0
0.5778184507826989,0.5778184507826989,0.6280716770355578,0.6644708443850581,0.5685117841678093,0.902982456140351,0.0629742826009034,0.4284226638584839,0.6122611803567245,0.3521277652604762,0.1581589982897133,0,1.0,0.0,0.0
0.6512222552358051,0.6512222552358052,0.6162961229221309,0.6579532796322055,0.5072207875969603,0.9233333333333332,0.0526658136882996,0.3584167260419106,0.5897826396879089,0.3638460064168196,0.1626901074836069,0,1.0,0.0,0.0
0.6617804796494163,0.6617804796494163,0.6753297094622214,0.7525709151891126,0.5270816460417063,0.9001403508771931,0.0511062520531432,0.3465677491046323,0.6560709871908631,0.2638617062877502,0.1726386644613463,0,1.0,0.0,0.0
0.8702668289089285,0.8702668289089285,0.8161108891988481,0.8652420545159006,0.4636105815032629,0.9203508771929826,0.0787968729872425,0.1460298028996138,0.7947595815825649,0.1513038854572708,0.1745057885010357,0,1.0,0.0,0.0
0.4528349035167228,0.4528349035167227,0.4323494928564161,0.4537021049871438,0.541851550749219,0.9099298245614036,0.0585908963798794,0.5525906587048997,0.4066728858156305,0.562522250262989,0.1918904121613546,0,1.0,0.0,0.0
0.3381705696945936,0.3381705696945936,0.3682774303768715,0.4347340756914026,0.4981454921311693,0.8823859649122807,0.0574540571959295,0.6624092637161734,0.3342891230351821,0.5941790906486921,0.2104740730645698,0,1.0,0.0,0.0
0.7247007886922021,0.7247007886922021,0.6326168360266639,0.7040057925318797,0.4198176709590545,0.836701754385965,0.0350916447645911,0.2822733107540912,0.6098610038403735,0.3173072901043289,0.2050475103346979,0,1.0,0.0,0.0
0.5373789815179177,0.5373789815179179,0.7360343051595511,0.8529938067390772,0.4062711552521645,0.47,0.0391999074507634,0.4590115951531818,0.7364579669322393,0.1479403816633342,0.2148753903980444,0,1.0,2.464651992686798e-300,0.0
0.0,0.0,0.0,0.0,0.568856345529426,0.0,0.0,0.9972124691524384,0.0419675206876247,1.0,0.2268854842226641,1,2.3131131923534192e-21,0.999999999688729,3.112708446692128e-10
0.0,0.0,0.0,0.0,0.568856345529426,0.0,0.0,0.9939561001338516,0.0391243662558137,1.0,0.2432164828543594,1,7.666717815681115e-20,0.9999999996496136,3.503868241794171e-10
0.0,0.0,0.0,0.0,0.568856345529426,0.0,0.0,0.9971498168946712,0.0432220715118856,1.0,0.2554131107867154,1,4.591528157301592e-22,0.9999999996052829,3.947171796383186e-10
0.0,0.0,0.0,0.0,0.568856345529426,0.0,0.0,0.9952620484542252,0.041126988037502,1.0,0.2733533198182776,1,6.231390386153325e-21,0.9999999995799698,4.200304891707311e-10
0.0,0.0,0.0,0.0,0.568856345529426,0.0,0.0,0.9906460967682836,0.0357652544341245,1.0,0.2897099486285844,1,3.4665420984687285e-18,0.9999999995441584,4.5584092312101233e-10
0.0,0.0,0.0,0.0,0.568856345529426,0.0,0.0,0.9951681632574312,0.0408054778363755,1.0,0.3127060766916684,1,8.563364800022778e-21,0.9999999995073701,4.92630506538498e-10
0.0,0.0,0.0,0.0,0.568856345529426,0.0,0.0,0.9945721567737292,0.0402437467772968,1.0,0.3347236360139163,1,1.654652808338329e-20,0.9999999994696829,5.303186413709707e-10
0.0,0.0,0.0,0.0,0.568856345529426,0.0,0.0,0.9997345952870044,0.0463641418023968,1.0,0.3645590648575141,1,7.032718750663895e-24,0.999999999298101,7.018992974287429e-10
0.4000817325910388,0.4000817325910388,0.5561606192351889,0.7793380207464256,0.7090301232328057,0.615719298245614,0.0351026279988497,0.6014831545032249,0.5368448720783661,0.2335185735858259,0.3811220752913283,0,1.0,2.224715535205256e-260,0.0
0.5866972581754957,0.5866972581754957,0.604474392357011,0.7110135577845482,0.5687108743227243,0.8851578947368421,0.0719923871731172,0.4221173403761021,0.579398102647866,0.2967545272406281,0.3941345342852685,0,1.0,0.0,0.0
0.7066047950230484,0.7066047950230484,0.6862123014987371,0.8361205852963366,0.5308890529339796,0.913684210526316,0.068893823249486,0.2997774887535269,0.6679835842088317,0.170655327179078,0.3760601122184501,0,1.0,0.0,0.0
0.7863251406812408,0.7863251406812408,0.742220218543451,0.7759839283171764,0.541975943631946,0.9120350877192984,0.0646962011230647,0.2203323718175485,0.7244209238023156,0.236174682654695,0.369707850908416,0,1.0,0.0,0.0
0.8983123959565879,0.8983123959565879,0.8523214735757105,0.8623767935362793,0.5002356310450172,0.9094385964912282,0.0493758331704057,0.1150164120078627,0.8352595101462396,0.1484269360440885,0.3500017049178164,0,1.0,0.0,0.0
0.7176853553141296,0.7176853553141296,0.7500019510146316,0.8451932808949529,0.5414736025532774,0.9266666666666667,0.0526080160388453,0.2894909003763717,0.7332176140892364,0.1660090496331802,0.3494975778707826,0,1.0,0.0,0.0
0.8684358442312284,0.8684358442312284,0.8344907673978147,0.8444232304301524,0.5434686582246698,0.9259298245614036,0.0474890700850935,0.1362483426485317,0.8235094092583813,0.1657229268007594,0.3406857836793553,0,1.0,0.0,0.0
0.7826581623165622,0.7826581623165622,0.7339705541697382,0.7077904109792027,0.6851850769158813,0.866140350877193,0.1786944551682122,0.2302914545429556,0.708991384712766,0.313613969114238,0.3451184880210396,0,1.0,0.0,0.0
0.8875452033473313,0.8875452033473313,0.8469737251354142,0.8534546129260243,0.3426813135888416,0.8639649122807017,0.049702991398389,0.1179298397456451,0.8359091652990832,0.1563141708539034,0.3405911722424876,0,1.0,0.0,0.0
0.6757406561980402,0.6757406561980404,0.6084021861768565,0.697117537307423,0.5599509844346579,0.9244561403508772,0.0497169329502267,0.3243642692380536,0.5900442832390763,0.3097998878572189,0.3478976200770746,0,1.0,0.0,0.0
0.7582121437947125,0.7582121437947125,0.7109923060293404,0.7093392899364825,0.5181291279666588,0.9230175438596492,0.0468539346687547,0.2456863296546109,0.6949043468249402,0.3000470739537641,0.3521710414523429,0,1.0,0.0,0.0
0.2116009715357068,0.2116009715357068,0.243713783410391,0.2641292422033397,0.6386672929647017,0.8382807017543861,0.0552040885908347,0.784851958492015,0.2044894007632798,0.767135672410639,0.3786970591944888,0,1.0,3.042321180999176e-232,0.0
0.8141613785235772,0.8141613785235772,0.8181639063433755,0.884574573291216,0.4812184440565896,0.8829473684210527,0.0734089122323411,0.1973693867955496,0.799251554286812,0.129217373942883,0.3779937675175037,0,1.0,0.0,0.0
0.4042989573938973,0.4042989573938973,0.354151354074282,0.4603378107180201,0.4987866885922265,0.9146315789473684,0.0370271336456128,0.5987566297765146,0.3247612591311487,0.5579992939523739,0.3790970851008839,0,1.0,0.0,0.0
0.7249783600081692,0.7249783600081692,0.7165505095206166,0.7780943594487979,0.5667859002321385,0.909122807017544,0.0543397459941462,0.2824154441847974,0.6977111673643535,0.2316987958568584,0.3725348460160418,0,1.0,0.0,0.0
0.9033421745731564,0.9033421745731566,0.8787543675468099,0.8772273641241849,0.6839132231557544,0.8584561403508774,0.0598144248343153,0.113733825667817,0.8588940405879392,0.1399128561188714,0.3615376659052506,0,1.0,0.0,0.0
0.9249625929104942,0.924962592910494,0.8968100961960784,0.9109108307009988,0.4428842809245168,0.8780701754385964,0.1471643798431555,0.0879758415761428,0.881065823527161,0.1056747767468436,0.3499153507457684,0,1.0,0.0,0.0
0.9089102299007776,0.9089102299007776,0.8764884127012004,0.8865922311394815,0.6703297819178137,0.8570175438596492,0.0881035383874675,0.1032762156559345,0.8605456122286197,0.126528850613668,0.3479938069902288,0,1.0,0.0,0.0
0.572673476234276,0.5726734762342761,0.5937830304088052,0.6685829879568682,0.3779861984673443,0.7920701754385965,0.0497155450382456,0.4275477088519968,0.5757732270917858,0.3354493823691895,0.342373799057453,0,1.0,0.0,0.0
0.9139442616626124,0.9139442616626124,0.8794780664773523,0.8853502610214983,0.5763673831860825,0.908561403508772,0.0594444862605622,0.0960398323113557,0.8652365276800249,0.1288001976258323,0.316918539875538,0,1.0,0.0,0.0
0.926269526914755,0.926269526914755,0.8874567397178446,0.9017552672998016,0.4964856125822516,0.9139649122807018,0.0445185302361739,0.0779392920124001,0.8806205836949413,0.0991397628346912,0.3077348249390688,0,1.0,0.0,0.0
0.8891436301032569,0.8891436301032569,0.8639549313601235,0.8748483575585423,0.7899663485327025,0.8603859649122808,0.070405950951642,0.1201412728517014,0.8500066694981128,0.1364942347593898,0.2925044268897825,0,1.0,0.0,0.0
0.8724029795798374,0.8724029795798374,0.8384624119169878,0.8504800695284219,0.6833177989675622,0.6670175438596492,0.1303453310864271,0.1348706022959452,0.8241136871658045,0.1641785543256663,0.2537467989051631,0,1.0,0.0,0.0
0.8369426009165608,0.8369426009165608,0.8160678880482871,0.8297660180482692,0.2324339094536745,0.7370175438596492,0.1627858814735366,0.1715917396440293,0.7980136344815798,0.1874703394591187,0.216785944774468,0,1.0,0.0,0.0
0.8528569792585161,0.8528569792585161,0.8475592113323679,0.8752589920827023,0.431412980062675,0.8035438596491229,0.1290793632611371,0.1489096138627243,0.8402968964215922,0.1277948078335453,0.1786621107194744,0,1.0,0.0,0.0
0.8347123620983927,0.8347123620983927,0.8339826378107102,0.8571921199403932,0.4287054154983839,0.8488070175438598,0.0935990503147436,0.171188531244457,0.8204466758014012,0.1539230011162121,0.141624439188552,0,1.0,0.0,0.0
0.7411489875320005,0.7411489875320005,0.7191058116194238,0.7942125094464463,0.5312103050541206,0.9155789473684212,0.0494225851535747,0.260047128404635,0.7045511241639486,0.2113825993608722,0.1087879457859914,0,1.0,0.0,0.0
0.6583946262897198,0.6583946262897198,0.7345508184834217,0.7560346121657988,0.7101012713460341,0.8541052631578947,0.0586829740145273,0.3436361715017463,0.7189138351720484,0.2474585164699156,0.0795050876445957,0,1.0,0.0,0.0
0.3714930941725446,0.3714930941725446,0.3938605407768679,0.5470912998632238,0.4507634968970245,0.796,0.050279623203124,0.6316353785772744,0.3648987432272113,0.4809357938242244,0.0631930318672835,0,1.0,0.0,0.0
0.8547676229779186,0.8547676229779186,0.8431857839921818,0.8717692831524363,0.5470011237669951,0.8941052631578948,0.0595829412862181,0.1526272211914036,0.8275976624824354,0.1446186132650451,0.0251201123789746,0,1.0,0.0,0.0
0.6793459921602462,0.6793459921602462,0.8011762776796957,0.8929068543349927,0.6538321469980775,0.8471228070175439,0.0727406734343912,0.3268577052785046,0.7856547534974362,0.1213180053735628,0.0127771757719875,0,1.0,0.0,0.0
0.8652213125267211,0.8652213125267211,0.8544849117299692,0.8693861694362285,0.3956366023095689,0.8557543859649124,0.0535842320251507,0.1378302417760075,0.8447822729800843,0.137670671578719,0.0,0,1.0,0.0,0.0
0.4212485197052,0.4212485197052,0.5523072739065177,0.8386801454221217,0.5819466770714607,0.901438596491228,0.0419233509424145,0.5757681361490882,0.5308610091034288,0.1742010199394478,0.0124042949207422,0,1.0,0.0,0.0
0.3603211871514444,0.3603211871514444,0.393031794179653,0.5924050893877028,0.5976578751080072,0.8720000000000001,0.0548838363055116,0.6381086849230291,0.3642077387608153,0.428888409909404,0.0311810927853213,0,1.0,0.0,0.0
0.5265464123123343,0.5265464123123343,0.5503577508294938,0.6554270599051265,0.5646018319986806,0.8725964912280701,0.0537391739083535,0.4772668612437428,0.5220020559002483,0.3628781824281579,0.0474623017679324,0,1.0,0.0,0.0
0.0994479564105182,0.0994479564105182,0.1109764723679048,0.1637266448091093,0.7349450763496898,0.7471929824561403,0.0519338654082009,0.8925326278689978,0.0703428525456343,0.8722407447232814,0.0745657833819718,0,1.0,1.7861525034669237e-164,0.0
0.5983196488666446,0.5983196488666446,0.6808652396077963,0.8268798991863655,0.4928838347410166,0.8037894736842106,0.0525324492740622,0.4042261077545597,0.6632695836971413,0.187014072600058,0.0866099423487517,0,1.0,0.0,0.0
0.3835945221429404,0.3835945221429404,0.4066488383021382,0.4195244112923125,0.395251807504745,0.8234736842105264,0.0482336296346121,0.5991525348283356,0.3874372498562946,0.5919870300325153,0.1031882636354354,0,1.0,0.0,0.0
0.3475835473133586,0.3475835473133586,0.3946907030814378,0.486882888547718,0.5521397729818351,0.8509473684210527,0.0493429266898024,0.6433250751501417,0.3770821554639627,0.5141316873711747,0.1268019531260417,0,1.0,0.0,0.0
0.6526603824132646,0.6526603824132646,0.7223997160504791,0.8110461894984509,0.4250775590008444,0.8272280701754386,0.0541503176198149,0.3476134096823451,0.7093924162987266,0.1981028040496478,0.1278468769212726,0,1.0,0.0,0.0
0.1004447831016062,0.1004447831016062,0.1204830047022996,0.1950181391096728,0.6828168425963079,0.7856842105263159,0.0493263053632746,0.8874618034570482,0.0915386544198639,0.8397395890924795,0.156691232065434,0,1.0,2.2979776161278754e-188,0.0
0.6373306705259504,0.6373306705259504,0.7156435257648943,0.7764409494830145,0.5270242576121983,0.8175789473684211,0.0710783342756807,0.3583675622013604,0.7041804546338399,0.2241483407217106,0.1375230527064363,0,1.0,0.0,0.0
0.7598167754044739,0.7598167754044739,0.8055989429070776,0.8678899586450205,0.4150415843022183,0.8488070175438598,0.048361807388159,0.2327557299782651,0.8017508006054921,0.1282674273884177,0.1391134784732045,0,1.0,0.0,0.0
0.7841513547514283,0.7841513547514283,0.8240937381098109,0.9004716619496178,0.607344749681825,0.874,0.0696746894238384,0.217605901180056,0.8131138723621901,0.1031884120159115,0.1219828036065666,0,1.0,0.0,0.0
0.8504759850552374,0.8504759850552374,0.8603163028888591,0.8977688347482333,0.9435832504560304,0.7274035087719298,0.2005045746803525,0.1542518677445141,0.8468360705321182,0.1135453085164284,0.116222540295963,0,1.0,0.0,0.0
0.8481987360080969,0.8481987360080969,0.8601100022300529,0.8929435770929879,0.1288381012399593,0.7827719298245615,0.048868039878947,0.1587684738293779,0.844063571420771,0.1195583043107114,0.1182466054688934,0,1.0,0.0,0.0
0.711202614278657,0.711202614278657,0.7395175355547271,0.7491878311088147,0.664801799134958,0.8737894736842106,0.0734940647144745,0.2892635790344152,0.7218125158885236,0.266547091320485,0.1272934064490108,0,1.0,0.0,0.0
0.3883472709580586,0.3883472709580586,0.4655980720170199,0.7117618645110623,0.422488771561433,0.8259298245614035,0.0425049725068323,0.6054304859081481,0.4418348022434851,0.2997560117584864,0.1498625395797836,0,1.0,0.0,0.0
0.3688580958163232,0.3688580958163232,0.5104139076334164,0.689036034045218,0.5935316777976629,0.8509122807017545,0.0499484645229599,0.6231118054440449,0.4899653688751327,0.3318918617838767,0.1586520936930412,0,1.0,7.806374854062e-280,0.0
0.3186405102068548,0.3186405102068548,0.3217960336683096,0.3960314295267725,0.5925263802148082,0.8609122807017544,0.0586101062342888,0.6700708293679556,0.2927364514611379,0.6205216503055742,0.1844516990359445,0,1.0,0.0,0.0
0.0564333825513621,0.0564333825513621,0.0688610223885967,0.0838144605201359,0.8443535016481096,0.5059298245614036,0.0836430486133076,0.9272209979207432,0.0325900513008812,0.9401906368065914,0.2226223430425126,0,1.0,1.9004602489320628e-70,0.0
0.4574330950635615,0.4574330950635615,0.5103969880832989,0.6408237236747756,0.0,0.7718947368421053,0.049476699313446,0.5337107801028964,0.4895237763236583,0.3751556472927206,0.2412100676142708,0,1.0,0.0,0.0
0.6569261066100162,0.6569261066100163,0.7112042645826187,0.8307185548499489,0.4407849875560961,0.8932280701754385,0.0542063623700544,0.3405994353360673,0.6967108678902896,0.1770395104174593,0.2504564719501115,0,1.0,0.0,0.0
0.6818675432252399,0.6818675432252399,0.7489105187532923,0.8719332470455897,0.5461406050371348,0.9017894736842104,0.0406886183403943,0.3174110774873054,0.7304883558881523,0.1382938109383715,0.2570102667573789,0,1.0,0.0,0.0
0.1735372054261153,0.1735372054261153,0.1986024858561575,0.2726864501398364,0.555332062069356,0.8640350877192982,0.0461429491422802,0.8147859625495912,0.1588921031299905,0.7628729529209095,0.2869378265779869,0,1.0,6.6397916660876435e-230,0.0
0.4663129516407343,0.4663129516407343,0.5971972590875564,0.8818140043848262,0.5425054403615749,0.8670526315789474,0.059281481040971,0.5256032527608115,0.5792998826675394,0.1248479178318189,0.3028668617515619,0,1.0,0.0,0.0
0.2815137334342671,0.2815137334342671,0.4348249172949497,0.6421045103922184,0.689365816312715,0.7518947368421053,0.0688686535377461,0.6994623413801838,0.4332662298275256,0.3527885345713236,0.3226162117597795,0,1.0,2.8697139603880473e-262,0.0
0.1875037109256521,0.1875037109256521,0.2110929603617536,0.2511913957933759,0.3956641426014775,0.7976842105263158,0.0508351962049626,0.8000711335774464,0.1742157013517681,0.7806411092650373,0.3431305079330486,0,1.0,4.6482432699532075e-203,0.0
0.162695543289274,0.162695543289274,0.2018497074213474,0.223570566645041,0.5556788543484736,0.8555438596491228,0.0429814873528489,0.8161713457738138,0.174712360378774,0.7897483667004893,0.3514244069553208,0,1.0,2.6028179119865637e-234,0.0
0.3130414644547107,0.3130414644547107,0.4269945721665952,0.6408424071832292,0.6237370699098771,0.8414385964912281,0.0519842000292172,0.6675475895168456,0.4135204439193868,0.3629717836010164,0.3745673075198157,0,1.0,0.0,0.0
0.1293832511793763,0.1293832511793763,0.1455609130682771,0.1655708359452663,0.8951440311109908,0.6367719298245614,0.1021634133233432,0.8526071475096766,0.1159722894199219,0.8453743066690127,0.3981969167018409,0,1.0,1.407031296620614e-121,0.0
0.1189285914170648,0.1189285914170648,0.1361540299797731,0.1622852765578019,0.3628927337939999,0.590701754385965,0.048508316145276,0.8552088212882685,0.1187314340636341,0.8422792505848667,0.4304392247440387,0,1.0,1.6979753962019105e-110,0.0
0.1432305445143942,0.1432305445143942,0.211324743257715,0.3255595710781866,0.6336824232010497,0.6887017543859649,0.0666705803543383,0.8365158600342383,0.1865156595740592,0.6926273722899977,0.4421584322516324,0,1.0,1.1984954990467855e-154,0.0
0.3493696088492858,0.3493696088492858,0.5088284412978192,0.7191780093816983,0.4450905814047949,0.772701754385965,0.0483011282605432,0.6387146307892512,0.4946662322742127,0.289534007727917,0.4421856662586597,0,1.0,1.9458157224232025e-275,0.0
0.2571038158801907,0.2571038158801907,0.3334795163402386,0.476997138201912,0.7617612432087795,0.6393684210526316,0.09079802782606,0.721622875711222,0.3154700603181056,0.5261565539100591,0.4531681546064171,0,1.0,1.9933823782818631e-174,0.0
0.4090177712993087,0.4090177712993087,0.467606784509112,0.5279784733769669,0.1752053367239177,0.7234035087719298,0.0480391778833526,0.5739223422449725,0.4521743708357555,0.4811580256773543,0.4388483362177962,0,1.0,0.0,0.0
0.2884917797475895,0.2884917797475895,0.3399015014822126,0.3581044710924247,0.5233237809035924,0.8578245614035088,0.0433782957104572,0.6906925932283858,0.3183721503473665,0.6576411496829404,0.451723463705841,0,1.0,5.022132814117281e-291,0.0
0.39399850517174,0.39399850517174,0.4974141916409612,0.5775012063748131,0.567563259588945,0.8566315789473684,0.0470253874218224,0.5915532838654679,0.4769807848577069,0.4392643631725112,0.4513819182549003,0,1.0,4.394353326931517e-309,0.0
0.1119738640726135,0.1119738640726135,0.1516841122615368,0.1983954248597609,0.6505810847736342,0.7842456140350877,0.0482284813936303,0.8704764081786199,0.1154210991418291,0.8352226922599745,0.4615911487238105,0,1.0,1.8105320277717631e-180,0.0
0.0836801141530651,0.0836801141530651,0.1139055124067166,0.1711038120155575,0.8327981952031274,0.487578947368421,0.1589142169591981,0.8923648665759141,0.0849483866956614,0.8504187827202258,0.4860747962443987,0,1.0,3.849321423516405e-63,0.0
0.5913020832751629,0.5913020832751629,0.6741780618420365,0.7586196205186155,0.5417569290759017,0.5896491228070176,0.1626042859173407,0.3903720018078597,0.6700172945671448,0.2390172242984461,0.4637332837332432,0,1.0,0.0,0.0
0.4583003418434483,0.4583003418434483,0.6043240079157703,0.7617191501451838,0.5022059158393296,0.628421052631579,0.061703368238103,0.5214280004707951,0.5967226554311122,0.2403024109859088,0.4710619732569162,0,1.0,1.2820641013926191e-272,0.0
0.2642020445715409,0.2642020445715409,0.3547724965382577,0.447706953679717,0.3159446135497006,0.7058245614035087,0.0562599486335216,0.7143771492688731,0.335086366146933,0.5605814507423865,0.4927082651925439,0,1.0,3.8117560783438126e-171,0.0
0.2640675120588232,0.2640675120588232,0.3333989240864074,0.435069895649384,0.4548351521208794,0.7963157894736842,0.0509317689455424,0.7092561841520673,0.3155391699448394,0.575169407439836,0.5148053006008144,0,1.0,1.008814293625262e-219,0.0
0.3252475062607821,0.3252475062607821,0.4567683197422317,0.543161964757749,0.8868327094970004,0.6092982456140351,0.1861701380978664,0.6518487336531003,0.4454684486144087,0.4606566598201637,0.5371696029226998,0,1.0,4.76266891770326e-156,0.0
0.2064643678991864,0.2064643678991864,0.2379762343833656,0.260783283542857,0.1519275588777592,0.6983859649122808,0.0380741523528078,0.7703974009705976,0.209409302522897,0.76617057222647,0.5646590329664765,0,1.0,1.4736809658898042e-173,0.0
0.2325011642844145,0.2325011642844146,0.3063724367014048,0.4330751895248655,0.5543044553114915,0.8296491228070175,0.0452373197660022,0.7462526297534139,0.2931753917268448,0.5715552790915926,0.5851982324435662,0,1.0,5.650802306319778e-237,0.0
0.706393299759659,0.7063932997596589,0.8264225725041547,0.8708748101852181,0.6138988006587515,0.8277543859649124,0.0604899825867952,0.2732357675368795,0.8338706391564105,0.1179834716089298,0.570267866879822,0,1.0,0.0,0.0
0.0678934655477126,0.0678934655477126,0.1002777679334274,0.1318061927455158,0.7481121052968444,0.5227017543859649,0.0519111065331893,0.8996127044527872,0.0774704092183042,0.8829741825227411,0.5826950948657004,0,1.0,7.277620536602062e-77,0.0
0.1578801254504117,0.1578801254504117,0.2190352063451366,0.3231851548572934,0.2354816504727699,0.6126666666666667,0.0458455469787771,0.8072853260058457,0.2117698320526315,0.674791017210561,0.5888621483501547,0,1.0,1.7508434508438835e-132,0.0
0.1367178058310125,0.1367178058310125,0.2092516886830767,0.2881368257749951,0.4368452641775577,0.7082456140350878,0.0440072551586035,0.8383830693585198,0.1988721992041089,0.7182133459048096,0.5848693613610569,0,1.0,7.487696727623967e-159,0.0
0.0993556620300952,0.0993556620300952,0.1276809184855977,0.1975228566955573,0.9756596130696686,0.598842105263158,0.1632117495384028,0.8645287988502623,0.1121620822650615,0.8056239131520464,0.5997378516826025,0,1.0,1.128565152078723e-105,0.0
0.5381022756888084,0.5381022756888084,0.7092595766242649,0.8149123066981667,0.1614613463540961,0.6998947368421053,0.0470586444822687,0.4358973799367344,0.7156209579068821,0.1785559194866484,0.6040209816412528,0,1.0,0.0,0.0
0.4444580123914993,0.4444580123914993,0.5999791978758399,0.7925864804844313,0.5041041958480934,0.7807719298245615,0.0548689246560263,0.5292687239486736,0.5993456891582956,0.1996972214978618,0.6135428431706935,0,1.0,0.0,0.0
0.0522438878043744,0.0522438878043744,0.0660221929726753,0.0865419306249118,0.8248318195917022,0.5512631578947369,0.0471490172423379,0.9167564501520874,0.0352606672367919,0.9391883557042144,0.618125868042621,0,1.0,1.0508103199113789e-85,0.0
0.108461646044158,0.108461646044158,0.1710947434132673,0.2518877591450942,0.5820040655009687,0.5362456140350877,0.0572949179595382,0.8660914604631835,0.1446017015338979,0.7756334341810432,0.633428981337333,0,1.0,6.287276654864609e-86,0.0
0.0224829155836517,0.0224829155836517,0.0261665503744383,0.0279972374177845,0.5651979485405799,0.4064912280701754,0.0426273200695659,0.9494401082678976,0.0031344164079095,0.9941166908536724,0.6446641372144074,0,1.0,3.829102762964272e-49,1.2238409541261831e-64
0.1619190791617847,0.1619190791617847,0.260581929543615,0.4251815682679292,0.2868842206128161,0.6533333333333334,0.047881805953567,0.8070042627901496,0.245140149006847,0.5806999592322457,0.6449757440760512,0,1.0,2.130782392853433e-190,0.0
0.6391703307174685,0.6391703307174685,0.7304600576601806,0.7688247622201421,0.791433138325501,0.6678947368421053,0.210849979340522,0.3392720631237228,0.73164245634217,0.2274902415879874,0.6235416867798861,0,1.0,0.0,0.0
0.2466864980564198,0.2466864980564198,0.3616756124069142,0.5096819229324604,0.5445361907129828,0.5228771929824563,0.0873636324251796,0.7161283404794628,0.3622416338806771,0.4796047070835205,0.625725130197618,0,1.0,4.068831430305363e-133,0.0
0.0313666868595173,0.0313666868595173,0.036101759989996,0.0433334181607567,0.5525812638624599,0.3948771929824562,0.0526570443897617,0.9350023568529456,0.0049645988689563,0.9814884078655636,0.6294283516161516,0,1.0,2.6211554757963947e-43,3.9687521794585e-123
0.0190500858396402,0.0190500858396402,0.0236495897859854,0.0259459975737209,0.5685328624917841,0.3745614035087719,0.0550006946523477,0.9498849588483658,0.0049428839059871,0.997593573009608,0.6336835346933123,0,1.0,3.286062311258823e-40,5.05886245793828e-43
0.0197268097621033,0.0197268097621033,0.0240462113609109,0.0260208926722635,0.5685330932763532,0.3422105263157895,0.0588598967736382,0.9428359197004064,0.0044474473234299,0.9894015730967698,0.6384620494311682,0,1.0,1.6957869741297563e-32,1.2489826126542786e-47
0.016711250797789,0.016711250797789,0.0236320259632946,0.0330194772354334,0.5610408260979807,0.3171578947368421,0.0576348219259222,0.9472719432776564,0.0005108764834105,0.9931967308207662,0.652330040756875,0,1.0,2.4758861922621987e-26,1.1982273130757307e-24
0.0208405133363574,0.0208405133363574,0.0260528275994361,0.0311466165776837,0.561057827227902,0.2973333333333333,0.0704523091327955,0.94091461203489,0.0034026360892843,0.986126282079848,0.6621860246342627,0,1.0,3.6476211614949604e-22,2.410530990768179e-49
0.0187734734556296,0.0187734734556296,0.0238868448797127,0.0260603535306354,0.568856345529426,0.2717543859649123,0.147369771606501,0.942389548105068,0.0022585613054166,0.9881338789580856,0.6787466433843603,0,1.0,9.721910964374306e-18,3.665252410541473e-42
0.0209161674269474,0.0209161674269474,0.0329858196318843,0.0424249325621983,0.5434064233192114,0.2545263157894737,0.0575180884431398,0.937882036177237,0.0140910558660438,0.970928661946784,0.6898564791000502,0,0.9999999999999893,9.413253567326688e-15,3.223658973400151e-42
0.078426171089729,0.078426171089729,0.0964888717927265,0.1179538208096917,0.4257831443566711,0.3418947368421053,0.0707584901997638,0.8803515340112386,0.081000656789377,0.8930620243787706,0.7028364068664723,0,1.0,1.4983697074874504e-29,0.0
0.041246495117801,0.041246495117801,0.0608632533370599,0.0828330931321355,0.5932501206234014,0.4027017543859649,0.069934910914132,0.919890400934,0.0381630510857108,0.9350221585689727,0.7050573000204009,0,1.0,1.246780209957195e-43,1.0439814823602622e-182
0.0215011272019517,0.0215011272019517,0.029126340952316,0.0404102544114018,0.5571285660831613,0.3870526315789474,0.0728265510885285,0.9446953519075232,0.0050523905574697,0.9841612495812336,0.7074092738264862,0,1.0,2.1753409066907496e-42,2.690787071083438e-44
0.0384181309529438,0.0384181309529438,0.0607816775056331,0.0977042800052313,0.5539040440841607,0.3886315789473684,0.0768361855796992,0.923200119516578,0.0395041523550056,0.9197452421710642,0.7313570313918002,0,1.0,5.5025876297196045e-42,6.4709435096443945e-142
0.0849923279238628,0.0849923279238627,0.1096151337273105,0.1257406561519317,0.5731366300037172,0.3949824561403509,0.313791934445834,0.8782741835142486,0.0853176592166803,0.8920775664318769,0.7473953476810767,0,1.0,7.798924225298852e-39,0.0
0.0177319830984745,0.0177319830984745,0.0215377195123102,0.0230312091902245,0.5580993998370354,0.3810526315789474,0.0511420928390076,0.9368405958618634,0.0039918735347008,0.9843112463366002,0.7573938828729929,0,1.0,2.703857150726251e-43,8.017446769718159e-37
0.0185732597446693,0.0185732597446693,0.0246666381033102,0.0293069352539121,0.5617077935025836,0.3616140350877193,0.0732049804179306,0.9378003217061146,0.0068997840008175,0.9836294267540772,0.7676657124127961,0,1.0,4.38527129219241e-37,4.835732460131838e-36
0.018455536745071,0.018455536745071,0.0265798794433461,0.0352205878089463,0.5643180439069181,0.3349824561403509,0.0784113119993909,0.9416525023568838,0.0073528699945561,0.9829346148215022,0.7806908328292576,0,1.0,3.032468203083101e-30,6.0422106714656745e-31
0.1424845067338063,0.1424845067338063,0.3158849112127856,0.5050333532838843,0.3660493282015051,0.5588771929824561,0.0435206503365583,0.8135385700433372,0.3150719770903571,0.4868660195160493,0.7826297963030338,0,1.0,5.778235483882682e-239,0.0
0.0721379804258973,0.0721379804258973,0.125226207754225,0.1695470408866033,0.6778827454378507,0.5068421052631579,0.0555255078748132,0.8867484676848819,0.1100558367461492,0.8427863371223115,0.7889443284268016,0,1.0,1.8658884569141082e-77,0.0
0.2096891658164042,0.2096891658164042,0.393600761948547,0.6374077018575918,0.2763653676675126,0.6285263157894736,0.0498321728668288,0.7539090289073848,0.3888314231581839,0.3573446354376922,0.810548005764495,0,1.0,7.413854938232645e-303,0.0
0.1474107883883899,0.1474107883883899,0.249862765100209,0.3901371852714682,0.6801642816876445,0.4228070175438597,0.1675399026255362,0.8177018484142333,0.2350782947388843,0.6186241948042867,0.8068665534214507,0,1.0,3.0505903288697155e-93,0.0
0.2869745576060492,0.2869745576060492,0.3802690616610196,0.4477792717426109,0.3386688161428574,0.6720350877192982,0.0433209446901179,0.6752191668873305,0.3741590702237581,0.5507529969855527,0.8009308900132346,0,1.0,3.0332109947686817e-180,0.0
0.0685697607711834,0.0685697607711834,0.1102016459993148,0.178945006703514,0.7288909816775515,0.5527368421052632,0.040666085181172,0.8901853506700728,0.0927557378554903,0.8313301930663711,0.8032591238900687,0,1.0,9.812440064788674e-95,0.0
0.1453185003933257,0.1453185003933256,0.2840839490173891,0.5112072864394451,0.2307037175393811,0.6561052631578947,0.0444212563359082,0.8158604350850784,0.2766923850562464,0.4887257858530006,0.8010717427481706,0,1.0,8.955934494635339e-300,0.0
0.2210278141824073,0.2210278141824073,0.3493594330551824,0.4470716338599291,0.5791261049965167,0.7147719298245614,0.0594850718804657,0.7365535858299302,0.3481312634038681,0.5466056098914802,0.8145846218360822,0,1.0,3.092690173102659e-181,0.0
0.2109470137860458,0.2109470137860458,0.3176355045915203,0.5186220622598928,0.6899747029341027,0.6833684210526316,0.0550479364868041,0.7464617614779501,0.3154453152358425,0.4704466645106833,0.8243462804925208,0,1.0,1.6826313851309245e-244,0.0
0.4054351338205903,0.4054351338205904,0.6353954044141159,0.7673693813374944,0.3852284490292277,0.6850175438596492,0.0562775784774059,0.5570958656500415,0.644872381379056,0.2161636558848631,0.8081814719976308,0,1.0,4.2684448503931864e-277,0.0
0.5602384978847597,0.5602384978847597,0.6900320496645515,0.7497542152249979,0.3960037036307645,0.6857894736842105,0.0539785575090766,0.4065366134088956,0.699221051068918,0.2371169463040975,0.7875269537778598,0,1.0,0.0,0.0
0.0213700806889346,0.0213700806889346,0.0291972491289399,0.0460445401956356,0.802519105885191,0.5002105263157895,0.0404850755255356,0.938361058109778,0.0124370004552587,0.9616383174789244,0.7870290100725209,0,1.0,6.678295778109133e-76,7.504440743731536e-41
0.0168356299133205,0.0168356299133205,0.0266080156571193,0.0324944062219948,0.5486039225991636,0.3921403508771929,0.2588295010210061,0.9380019923769876,0.0102060522484488,0.9768038194173478,0.7929166533208586,0,1.0,2.8087484398528606e-45,4.34247124236164e-26
0.0408429539874099,0.0408429539874099,0.0574582851512797,0.0902436007372899,0.5317329551748671,0.400140350877193,0.1154683169686104,0.9145471734462908,0.0404780960937871,0.9216422289016508,0.8187721748624137,0,1.0,6.057796576852171e-44,6.885795904907171e-168
0.1008412394170718,0.1008412394170718,0.1696198287452064,0.2971307607215958,0.5686254840321695,0.5180701754385966,0.0619325466036711,0.8561066038996789,0.158413909317101,0.7059681275300264,0.8250634447961704,0,1.0,2.653234145962443e-118,0.0
0.2997819287196996,0.2997819287196996,0.4645228888835086,0.6137307036402562,0.5833014594200723,0.5902456140350877,0.0756519076602853,0.6625294056439608,0.4638320517651081,0.3776023145469462,0.812817251395721,0,1.0,4.193083163597312e-165,0.0
0.0346678947313379,0.0346678947313379,0.0552041468326027,0.0879633268499411,0.5571119495941884,0.3976842105263158,0.1062756620543054,0.9192609275614108,0.0393090517041371,0.9226606899948449,0.8114408659300172,0,1.0,1.8472013967425958e-44,3.4924381198410284e-111
0.0081241392246006,0.0081241392246006,0.0110538136591671,0.0125028911118684,0.568856345529426,0.3732280701754386,0.0536830235039148,0.9513113605982868,0.0027518867262413,0.9993286660778874,0.8118217914051111,0,0.9999904077404073,8.044419962289481e-42,9.592259593399694e-06
0.2517486998546699,0.2517486998546699,0.3994637744065081,0.4625471355926634,0.4711564676298486,0.5833333333333333,0.0592751850111883,0.7077474638261461,0.3979993960439287,0.5343971184674897,0.8010564545652888,0,1.0,3.64326217880115e-155,0.0
0.0345023830756497,0.0345023830756497,0.0683112243725009,0.1216863348174911,0.5450507633738119,0.4018245614035088,0.0845951514298656,0.9230786390435708,0.0542663158404454,0.8869405945197735,0.8002548235271704,0,1.0,1.0319239628630068e-52,1.0876202447932716e-122
0.0257752110290532,0.0257752110290532,0.0388829982068443,0.0574121665718532,0.5481370454159414,0.4001754385964912,0.038498896641191,0.9324712245377852,0.0197223881832303,0.9554724629607864,0.7998090482380114,0,1.0,3.505071951813792e-46,5.026073981159292e-59
0.0183687251991287,0.0183687251991287,0.0261564477746163,0.0368038540856645,0.568856345529426,0.3817894736842105,0.259602015711154,0.9376933834125544,0.0128342341575921,0.97220156190746,0.7998005693110882,0,1.0,5.003279410258343e-41,3.918765735094955e-29
0.01489601516728,0.01489601516728,0.0205302534440352,0.024300882441432,0.5669126778887459,0.3512280701754386,0.0661862134803318,0.9396430794455852,0.0028712176123519,0.986939697934128,0.8024654053220713,0,1.0,2.6741635887122e-35,1.7999480687833807e-21
0.0117118759650169,0.0117118759650169,0.0163240413859192,0.0191356976776399,0.569179059285171,0.3199298245614035,0.0441655635687915,0.9448687058953872,0.0,0.9931917717201956,0.8035880457603801,0,0.9999999999990656,1.609549818815729e-28,9.339381029829212e-13
0.0342989541222471,0.0342989541222471,0.0673252085164535,0.1046948113319988,0.4545900589085306,0.3641754385964912,0.0498034973566592,0.9190329278233614,0.05564320776653,0.9025739740273496,0.8024346578476916,0,1.0,1.4594189334852176e-40,3.245595593679663e-110
0.0294950660299674,0.0294950660299674,0.0528303445576371,0.0933368488394642,0.5254249205485657,0.4086666666666667,0.0562823761385446,0.9304204227232288,0.0334309021868846,0.9221371471385912,0.8027591716355235,0,1.0,1.0322970080888422e-50,2.6466546043364256e-79
0.0105053929035853,0.0105053929035853,0.0151758727081192,0.0206321500659398,0.5659317665420226,0.3900350877192982,0.0513315356207297,0.9490201530644966,0.0055652355054528,0.9941856198843886,0.8059388223919398,0,0.9999997911767609,2.6546474758691696e-45,2.0882323883711594e-07
0.0223339426838246,0.0223339426838246,0.0395163486454119,0.05847430792097,0.5338291714157003,0.3856140350877193,0.0532586682150833,0.9379010299644732,0.0216622737955504,0.9571963005978203,0.805986483200293,0,1.0,1.6290554904339035e-43,3.6591450406201024e-40
0.1054443610023221,0.1054443610023221,0.2121567100649329,0.3910559790126217,0.4967667081873749,0.5468771929824561,0.0519949047205868,0.8542383160494289,0.2087519676558171,0.6013806570218099,0.8022308205642013,0,1.0,1.4113397495100804e-196,0.0
0.0260875972158166,0.0260875972158166,0.0522581601300811,0.0854279264333633,0.6740424132803903,0.4198947368421053,0.3533669046990143,0.9282273037049616,0.0411372222069181,0.9222442933174856,0.8016274301050698,0,1.0,2.3943190315954846e-51,9.105255167849491e-63
0.2519629703799569,0.2519629703799569,0.3742360021006691,0.5209878615178354,0.3708476471051615,0.6380701754385966,0.0510411930787221,0.7091862520069323,0.3698630463207236,0.475348910596876,0.7969373547680912,0,1.0,2.8266524770252173e-166,0.0
0.0163498575472734,0.0163498575472734,0.0238283139298419,0.0327616126058275,0.7151159892472854,0.4360701754385965,0.0543168478476902,0.9398837086901412,0.0033060870594248,0.983007451919534,0.7993254980125588,0,1.0,2.749851260883941e-56,1.6249030081493257e-22
0.0394516114078742,0.0394516114078742,0.0579973294594234,0.0740061017761574,0.542871387759925,0.3992631578947368,0.0617179965422358,0.9143681368321764,0.0427978050877736,0.938830308643021,0.8065372717309837,0,1.0,4.708652806103686e-44,1.3510362888626784e-171
0.0570519500710529,0.0570519500710529,0.1045939051377268,0.1848676788833189,0.5542082950743803,0.4296140350877193,0.0468964844962715,0.894457965507075,0.0977669654896104,0.8126503961356676,0.8099870462881121,0,1.0,3.4911055631112757e-69,0.0
0.1107463070712443,0.1107463070712443,0.1661798802944776,0.2543030052745477,0.527367818907349,0.5974736842105264,0.0596027466461143,0.8445102190475618,0.1559909803833319,0.7456575956591872,0.81759576838886,0,1.0,1.0447705676802097e-116,0.0
0.1975301229577527,0.1975301229577527,0.2773264334278801,0.3818644176447054,0.3168344419198322,0.6340701754385966,0.0470591439384834,0.7607182436322817,0.2744045632313216,0.6089041455055966,0.8117769183901845,0,1.0,1.7591714003623769e-143,0.0
0.5080076177103361,0.5080076177103361,0.6414258766976165,0.6837635801725455,0.4084829176339105,0.7683859649122807,0.042196956898768,0.4605264197405811,0.6459823677669518,0.3048171464400735,0.7958065659043357,0,1.0,0.0,0.0
0.4399042814427838,0.4399042814427838,0.5787746797079782,0.7087346529473879,0.7108898622185352,0.7989122807017545,0.0567355990360898,0.5293292074243122,0.5756917922834268,0.2889437810058819,0.786492944849537,0,1.0,1.56715085e-315,0.0
0.0176741877053799,0.0176741877053799,0.0242414210321918,0.028227318381802,0.6869343470212175,0.4180350877192982,0.0598975602817357,0.938539721964464,0.0038747547390115,0.987201311460545,0.7951258158983686,0,1.0,1.3580252744248853e-51,1.263009373208004e-32
0.0120359272769921,0.0120359272769921,0.0168242532752734,0.0202410849062377,0.569503003891951,0.3690877192982456,0.056810138073662,0.94618845608977,0.0004489245586913,0.9947372939171124,0.812613434731961,0,0.9999999999993321,4.013358163190595e-40,6.676289612142832e-13
0.0098694969193634,0.0098694969193634,0.0138420962775293,0.016179757256127,0.568856345529426,0.3371578947368421,0.0518883860778866,0.9519134407146328,0.0045334757050925,0.9978787089563432,0.8371251892884234,0,0.999999976022288,1.953780241807403e-32,2.3977710477959677e-08
0.0202906617525126,0.0202906617525126,0.0265893346857984,0.0323515418082157,0.5652789539243224,0.306561403508772,0.0659261408664098,0.9403119023982508,0.0110119267534888,0.9747505445351484,0.8372128692447082,0,1.0,4.2131387444735585e-25,1.981392065461352e-43
0.2759078623429034,0.2759078623429034,0.4010705785766936,0.6036238114228394,0.3236620495392924,0.5916842105263158,0.0643589529190528,0.6829115334160746,0.4016423167232991,0.3843641443962383,0.8257479253624483,0,1.0,2.2062689023015066e-219,0.0
0.0052947258753675,0.0052947258753675,0.0072198424560359,0.0077061419134876,0.7229092764319106,0.436421052631579,0.0590485999759656,0.9528211151361186,0.0048969802257506,0.9965377632276397,0.827468133148401,0,0.9917050521210266,4.054817854000151e-60,0.008294947878973141
0.0984386748855483,0.0984386748855483,0.2063991066658148,0.3412418799217354,0.4886524765953676,0.4655087719298246,0.0638889165964358,0.8599507083133927,0.1996789296942616,0.6566805891729255,0.8276409049626048,0,1.0,3.3505077229315964e-124,0.0
0.0741348490505157,0.0741348490505157,0.1230507643399505,0.1894752575586066,0.5495218297585317,0.4499649122807018,0.063539964788625,0.8813859570652054,0.1119119597357189,0.8153273334269329,0.8374773296196867,0,1.0,1.5295758398780208e-63,0.0
0.0122079935146416,0.0122079935146416,0.0186511198845482,0.0238157554805495,0.568856345529426,0.3871929824561403,0.0579317342381379,0.9424968598097336,0.0088202183595045,0.9862870605613306,0.8385216597775615,0,0.9999999999603055,6.229429797036423e-45,3.969606010575839e-11
0.2016639658066074,0.2016639658066074,0.356503193824555,0.5659975608357585,0.5338162474798326,0.426280701754386,0.1429739518072105,0.7592648604861849,0.3553933927480809,0.4271767899171587,0.8298902027033201,0,1.0,2.0941694326112717e-182,0.0
0.2040971710345284,0.2040971710345284,0.3539382915853205,0.6101362221043944,0.5518414454622216,0.5451929824561405,0.0845650303781516,0.7546233630492087,0.3508428446299638,0.3824885286751749,0.8319970222065352,0,1.0,2.8012928627720783e-292,0.0
0.0298251529724922,0.0298251529724922,0.0440993918599312,0.0549678482589869,0.5662592498455282,0.3890526315789473,0.1149976323134071,0.9282459560132807,0.0252808823229697,0.9556798964630596,0.8322292653069666,0,1.0,4.587662485656584e-43,4.5837253732988834e-95
0.0377764136876683,0.0377764136876683,0.0679241479411575,0.1265721528104828,0.5327020195803783,0.3915438596491228,0.0682321398143533,0.914839717261374,0.0567923503177446,0.8779641882573856,0.8314368239028187,0,1.0,6.957654543553942e-51,4.459300564064063e-149
0.0849422152679724,0.0849422152679724,0.1264259970960111,0.1840696031558378,0.4907473850569761,0.4167017543859649,0.0685914409312273,0.8745866172067733,0.1174552339125816,0.8094569870240866,0.8286005142419739,0,1.0,1.761191139870624e-53,0.0
0.3880348396450855,0.3880348396450855,0.5584419769811382,0.7434706775219999,0.4452655161081475,0.666421052631579,0.0733395934727047,0.5736248939063617,0.5653478396017879,0.2406070181872223,0.8121499657809012,0,1.0,1.2556438155002169e-248,0.0
0.6110967064489178,0.6110967064489178,0.7398108593527211,0.7752948128782203,0.4913562716783639,0.7073684210526316,0.0615812752059403,0.357672246610511,0.7511612260292014,0.211991912452068,0.7857586437338686,0,1.0,0.0,0.0
0.2665160940427051,0.2665160940427052,0.4067686930225346,0.5414756170550797,0.8198558734980541,0.5846666666666667,0.0883856879265695,0.6969924556548065,0.4077031838699021,0.4458559305688813,0.7757791189669581,0,1.0,1.8051300867049494e-145,0.0
0.4545867255410274,0.4545867255410275,0.5978809222693128,0.739975170261524,0.2875907291069192,0.6944561403508771,0.0622067240531932,0.5138805506866008,0.6016407321902346,0.2507594418425231,0.757057892477043,0,1.0,5.01595277801696e-303,0.0
0.1038854309614512,0.1038854309614512,0.2121872660479856,0.3585064081212701,0.8265939367047165,0.5215789473684211,0.1361551258367686,0.8587269782107119,0.1989661909055397,0.6479322423236417,0.7529996999955737,0,1.0,2.431664747859201e-142,0.0
0.4959032678178611,0.4959032678178611,0.6880251818971027,0.764325821703923,0.3728851671372621,0.6444561403508772,0.0615020297540378,0.4709642298403798,0.6977869347066243,0.2200817302210112,0.7320134026962105,0,1.0,0.0,0.0
0.0162409454401223,0.0162409454401223,0.0218452422936386,0.0241537498123595,0.7112829652678455,0.4344912280701755,0.0540532886451929,0.9446540961712796,0.0008630586856328,0.994578938239988,0.7360771056249296,0,1.0,1.0324466832926427e-56,3.8735267760610555e-29
0.4030640448203442,0.4030640448203442,0.5894358266202482,0.7051646532501896,0.5634394470524811,0.5204912280701756,0.2592172759445784,0.5631377609567464,0.5947025189024425,0.2843190718466447,0.7196682946617192,0,1.0,3.9912697357766754e-194,0.0
0.5839246248796386,0.5839246248796385,0.7117700615586444,0.7495497435527401,0.1943539939885235,0.7183157894736842,0.0542622534414586,0.3864782467506359,0.7188654593320196,0.24159504372587,0.7051643058191323,0,1.0,0.0,0.0
0.4718682813772153,0.4718682813772153,0.6206256993716438,0.7117813533431562,0.5048128583315076,0.7969122807017543,0.0481722061251379,0.4965968273051764,0.6235938378987999,0.2827184123464689,0.6852409451433833,0,1.0,0.0,0.0
0.0455249336241401,0.0455249336241401,0.0631863408532209,0.0823788905990383,0.9495431850239892,0.5356491228070175,0.0564627710788399,0.9157850990360836,0.0401282233823498,0.9359684191054024,0.6853046299719623,0,1.0,6.837373053206077e-81,4.20713445472945e-241
0.3395517250322858,0.3395517250322858,0.4748414739241703,0.6046754835646331,0.2234455428422319,0.6851228070175439,0.0554536582168584,0.622521203320377,0.4766658519771526,0.3838498486588596,0.673082535383659,0,1.0,4.353670070894929e-209,0.0
0.1233404794070885,0.1233404794070885,0.2237215626374737,0.348123450959978,0.8491414352461579,0.5927368421052632,0.0654248693205231,0.8333555456462516,0.2182784655989279,0.6505905373443046,0.6725811928203508,0,1.0,2.0289639838596927e-138,0.0
0.1054166309464513,0.1054166309464512,0.1510823094741903,0.2154710241332946,0.348097596640269,0.595719298245614,0.0425276737522807,0.8510365399951645,0.139059610827061,0.7885579851864215,0.676640514378514,0,1.0,2.35012583755368e-109,0.0
0.0962886817498089,0.0962886817498089,0.1445131689870682,0.1996420658548575,0.7347992974302293,0.4502807017543859,0.1453954067826183,0.861436058187181,0.1342361188652368,0.8002519686926108,0.6946592459507194,0,1.0,1.8168819001525524e-56,0.0
0.0940022720820961,0.0940022720820961,0.1113107188287643,0.1232303818329294,0.556003952878099,0.4084912280701754,0.1837509883049878,0.8686869185434751,0.0915632705954468,0.8832918067462489,0.7099115495054733,0,1.0,1.1127104105205588e-47,0.0
0.0703675889662942,0.0703675889662942,0.1182010957862578,0.1664714293721503,0.5299769153888382,0.4694736842105264,0.0524073835169296,0.8890539352218391,0.1064385525280011,0.8340737599447052,0.7076874295980307,0,1.0,6.604214609975859e-68,0.0
0.0,0.0,0.0,0.0,0.568856345529426,0.0449122807017543,0.0027354832679022,0.95936773127057,0.0112172941104946,1.0,0.7082797671200698,1,5.1099817016927034e-09,0.9999999932356616,1.6543553779388412e-09
0.0,0.0,0.0,0.0,0.568856345529426,0.0,0.0,0.9622556921102736,0.014289795745543,1.0,0.7087445956846121,1,3.3042254011228085e-10,0.999999999216616,4.5296124039231677e-10
0.0,0.0,0.0,0.0,0.568856345529426,0.0,0.0,0.9625056058016402,0.0152855350888981,1.0,0.7097420832625319,1,1.7388990140857725e-10,0.9999999994218953,4.0421539014564734e-10
0.0,0.0,0.0,0.0,0.568856345529426,0.0,0.0,0.959786705699601,0.0125044891843177,1.0,0.722186132818725,1,9.4347631681828e-10,0.9999999985893879,4.671348292365458e-10
0.0,0.0,0.0,0.0,0.568856345529426,0.0,0.0,0.9580805499537244,0.0102751167281062,1.0,0.7224225161208756,1,3.3093216715814867e-09,0.9999999960880039,6.02676137228211e-10
0.0,0.0,0.0,0.0,0.568856345529426,0.0,0.0,0.9575399484242888,0.0093238155951349,1.0,0.7268086274867862,1,5.54884903198156e-09,0.9999999938063233,6.448267526063996e-10
0.0,0.0,0.0,0.0,0.568856345529426,0.0,0.0,0.962153326636484,0.0153826380621402,1.0,0.7304386862644621,1,1.65521814506306e-10,0.9999999995168274,3.176502946450697e-10
0.0,0.0,0.0,0.0,0.568856345529426,0.0,0.0,0.9622886884881344,0.0146812033847849,1.0,0.7313282224942743,1,2.6261336461356927e-10,0.9999999993975806,3.3980576971010397e-10
0.0,0.0,0.0,0.0,0.568856345529426,0.0,0.0,0.9649695671284804,0.0175874657691046,1.0,0.7405735424783199,1,4.056122870941842e-11,0.9999999997210658,2.3837163843462587e-10
0.0,0.0,0.0,0.0,0.568856345529426,0.0,0.0,0.9680815062054772,0.0229430303292227,1.0,0.7501673377243937,1,8.470660026675506e-13,0.9999999998543849,1.4476971255061024e-10
0.0,0.0,0.0,0.0,0.568856345529426,0.0,0.0,0.9698478625990342,0.023482555402346,1.0,0.7520371196297756,1,5.600640062292985e-13,0.9999999998557918,1.4364849530961816e-10
0.0,0.0,0.0,0.0,0.7094790761478301,0.1044912280701754,0.01066614679678,0.9704495249902166,0.0246112359084958,1.0,0.7545364813366442,1,6.735100681613145e-10,0.999999850619496,1.487069947251688e-07
0.1126764565947967,0.1126764565947967,0.1366264570941943,0.200607407302417,0.2367225791006417,0.6577543859649124,0.038743015471026,0.8533976835841537,0.1167775744771158,0.814331032851811,0.7535841527552546,0,1.0,1.4320474238608016e-137,0.0
0.3445751521348369,0.3445751521348369,0.481342189636284,0.6378201886261243,0.5922432075485633,0.8194035087719299,0.0523350776249326,0.6227420495964591,0.4867971520092836,0.3467625217548464,0.755791704679921,0,1.0,3.764743453780146e-276,0.0
0.1881211164454427,0.1881211164454427,0.3177643943225381,0.505022642479469,0.6266260311454546,0.7610877192982456,0.0451665218475763,0.7822527232899633,0.3080537278580977,0.5034381000157029,0.7748743130944481,0,1.0,3.4547929314764143e-252,0.0
0.022954890611078,0.022954890611078,0.0282144090652602,0.0354972164793698,0.8897781360238096,0.5045964912280702,0.0515411631569726,0.943078878039712,0.0090278208148924,0.987247394087638,0.7859345739694397,0,1.0,1.9473812581735398e-75,1.2102737259793993e-58
0.1329728832206007,0.1329728832206007,0.1946833585746669,0.2721735395133655,0.566997221969214,0.3977543859649122,0.1747807979121347,0.8381481103583456,0.1873947087842774,0.7303753106031486,0.8005086563934458,0,1.0,2.6353305325752783e-50,0.0
0.0405295524609279,0.0405295524609279,0.0542836386289989,0.0785756691756256,0.5514277256580745,0.4048421052631579,0.0585693765404772,0.9276176654350312,0.0372917052497845,0.9358591363189984,0.8036049221897222,0,1.0,1.9308011114065215e-45,1.106871770135693e-174
0.0503885913811895,0.0503885913811895,0.0683347575524563,0.0837910256022049,0.5791604918973077,0.4177543859649123,0.0492867426681184,0.9179663138647042,0.0465277916552846,0.9325739073632218,0.8236952612383394,0,1.0,2.3532736363698632e-48,1.5861961134811948e-307
0.2353128204701241,0.2353128204701242,0.3431228286837615,0.4115831148758739,0.6042300811377003,0.4487368421052631,0.1449595928156316,0.7388534163580495,0.3309960871585251,0.5984586414737909,0.814445627776544,0,1.0,1.209864626000069e-78,0.0
0.7277545357114892,0.7277545357114892,0.8084289899316253,0.8989934098755873,0.5490053338929604,0.6102105263157894,0.1171321929156736,0.2523373353726148,0.8141663699766548,0.0928200034938714,0.8004768205839137,0,1.0,0.0,0.0
0.7672151949244115,0.7672151949244115,0.8426137356014277,0.8796927013840614,0.2142795490407978,0.7196842105263158,0.069236541459541,0.2168863431928163,0.8459415702077233,0.1159683447929102,0.7928545768312614,0,1.0,0.0,0.0
0.8183869516752333,0.8183869516752333,0.9026306849516929,0.9375388568656418,0.4796044137087265,0.8300000000000001,0.0499204229379857,0.1660600946471508,0.909848938509804,0.051558110664002,0.7779987288062654,0,1.0,0.0,0.0
0.0580999273208547,0.0580999273208547,0.0733989264264352,0.085142358670533,0.9377113986652652,0.5615438596491228,0.0653379543342476,0.9116196310293844,0.0429761000176854,0.9402694791040204,0.7778115134273184,0,1.0,8.934547388180618e-90,0.0
0.459799671442836,0.459799671442836,0.6270792226524946,0.7354276687297985,0.1769094499819064,0.6593333333333333,0.0697399452992672,0.5220083119578662,0.6247459053611827,0.2648118600882098,0.7732939996653024,0,1.0,9.750204599172198e-278,0.0
0.3462444834477796,0.3462444834477796,0.4451084050267948,0.5480196769556962,0.5465261691238557,0.732561403508772,0.0573651203724775,0.634264438443659,0.4271238641210502,0.4660586500142998,0.764345925398501,0,1.0,1.3365564385996934e-222,0.0
0.5358414074557953,0.5358414074557952,0.6003956676179408,0.6299399357416162,0.7752673716160828,0.6583859649122806,0.1992748606527966,0.4472399925160593,0.5910362832030465,0.3766088562025989,0.7461974427952861,0,1.0,0.0,0.0
0.2225407154893673,0.2225407154893673,0.2599134695565547,0.3206580492742101,0.2183572046634484,0.7091228070175439,0.0511356047106808,0.7574731271260194,0.22989790451428,0.7019716451261513,0.7415248683081545,0,1.0,4.142796868471083e-177,0.0
0.2275230777410762,0.2275230777410762,0.2882233703438904,0.3452730884677011,0.6859234336805154,0.7667368421052632,0.0483343036791083,0.7587058536341349,0.2558617926366362,0.6770037974917088,0.7365818110788365,0,1.0,6.897329981635861e-185,0.0
0.0813807871078209,0.0813807871078209,0.1208022915583258,0.1972861720776899,0.637356590468782,0.451719298245614,0.068197192286719,0.8990170003473629,0.090582997542271,0.8299752483642161,0.7370295972603531,0,1.0,2.6665823306334923e-63,0.0
0.1454844858742159,0.1454844858742159,0.2071944629331678,0.3008970983222854,0.4327308368802357,0.538140350877193,0.0628573906368221,0.8353040021890153,0.1929158605768679,0.7134189220142059,0.7314536000335738,0,1.0,4.192479197691638e-94,0.0
0.1919456642528995,0.1919456642528995,0.2794779987245466,0.4784556598467566,0.5346148390169931,0.6432280701754386,0.0500647609815546,0.7887011244834914,0.2615680391373789,0.5341230010994351,0.7236532558480007,0,1.0,6.541068467291008e-231,0.0
0.162080518177046,0.162080518177046,0.1951201860964966,0.2320403164342073,0.6758797661629203,0.4866315789473684,0.1973187019684304,0.812283092176545,0.1687642355058086,0.7865498553899134,0.7169015619760333,0,1.0,2.6537791913265636e-72,0.0
0.8527146737561747,0.8527146737561747,0.9269334488307056,0.9510997821760618,0.2595608661991074,0.7371578947368422,0.0844503427448637,0.1379221380536139,0.9311178041551244,0.0336989683940829,0.6799631708450549,0,1.0,0.0,0.0
0.8789714942584289,0.8789714942584289,0.9117664932639818,0.9542575367018196,0.5703323667049872,0.8394035087719299,0.0700913271536608,0.1147431650099706,0.9109015663645442,0.0474915248354446,0.6420596920886288,0,1.0,0.0,0.0
0.5801811463079377,0.5801811463079377,0.6126749597125425,0.677537784174553,0.5122776621461612,0.7893333333333334,0.0570957549914849,0.4109699703225429,0.5978913888237243,0.3317870989339132,0.6174943118223887,0,1.0,0.0,0.0
0.8841405097950782,0.8841405097950782,0.9161695516196188,0.9291415056717334,0.4805907100287281,0.832140350877193,0.0636114542618097,0.1086447992565778,0.9176617983549196,0.0703588010912015,0.579133694928676,0,1.0,0.0,0.0
0.8594254826555551,0.8594254826555551,0.900902132771398,0.9181245977408418,0.5581395563520529,0.8374385964912282,0.0770200334913246,0.1291659148129633,0.9057847246606008,0.0766637472778793,0.5416893079997156,0,1.0,0.0,0.0
0.847957231815246,0.8479572318152461,0.8895102942077349,0.9045399153830346,0.4658031118375867,0.8358245614035088,0.058036648857995,0.146243366681619,0.8873253042898457,0.0949637363180204,0.5048919695916279,0,1.0,0.0,0.0
0.8075763814968867,0.8075763814968867,0.8553513569341423,0.8796662062362974,0.5546609405425099,0.8857894736842106,0.0681396155505903,0.1867795755670304,0.8512711371536719,0.1196289258503786,0.469776650789196,0,1.0,0.0,0.0
0.7920626223632432,0.7920626223632432,0.8259424894906222,0.8653163053555311,0.5815895764149248,0.8449122807017545,0.0485446275725735,0.2018130245706337,0.819536874746654,0.1354374627638778,0.435257616429838,0,1.0,0.0,0.0
0.6602660214882212,0.6602660214882212,0.7286665381873622,0.7751709541023509,0.4917037563111887,0.8329824561403509,0.051377269481615,0.3350401989730395,0.7129262816589785,0.2363829155343736,0.4066993853822088,0,1.0,0.0,0.0
0.3536581443450491,0.3536581443450491,0.4350989552572807,0.5023376934628981,0.540786249178407,0.8470877192982457,0.0365168334681537,0.6356442798039326,0.4151257667494405,0.5062130695965552,0.396912541277256,0,1.0,1.184268934007442e-293,0.0
0.0545565947707996,0.0545565947707996,0.063992150866087,0.0750321646261913,0.9197628211598065,0.522140350877193,0.0657240820128043,0.925593080599152,0.0313498850796008,0.94947954042135,0.4105240659468732,0,1.0,8.348856936269992e-76,0.0
0.2746066480857241,0.2746066480857241,0.394439656719455,0.5877767333624968,0.2108220884834191,0.7193333333333335,0.0375220083099813,0.7064003145104237,0.3779957801903584,0.4207601924184313,0.407114908216968,0,1.0,1.5685082319034853e-238,0.0
0.0804480509160829,0.0804480509160829,0.0916498173436465,0.1075380064438776,0.5460125965294925,0.7536140350877193,0.0324919751673635,0.8935754230215244,0.0645221285194439,0.9073220981760096,0.4048899942155844,0,1.0,3.505488859653432e-179,0.0
0.2788093986568161,0.2788093986568161,0.3094560124339248,0.401677634100882,0.4720008314398742,0.8766666666666668,0.0269927557381864,0.7015041924067179,0.2862034106861647,0.6120618589619264,0.3987485851736744,0,1.0,1.1145387878272961e-298,0.0
0.9586670543459344,0.9586670543459342,0.9774346469872016,0.9966273851270252,0.9363653861302782,0.7798245614035088,0.2099796480717213,0.0419638064632188,0.975001378973438,0.0038634551478738,0.3589432085493193,0,1.0,0.0,0.0
0.68755601784349,0.68755601784349,0.8335224226311472,0.9473501147747252,0.1869603487493323,0.7213684210526317,0.0495011150384004,0.3014605047410427,0.8385585822297066,0.0451323400628262,0.3312345888954064,0,1.0,0.0,0.0
1.0,1.0,1.0,1.0,0.595995918497968,0.8943508771929826,0.0593890610281274,0.0,1.0,0.0,0.2980271024599414,0,1.0,0.0,0.0
0.9697003562138898,0.96970035621389,0.968263471414468,0.9831918487073912,0.5567757734052479,0.87,0.071198813680073,0.0342545908173061,0.9623432605189612,0.0206773374438041,0.2882254562588229,0,1.0,0.0,0.0
0.7831632599819205,0.7831632599819205,0.7955219644898853,0.9104329516528784,0.5910095870987118,0.847298245614035,0.0550606582128867,0.2194612942911294,0.780685204618679,0.0966987997797292,0.2883411864588546,0,1.0,0.0,0.0
0.8030695479616192,0.8030695479616192,0.8250955380994576,0.8749642436303733,0.7467845555273828,0.7260701754385965,0.1592205180877564,0.1995252885219395,0.8138923883013589,0.1326681332347189,0.2898452668989708,0,1.0,0.0,0.0
0.6508805708573833,0.6508805708573833,0.7747360052078552,0.9032501090408208,0.2908104046299692,0.6796140350877192,0.0540982204946565,0.3404871780522026,0.7804409070422724,0.0892670225827128,0.2641759355198457,0,1.0,0.0,0.0
0.6351996868060542,0.6351996868060542,0.7787820880453697,0.844104080671524,0.792191342563075,0.6514035087719299,0.1277644631342027,0.3591926756228822,0.7723565070066895,0.1610332262846917,0.2568582485262248,0,1.0,0.0,0.0
0.2505337330658116,0.2505337330658116,0.4249200853299403,0.7313094046983226,0.2704020482592073,0.6384561403508772,0.0465408332517354,0.7432011128943877,0.4111406576040309,0.2734715648652056,0.2617543660226812,0,1.0,0.0,0.0
0.6764867503863904,0.6764867503863904,0.7200880187837233,0.8907774980978256,0.6055637082341473,0.7715438596491229,0.066359678465649,0.3359386065430019,0.7061894122459162,0.1206941998660727,0.2567519674641589,0,1.0,0.0,0.0
0.1058589693356461,0.1058589693356461,0.1175655862369139,0.1694789105066387,0.7434417949008303,0.5518947368421053,0.0556582911909548,0.8852520295214545,0.0802927757307567,0.8714089382542487,0.2624949417457839,0,1.0,2.9882526345022712e-86,0.0
0.8961521027634807,0.8961521027634806,0.8817661259742349,0.8959069264919909,0.5180983566907832,0.6354385964912281,0.1374026425968984,0.1123960891793383,0.8747403813664469,0.1088469382096117,0.2334467946288184,0,1.0,0.0,0.0
0.9619340452692372,0.9619340452692372,0.9569233100129708,0.9653945989198356,0.2091245141215539,0.7397894736842106,0.1000190028682281,0.0481288850757741,0.950284278528546,0.0419751496559097,0.1952039511629817,0,1.0,0.0,0.0
0.393469152168659,0.393469152168659,0.4219940324221041,0.4711041019320681,0.5112700567176157,0.8282105263157895,0.0596660239065389,0.6085844672959166,0.3892599057940483,0.5618763533194248,0.1850141276974174,0,1.0,0.0,0.0
0.2639277900319881,0.2639277900319881,0.3103114426805496,0.440370535849465,0.5379722159995864,0.8336491228070176,0.061787377733899,0.733239916127747,0.2841391355039004,0.587910965166947,0.1825214447329859,0,1.0,4.971028137228094e-262,0.0
0.2111318394594927,0.2111318394594927,0.2830244176988635,0.4068288867656979,0.5348146215256153,0.7221403508771931,0.0655261244631152,0.7784390280951407,0.2692154139636478,0.5964026131805285,0.181000336115198,0,1.0,6.963470529751647e-182,0.0
0.5046884383254959,0.5046884383254959,0.6180423348055225,0.8761315602469057,1.0,0.6109824561403508,0.2659768635264852,0.4899872448044883,0.6075726909456418,0.1299791460692315,0.196823768744715,0,1.0,0.0,0.0
